name,latin_name,hindi_name,preview,rasa,guna,virya,vipaka,prabhava,therapeutic_uses,category,contraindications,pacify_dosha,aggravate_dosha,tridosha,source_url
Tulsi,Ocimum tenuiflorum,तुलसी,"Tulsi (Ocimum sanctum) is known as the 'Queen of Herbs' in Ayurveda. It boosts immunity, combats respiratory disorders, and has adaptogenic properties.","Katu, Tikta","Laghu, Ruksha",Ushna,Katu,"rasayan, Krimighna, Kasahara, Shoolaghna","Analgesic; Anti-parasitic; Rejuvenation; Respiratory; Tulsi (Ocimum sanctum) is known as the 'Queen of Herbs' in Ayurveda. It boosts immunity, combats respiratory disorders, and has adaptogenic properties.","Analgesic, Anti-parasitic, Rejuvenation, Respiratory","Use with caution in Pitta aggravation, high acidity, inflammatory conditions; May aggravate Pitta dosha; avoid in burning sensation, ulcers, bleeding disorders; Consult an Ayurvedic practitioner before use during pregnancy or lactation","Kapha, Vata",Pitta,False,https://www.amidhaayurveda.com/p/tulsi.html
Amla,Phyllanthus emblica,आंवला,"Amla (Emblica officinalis) is a potent source of Vitamin C. It rejuvenates tissues, improves digestion, eyesight, and balances all three doshas.",Amla,"Laghu, Snigdha",Sheeta,Madhura,"rasayan, Chakshushya, Hridaya, Deepana","Amla (Emblica officinalis) is a potent source of Vitamin C. It rejuvenates tissues, improves digestion, eyesight, and balances all three doshas.; Cardiac; Digestive; Ophthalmological; Rejuvenation","Cardiac, Digestive, Ophthalmological, Rejuvenation","Use with caution in Kapha aggravation, cold conditions, low digestive fire; Consult an Ayurvedic practitioner before use during pregnancy or lactation",tridosha,,True,https://www.amidhaayurveda.com/p/amla.html
Ashwagandha,Withania somnifera,अश्वगंधा,"Ashwagandha (Withania somnifera) is a powerful adaptogen. It reduces stress, increases strength, and supports reproductive and nervous systems.","Tikta, Kashaya","Guru, Snigdha",Ushna,Madhura,"Balya, Medhya, Vrishya, rasayan","Ashwagandha (Withania somnifera) is a powerful adaptogen. It reduces stress, increases strength, and supports reproductive and nervous systems.; Neurological; Rejuvenation; Reproductive; Strengthening","Neurological, Rejuvenation, Reproductive, Strengthening","Use with caution in Pitta aggravation, high acidity, inflammatory conditions; May aggravate Pitta dosha; avoid in burning sensation, ulcers, bleeding disorders; Consult an Ayurvedic practitioner before use during pregnancy or lactation","Vata, Kapha",Pitta,False,https://www.amidhaayurveda.com/p/ashwagandha.html
Giloy,Tinospora cordifolia,गिलोय,"Giloy (Tinospora cordifolia) is a powerful immunity booster. It acts as an antipyretic, detoxifier, and rejuvenator with anti-inflammatory effects.",Tikta,"Laghu, Sara",Ushna,Madhura,"Jwaraghna, Raktashodhak, Shothahara, rasayan","Anti-inflammatory; Anti-pyretic; Blood Purification; Giloy (Tinospora cordifolia) is a powerful immunity booster. It acts as an antipyretic, detoxifier, and rejuvenator with anti-inflammatory effects.; Rejuvenation","Anti-inflammatory, Anti-pyretic, Blood Purification, Rejuvenation","Use with caution in Pitta aggravation, high acidity, inflammatory conditions; Consult an Ayurvedic practitioner before use during pregnancy or lactation",tridosha,,True,https://www.amidhaayurveda.com/p/giloy.html
Shatavari,Asparagus racemosus,शतावरी,"Shatavari (Asparagus racemosus) supports female reproductive health, boosts vitality, and is a top Ayurvedic rejuvenator for Pitta and Vata.",Madhura,"Guru, Snigdha",Sheeta,Madhura,"Stanyashodhana, Shukrala, rasayan, Varnya","Dermatological; Rejuvenation; Reproductive; Shatavari (Asparagus racemosus) supports female reproductive health, boosts vitality, and is a top Ayurvedic rejuvenator for Pitta and Vata.","Dermatological, Rejuvenation, Reproductive","Use with caution in Kapha aggravation, cold conditions, low digestive fire; May aggravate Kapha dosha; avoid in congestion, obesity, lethargy conditions; Consult an Ayurvedic practitioner before use during pregnancy or lactation","Vata, Pitta",Kapha,False,https://www.amidhaayurveda.com/p/shatavari.html
Nagarmotha,Cyperus rotundus,नागरमोथा,"Used to treat indigestion, fever, and obesity through its deepana and pachana actions.","Tikta, Katu","Laghu, Ruksha",Ushna,Katu,"Deepana, Pachana, Grahi","Digestive; Used to treat indigestion, fever, and obesity through its deepana and pachana actions.",Digestive,"Use with caution in Pitta aggravation, high acidity, inflammatory conditions; May aggravate Vata dosha; avoid in dry skin, constipation, anxiety conditions; Consult an Ayurvedic practitioner before use during pregnancy or lactation","Kapha, Pitta",Vata,False,https://www.amidhaayurveda.com/p/nagarmotha.html
Agnimantha,Premna integrifolia,अग्निमंथ,"Part of Dashamoola, used in vata disorders and for promoting digestion.",Tikta,Laghu,Ushna,Katu,"Shoolaghna, Virechana","Analgesic; Part of Dashamoola, used in vata disorders and for promoting digestion.; Purgative","Analgesic, Purgative","Use with caution in Pitta aggravation, high acidity, inflammatory conditions; May aggravate Pitta dosha; avoid in burning sensation, ulcers, bleeding disorders; Consult an Ayurvedic practitioner before use during pregnancy or lactation",Vata,Pitta,False,https://www.amidhaayurveda.com/p/agnimantha.html
Rohitaka,Tecomella undulata,रोहितक,"Used for treating liver disorders, ascites, and splenomegaly.","Tikta, Kashaya","Laghu, Ruksha",Sheeta,Katu,"Raktashodhak, Deepana, Pachana","Blood Purification; Digestive; Used for treating liver disorders, ascites, and splenomegaly.","Blood Purification, Digestive","Use with caution in Kapha aggravation, cold conditions, low digestive fire; May aggravate Vata dosha; avoid in dry skin, constipation, anxiety conditions; Consult an Ayurvedic practitioner before use during pregnancy or lactation","Pitta, Kapha",Vata,False,https://www.amidhaayurveda.com/p/rohitaka.html
Chopchini,Smilax china,चोपचीनी,"Used in treating joint disorders and skin diseases, known for its anti-inflammatory action.","Tikta, Katu","Laghu, Ruksha",Ushna,Katu,"Shothahara, Shoolaghna, Vrishya","Analgesic; Anti-inflammatory; Reproductive; Used in treating joint disorders and skin diseases, known for its anti-inflammatory action.","Analgesic, Anti-inflammatory, Reproductive","Use with caution in Pitta aggravation, high acidity, inflammatory conditions; May aggravate Pitta dosha; avoid in burning sensation, ulcers, bleeding disorders; Consult an Ayurvedic practitioner before use during pregnancy or lactation","Vata, Kapha",Pitta,False,https://www.amidhaayurveda.com/2025/10/chopchini-ayurvedic-uses-benefits.html
Bhringraj,Eclipta prostrata,भृंगराज,"Promotes hair growth, supports liver function, and has rejuvenating qualities.","Tikta, Katu","Laghu, Ruksha",Ushna,Katu,"rasayan, Chakshushya, Vrishya","Ophthalmological; Promotes hair growth, supports liver function, and has rejuvenating qualities.; Rejuvenation; Reproductive","Ophthalmological, Rejuvenation, Reproductive","Use with caution in Pitta aggravation, high acidity, inflammatory conditions; May aggravate Kapha dosha; avoid in congestion, obesity, lethargy conditions; Consult an Ayurvedic practitioner before use during pregnancy or lactation","Vata, Pitta",Kapha,False,https://www.amidhaayurveda.com/2025/10/bhringraj-ayurvedic-uses-benefits.html
Jatamansi,Nardostachys jatamansi,जटामांसी,"Calms the mind, supports mental clarity, and acts as a nervine tonic.",Tikta,"Laghu, Snigdha",Sheeta,Madhura,"Medhya, rasayan, Shoolaghna","Analgesic; Calms the mind, supports mental clarity, and acts as a nervine tonic.; Neurological; Rejuvenation","Analgesic, Neurological, Rejuvenation","Use with caution in Kapha aggravation, cold conditions, low digestive fire; May aggravate Kapha dosha; avoid in congestion, obesity, lethargy conditions; Consult an Ayurvedic practitioner before use during pregnancy or lactation","Vata, Pitta",Kapha,False,https://www.amidhaayurveda.com/2025/10/jatamansi-ayurvedic-uses-benefits.html
Chandana,Santalum album,चंदन,"Cooling herb used in Pitta disorders, urinary tract infections, and skin diseases.","Madhura, Tikta",Snigdha,Sheeta,Madhura,"Mutrala, Chakshushya, Varnya","Cooling herb used in Pitta disorders, urinary tract infections, and skin diseases.; Dermatological; Ophthalmological; Urinary","Dermatological, Ophthalmological, Urinary","Use with caution in Kapha aggravation, cold conditions, low digestive fire; May aggravate Vata dosha; avoid in dry skin, constipation, anxiety conditions; Consult an Ayurvedic practitioner before use during pregnancy or lactation",Pitta,Vata,False,https://www.amidhaayurveda.com/2025/10/chandana-sandalwood-ayurvedic-uses.html
Kutaj,Holarrhena pubescens,कुटज,"Treats diarrhea, dysentery and balances kapha and pitta dosha.","Tikta, Kashaya","Laghu, Ruksha",Sheeta,Katu,"Grahi, Krimighna, Shoolaghna","Analgesic; Anti-parasitic; Digestive; Treats diarrhea, dysentery and balances kapha and pitta dosha.","Analgesic, Anti-parasitic, Digestive","Use with caution in Kapha aggravation, cold conditions, low digestive fire; May aggravate Vata dosha; avoid in dry skin, constipation, anxiety conditions; Consult an Ayurvedic practitioner before use during pregnancy or lactation","Pitta, Kapha",Vata,False,https://www.amidhaayurveda.com/2025/10/kutaj-ayurvedic-uses-benefits-healing.html
Rasona (Garlic),Allium sativum,लहसुन,"Used for respiratory, digestive, and circulatory disorders. Known for lekhana and deepana properties.","Katu, Tikta","Laghu, Ruksha",Ushna,Katu,"Lekhana, Deepana, rasayan","Digestive; Metabolic; Rejuvenation; Used for respiratory, digestive, and circulatory disorders. Known for lekhana and deepana properties.","Digestive, Metabolic, Rejuvenation","Use with caution in Pitta aggravation, high acidity, inflammatory conditions; May aggravate Pitta dosha; avoid in burning sensation, ulcers, bleeding disorders; Consult an Ayurvedic practitioner before use during pregnancy or lactation","Vata, Kapha",Pitta,False,https://www.amidhaayurveda.com/2025/10/rasona-garlic-ayurvedic-uses-benefits.html
Kanchanar,Bauhinia variegata,कांचनार,"Kanchanar is used to reduce glandular swellings, support thyroid, and treat goiter.","Tikta, Kashaya","Laghu, Ruksha",Ushna,Katu,"Lekhana, Shothahara, Granthihara","Anti-inflammatory; Anti-tumour; Kanchanar is used to reduce glandular swellings, support thyroid, and treat goiter.; Metabolic","Anti-inflammatory, Anti-tumour, Metabolic","Use with caution in Pitta aggravation, high acidity, inflammatory conditions; May aggravate Vata dosha; avoid in dry skin, constipation, anxiety conditions; Consult an Ayurvedic practitioner before use during pregnancy or lactation","Kapha, Pitta",Vata,False,https://www.amidhaayurveda.com/2025/10/kanchanar-ayurvedic-uses-benefits.html
Karpura (Camphor),Cinnamomum camphora,कपूर,"Camphor has stimulant, antispasmodic, and antiseptic actions, used in respiratory and skin conditions.","Tikta, Katu","Laghu, Ruksha",Sheeta,Katu,"Kasahara, Shwasahara, Krimighna","Anti-parasitic; Camphor has stimulant, antispasmodic, and antiseptic actions, used in respiratory and skin conditions.; Respiratory","Anti-parasitic, Respiratory","Use with caution in Kapha aggravation, cold conditions, low digestive fire; May aggravate Pitta dosha; avoid in burning sensation, ulcers, bleeding disorders; Consult an Ayurvedic practitioner before use during pregnancy or lactation",Kapha,Pitta,False,https://www.amidhaayurveda.com/2025/10/karpura-ayurvedic-uses-benefits-healing.html
Pushkarmool,Inula racemosa,पुष्करमूल,"Effective for asthma, cough, and dyspnea. Acts as a bronchodilator and expectorant.","Tikta, Katu","Laghu, Ruksha",Ushna,Katu,"Kasahara, Shwasahara, Hrudya","Cardiac; Effective for asthma, cough, and dyspnea. Acts as a bronchodilator and expectorant.; Respiratory","Cardiac, Respiratory","Use with caution in Pitta aggravation, high acidity, inflammatory conditions; May aggravate Pitta dosha; avoid in burning sensation, ulcers, bleeding disorders; Consult an Ayurvedic practitioner before use during pregnancy or lactation","Vata, Kapha",Pitta,False,https://www.amidhaayurveda.com/2025/10/pushkarmool-ayurvedic-uses-respiratory.html
Bakuchi,Psoralea corylifolia,बाकुची,"Widely used in leucoderma, vitiligo, and other skin disorders. Supports melanin production.","Tikta, Katu","Laghu, Ruksha",Ushna,Katu,"Kushtaghna, Varnya, rasayan","Dermatological; Rejuvenation; Widely used in leucoderma, vitiligo, and other skin disorders. Supports melanin production.","Dermatological, Rejuvenation","Use with caution in Pitta aggravation, high acidity, inflammatory conditions; May aggravate Pitta dosha; avoid in burning sensation, ulcers, bleeding disorders; May aggravate Vata dosha; avoid in dry skin, constipation, anxiety conditions; Consult an Ayurvedic practitioner before use during pregnancy or lactation",Kapha,"Pitta, Vata",False,https://www.amidhaayurveda.com/2025/10/bakuchi-ayurvedic-uses-benefits-healing.html
Vidarikand,Pueraria tuberosa,विदारीकंद,"Acts as a nutritive tonic, improves fertility, and strengthens the body.",Madhura,"Guru, Snigdha",Sheeta,Madhura,"Balya, rasayan, Vrishya","Acts as a nutritive tonic, improves fertility, and strengthens the body.; Rejuvenation; Reproductive; Strengthening","Rejuvenation, Reproductive, Strengthening","Use with caution in Kapha aggravation, cold conditions, low digestive fire; May aggravate Kapha dosha; avoid in congestion, obesity, lethargy conditions; Consult an Ayurvedic practitioner before use during pregnancy or lactation","Vata, Pitta",Kapha,False,https://www.amidhaayurveda.com/2025/10/vidarikand-ayurvedic-uses-rejuvenating.html
Ajmoda,Apium graveolens,अजमोदा,"Improves digestion, relieves bloating and abdominal discomfort, and acts as carminative.","Katu, Tikta","Laghu, Ruksha",Ushna,Katu,"Deepana, Pachana, Vatanulomana","Digestive; Improves digestion, relieves bloating and abdominal discomfort, and acts as carminative.",Digestive,"Use with caution in Pitta aggravation, high acidity, inflammatory conditions; May aggravate Pitta dosha; avoid in burning sensation, ulcers, bleeding disorders; Consult an Ayurvedic practitioner before use during pregnancy or lactation","Kapha, Vata",Pitta,False,https://www.amidhaayurveda.com/2025/10/ajmoda-ayurvedic-uses-benefits-healing.html
Patola,Trichosanthes dioica,पटोला,"Used in fever, liver disorders, and skin diseases. Strong pitta pacifier.",Tikta,"Laghu, Ruksha",Sheeta,Katu,"Raktashodhak, Jwaraghna, Kushtaghna","Anti-pyretic; Blood Purification; Dermatological; Used in fever, liver disorders, and skin diseases. Strong pitta pacifier.","Anti-pyretic, Blood Purification, Dermatological","Use with caution in Kapha aggravation, cold conditions, low digestive fire; May aggravate Vata dosha; avoid in dry skin, constipation, anxiety conditions; Consult an Ayurvedic practitioner before use during pregnancy or lactation",Pitta,Vata,False,https://www.amidhaayurveda.com/2025/10/patola-ayurvedic-uses-benefits-healing.html
Vrikshamla,Garcinia indica,वृक्षाम्ल,Helps in weight management and digestion. Rich in hydroxycitric acid.,Amla,Laghu,Ushna,Katu,"Lekhana, Deepana, Medohara",Digestive; Helps in weight management and digestion. Rich in hydroxycitric acid.; Metabolic,"Digestive, Metabolic","Use with caution in Pitta aggravation, high acidity, inflammatory conditions; May aggravate Pitta dosha; avoid in burning sensation, ulcers, bleeding disorders; Consult an Ayurvedic practitioner before use during pregnancy or lactation",Kapha,Pitta,False,https://www.amidhaayurveda.com/2025/10/vrikshamla-ayurvedic-uses-weight-loss.html
Kumuda,Nymphaea nouchali,कुमुद,"Useful in burning sensation, pitta disorders and fever.","Tikta, Kashaya",Laghu,Sheeta,Katu,"Jwaraghna, Raktapittaghna","Anti-pyretic; Blood Purification; Useful in burning sensation, pitta disorders and fever.","Anti-pyretic, Blood Purification","Use with caution in Kapha aggravation, cold conditions, low digestive fire; May aggravate Kapha dosha; avoid in congestion, obesity, lethargy conditions; Consult an Ayurvedic practitioner before use during pregnancy or lactation",Pitta,Kapha,False,https://www.amidhaayurveda.com/2025/10/kumuda-ayurvedic-uses-benefits-healing.html
Shigru,Moringa oleifera,शिग्रु,"Moringa is rich in nutrients, detoxifies blood, and improves digestion.","Katu, Tikta","Laghu, Ruksha",Ushna,Katu,"Shothahara, Krimighna, Medohara","Anti-inflammatory; Anti-parasitic; Metabolic; Moringa is rich in nutrients, detoxifies blood, and improves digestion.","Anti-inflammatory, Anti-parasitic, Metabolic","Use with caution in Pitta aggravation, high acidity, inflammatory conditions; May aggravate Pitta dosha; avoid in burning sensation, ulcers, bleeding disorders; Consult an Ayurvedic practitioner before use during pregnancy or lactation","Kapha, Vata",Pitta,False,https://www.amidhaayurveda.com/2025/10/shigru-moringa-ayurvedic-uses-benefits.html
Parpataka,Fumaria indica,पर्पटक,"Reduces burning sensation, used in fever, acidity and liver ailments.",Tikta,Laghu,Sheeta,Katu,"Pittaghna, Jwaraghna","Anti-pyretic; Pitta Pacifying; Reduces burning sensation, used in fever, acidity and liver ailments.","Anti-pyretic, Pitta Pacifying","Use with caution in Kapha aggravation, cold conditions, low digestive fire; May aggravate Vata dosha; avoid in dry skin, constipation, anxiety conditions; Consult an Ayurvedic practitioner before use during pregnancy or lactation",Pitta,Vata,False,https://www.amidhaayurveda.com/2025/10/parpataka-ayurvedic-uses-benefits.html
Indrayava,Holarrhena pubescens,इंद्रयव,"Treats diarrhea, dysentery and helps regulate bowel movements.","Tikta, Kashaya","Laghu, Ruksha",Sheeta,Katu,"Grahi, Krimighna, Raktashodhak","Anti-parasitic; Blood Purification; Digestive; Treats diarrhea, dysentery and helps regulate bowel movements.","Anti-parasitic, Blood Purification, Digestive","Use with caution in Kapha aggravation, cold conditions, low digestive fire; May aggravate Vata dosha; avoid in dry skin, constipation, anxiety conditions; Consult an Ayurvedic practitioner before use during pregnancy or lactation","Kapha, Pitta",Vata,False,https://www.amidhaayurveda.com/2025/10/indrayava-ayurvedic-uses-digestive.html
Kapikachhu,Mucuna pruriens,कपिकच्छु,"Improves fertility, nervous strength and acts as aphrodisiac.",Madhura,Snigdha,Ushna,Madhura,"Vrishya, Balya, Medhya","Improves fertility, nervous strength and acts as aphrodisiac.; Neurological; Reproductive; Strengthening","Neurological, Reproductive, Strengthening","Use with caution in Pitta aggravation, high acidity, inflammatory conditions; May aggravate Kapha dosha; avoid in congestion, obesity, lethargy conditions; Consult an Ayurvedic practitioner before use during pregnancy or lactation",Vata,Kapha,False,https://www.amidhaayurveda.com/2025/10/kapikachhu-ayurvedic-uses-benefits.html
Bala,Sida cordifolia,बला,"Improves strength and stamina, useful in vata disorders and nervous weakness.",Madhura,"Snigdha, Guru",Sheeta,Madhura,"Balya, rasayan, Brimhaniya","Improves strength and stamina, useful in vata disorders and nervous weakness.; Nutritive; Rejuvenation; Strengthening","Nutritive, Rejuvenation, Strengthening","Use with caution in Kapha aggravation, cold conditions, low digestive fire; May aggravate Kapha dosha; avoid in congestion, obesity, lethargy conditions; Consult an Ayurvedic practitioner before use during pregnancy or lactation",Vata,Kapha,False,https://www.amidhaayurveda.com/2025/10/bala-ayurvedic-uses-benefits-healing.html
Tamalpatra,Cinnamomum tamala,तमालपत्र,"Bay leaf improves appetite, respiration and balances kapha dosha.","Tikta, Katu",Laghu,Ushna,Katu,"Deepana, Krimighna","Anti-parasitic; Bay leaf improves appetite, respiration and balances kapha dosha.; Digestive","Anti-parasitic, Digestive","Use with caution in Pitta aggravation, high acidity, inflammatory conditions; May aggravate Pitta dosha; avoid in burning sensation, ulcers, bleeding disorders; Consult an Ayurvedic practitioner before use during pregnancy or lactation","Kapha, Vata",Pitta,False,https://www.amidhaayurveda.com/2025/10/tamalpatra-ayurvedic-uses-benefits.html
Chitrak,Plumbago zeylanica,चित्रक,"Ignites digestive fire, used in weight loss and ama digestion.",Katu,"Laghu, Tikshna",Ushna,Katu,"Deepana, Pachana, Lekhana","Digestive; Ignites digestive fire, used in weight loss and ama digestion.; Metabolic","Digestive, Metabolic","Use with caution in Pitta aggravation, high acidity, inflammatory conditions; May aggravate Pitta dosha; avoid in burning sensation, ulcers, bleeding disorders; Consult an Ayurvedic practitioner before use during pregnancy or lactation","Kapha, Vata",Pitta,False,https://www.amidhaayurveda.com/2025/10/chitrak-ayurvedic-uses-benefits-healing.html
Tagar,Valeriana wallichii,तगर,"Relieves stress, induces sleep and calms the nervous system.",Tikta,Guru,Sheeta,Madhura,"Medhya, Nidrajanaka, rasayan","Neurological; Rejuvenation; Relieves stress, induces sleep and calms the nervous system.","Neurological, Rejuvenation","Use with caution in Kapha aggravation, cold conditions, low digestive fire; May aggravate Kapha dosha; avoid in congestion, obesity, lethargy conditions; Consult an Ayurvedic practitioner before use during pregnancy or lactation","Vata, Pitta",Kapha,False,https://www.amidhaayurveda.com/2025/10/tagar-ayurvedic-uses-benefits-healing.html
Khadira,Acacia catechu,खदिर,"Purifies blood, useful in skin diseases, leprosy, and itching.",Kashaya,"Laghu, Ruksha",Sheeta,Katu,"Raktashodhak, Kushtaghna, Grahi","Blood Purification; Dermatological; Digestive; Purifies blood, useful in skin diseases, leprosy, and itching.","Blood Purification, Dermatological, Digestive","Use with caution in Kapha aggravation, cold conditions, low digestive fire; May aggravate Vata dosha; avoid in dry skin, constipation, anxiety conditions; Consult an Ayurvedic practitioner before use during pregnancy or lactation","Kapha, Pitta",Vata,False,https://www.amidhaayurveda.com/2025/10/khadira-ayurvedic-uses-benefits-healing.html
Twak (Cinnamon),Cinnamomum verum,दालचीनी,"Stimulates digestion, circulation and balances kapha dosha.","Katu, Tikta","Laghu, Snigdha",Ushna,Katu,"Deepana, Lekhana, Kasahara","Digestive; Metabolic; Respiratory; Stimulates digestion, circulation and balances kapha dosha.","Digestive, Metabolic, Respiratory","Use with caution in Pitta aggravation, high acidity, inflammatory conditions; May aggravate Pitta dosha; avoid in burning sensation, ulcers, bleeding disorders; Consult an Ayurvedic practitioner before use during pregnancy or lactation","Kapha, Vata",Pitta,False,https://www.amidhaayurveda.com/2025/10/twak-cinnamon-ayurvedic-uses-benefits.html
Ela,Elettaria cardamomum,इलायची,"Improves digestion, relieves nausea and freshens breath.","Madhura, Tikta",Laghu,Ushna,Katu,"Deepana, Hridaya, Vatanulomana","Cardiac; Digestive; Improves digestion, relieves nausea and freshens breath.","Cardiac, Digestive","Use with caution in Pitta aggravation, high acidity, inflammatory conditions; May aggravate Pitta dosha; avoid in burning sensation, ulcers, bleeding disorders; Consult an Ayurvedic practitioner before use during pregnancy or lactation","Kapha, Vata",Pitta,False,https://www.amidhaayurveda.com/2025/10/ela-ayurvedic-uses-benefits-healing.html
Sariva,Hemidesmus indicus,सारिवा,"Sariva is known for its blood purifying and cooling properties, useful in skin disorders.","Madhura, Tikta","Guru, Snigdha",Sheeta,Madhura,"Raktashodhak, Kushtaghna, Varnya","Blood Purification; Dermatological; Sariva is known for its blood purifying and cooling properties, useful in skin disorders.","Blood Purification, Dermatological","Use with caution in Kapha aggravation, cold conditions, low digestive fire; May aggravate Kapha dosha; avoid in congestion, obesity, lethargy conditions; Consult an Ayurvedic practitioner before use during pregnancy or lactation","Pitta, Vata",Kapha,False,https://www.amidhaayurveda.com/2025/10/sariva-ayurvedic-uses-benefits-healing.html
Gorakhmundi,Sphaeranthus indicus,गोरखमुंडी,"Used in urinary tract infections, liver disorders, and as a detoxifying herb.","Tikta, Katu","Laghu, Ruksha",Ushna,Katu,"Mutrala, Raktashodhak, Deepana","Blood Purification; Digestive; Urinary; Used in urinary tract infections, liver disorders, and as a detoxifying herb.","Blood Purification, Digestive, Urinary","Use with caution in Pitta aggravation, high acidity, inflammatory conditions; May aggravate Vata dosha; avoid in dry skin, constipation, anxiety conditions; Consult an Ayurvedic practitioner before use during pregnancy or lactation","Kapha, Pitta",Vata,False,https://www.amidhaayurveda.com/2025/10/gorakhmundi-ayurvedic-uses-benefits.html
Kokilaksha,Asteracantha longifolia,कोकिलाक्ष,"A nerve tonic and aphrodisiac, used for urinary and reproductive health.",Tikta,Laghu,Sheeta,Madhura,"Vrishya, Balya, Mutrala","A nerve tonic and aphrodisiac, used for urinary and reproductive health.; Reproductive; Strengthening; Urinary","Reproductive, Strengthening, Urinary","Use with caution in Kapha aggravation, cold conditions, low digestive fire; May aggravate Kapha dosha; avoid in congestion, obesity, lethargy conditions; Consult an Ayurvedic practitioner before use during pregnancy or lactation","Vata, Pitta",Kapha,False,https://www.amidhaayurveda.com/2025/10/kokilaksha-ayurvedic-uses-benefits.html
Mahamanjishthadi,,,Classical Ayurvedic formulation used in blood purification and skin health.,"Tikta, Kashaya","Laghu, Ruksha",Sheeta,Katu,"Raktashodhak, Kushtaghna, Varnya",Blood Purification; Classical Ayurvedic formulation used in blood purification and skin health.; Dermatological,"Blood Purification, Dermatological","Use with caution in Kapha aggravation, cold conditions, low digestive fire; May aggravate Vata dosha; avoid in dry skin, constipation, anxiety conditions; May aggravate Kapha dosha; avoid in congestion, obesity, lethargy conditions; Consult an Ayurvedic practitioner before use during pregnancy or lactation",Pitta,"Vata, Kapha",False,/p/mahamanjishthadi.html
Yavani,Trachyspermum ammi,अजवाइन,"Relieves abdominal pain, bloating and indigestion; acts as carminative.","Katu, Tikta","Laghu, Ruksha",Ushna,Katu,"Deepana, Pachana, Vatanulomana","Digestive; Relieves abdominal pain, bloating and indigestion; acts as carminative.",Digestive,"Use with caution in Pitta aggravation, high acidity, inflammatory conditions; May aggravate Pitta dosha; avoid in burning sensation, ulcers, bleeding disorders; Consult an Ayurvedic practitioner before use during pregnancy or lactation","Kapha, Vata",Pitta,False,/p/yavani.html
Bhunimba,Andrographis paniculata,भूनिंब,"Bhunimba is a bitter herb helpful in fever, liver disorders, and pitta conditions.",Tikta,Laghu,Sheeta,Katu,"Jwaraghna, Pittaghna, Raktaprasadak","Anti-pyretic; Bhunimba is a bitter herb helpful in fever, liver disorders, and pitta conditions.; Blood Purification; Pitta Pacifying","Anti-pyretic, Blood Purification, Pitta Pacifying","Use with caution in Kapha aggravation, cold conditions, low digestive fire; May aggravate Vata dosha; avoid in dry skin, constipation, anxiety conditions; Consult an Ayurvedic practitioner before use during pregnancy or lactation",Pitta,Vata,False,/p/bhunimba.html
Chavya,Piper retrofractum,चव्य,Promotes digestion and clears ama; excellent for vata and kapha conditions.,Katu,"Laghu, Tikshna",Ushna,Katu,"Deepana, Pachana, Krimighna",Anti-parasitic; Digestive; Promotes digestion and clears ama; excellent for vata and kapha conditions.,"Anti-parasitic, Digestive","Use with caution in Pitta aggravation, high acidity, inflammatory conditions; May aggravate Pitta dosha; avoid in burning sensation, ulcers, bleeding disorders; Consult an Ayurvedic practitioner before use during pregnancy or lactation","Kapha, Vata",Pitta,False,/p/chavya.html
Panchatikta Ghrita,,,"Classic Ayurvedic formulation used in skin diseases, detox and pitta disorders.",Tikta,"Snigdha, Guru",Sheeta,Madhura,"Raktashodhak, Varnya, Kushtaghna","Blood Purification; Classic Ayurvedic formulation used in skin diseases, detox and pitta disorders.; Dermatological","Blood Purification, Dermatological","Use with caution in Kapha aggravation, cold conditions, low digestive fire; May aggravate Vata dosha; avoid in dry skin, constipation, anxiety conditions; Consult an Ayurvedic practitioner before use during pregnancy or lactation","Pitta, Kapha",Vata,False,/p/panchatikta-ghrita.html
Palasha,Butea monosperma,पलाश,"Known for its anti-helminthic properties, Palasha helps eliminate intestinal parasites.","Tikta, Katu","Laghu, Ruksha",Ushna,Katu,"Krimighna, Raktashodhak, Shothahara","Anti-inflammatory; Anti-parasitic; Blood Purification; Known for its anti-helminthic properties, Palasha helps eliminate intestinal parasites.","Anti-inflammatory, Anti-parasitic, Blood Purification","Use with caution in Pitta aggravation, high acidity, inflammatory conditions; May aggravate Vata dosha; avoid in dry skin, constipation, anxiety conditions; Consult an Ayurvedic practitioner before use during pregnancy or lactation","Kapha, Pitta",Vata,False,/p/palasha.html
Karanja,Pongamia pinnata,करंज,"Used in skin disorders, leprosy, and inflammation due to its detoxifying nature.","Tikta, Katu","Laghu, Ruksha",Ushna,Katu,"Kushtaghna, Vranashodhak, Krimighna","Anti-parasitic; Dermatological; Used in skin disorders, leprosy, and inflammation due to its detoxifying nature.; Wound Healing","Anti-parasitic, Dermatological, Wound Healing","Use with caution in Pitta aggravation, high acidity, inflammatory conditions; May aggravate Pitta dosha; avoid in burning sensation, ulcers, bleeding disorders; May aggravate Vata dosha; avoid in dry skin, constipation, anxiety conditions; Consult an Ayurvedic practitioner before use during pregnancy or lactation",Kapha,"Pitta, Vata",False,/p/karanja.html
Ahiphena,Papaver somniferum,अहिफेन,Processed opium used in Ayurveda for severe pain and diarrhea management under supervision.,"Tikta, Katu","Guru, Snigdha",Ushna,Katu,"Vedanasthapana, Grahi",Analgesic; Digestive; Processed opium used in Ayurveda for severe pain and diarrhea management under supervision.,"Analgesic, Digestive","Use with caution in Pitta aggravation, high acidity, inflammatory conditions; May aggravate Pitta dosha; avoid in burning sensation, ulcers, bleeding disorders; May aggravate Kapha dosha; avoid in congestion, obesity, lethargy conditions; Consult an Ayurvedic practitioner before use during pregnancy or lactation",Vata,"Kapha, Pitta",False,/p/ahiphena.html
Danti,Baliospermum montanum,दंती,Strong purgative used in detox and management of constipation and ascites.,Katu,"Tikshna, Laghu",Ushna,Katu,"Rechana, Shothahara",Anti-inflammatory; Purgative; Strong purgative used in detox and management of constipation and ascites.,"Anti-inflammatory, Purgative","Use with caution in Pitta aggravation, high acidity, inflammatory conditions; May aggravate Pitta dosha; avoid in burning sensation, ulcers, bleeding disorders; Consult an Ayurvedic practitioner before use during pregnancy or lactation","Kapha, Vata",Pitta,False,/p/danti.html
Eranda,Ricinus communis,एरंड,"Castor plant used for joint pain, digestive issues and vata-related disorders.","Madhura, Katu","Snigdha, Guru",Ushna,Madhura,"Vatanulomana, Shoolahara","Analgesic; Castor plant used for joint pain, digestive issues and vata-related disorders.; Digestive","Analgesic, Digestive","Use with caution in Pitta aggravation, high acidity, inflammatory conditions; May aggravate Pitta dosha; avoid in burning sensation, ulcers, bleeding disorders; May aggravate Kapha dosha; avoid in congestion, obesity, lethargy conditions; Consult an Ayurvedic practitioner before use during pregnancy or lactation",Vata,"Pitta, Kapha",False,/p/eranda.html
Guggulu,Commiphora wightii,गुग्गुलु,"Excellent for arthritis, high cholesterol, and detoxification.","Tikta, Katu","Laghu, Ruksha",Ushna,Katu,"Lekhana, Shothahara, Vranashodhak","Anti-inflammatory; Excellent for arthritis, high cholesterol, and detoxification.; Metabolic; Wound Healing","Anti-inflammatory, Metabolic, Wound Healing","Use with caution in Pitta aggravation, high acidity, inflammatory conditions; May aggravate Pitta dosha; avoid in burning sensation, ulcers, bleeding disorders; Consult an Ayurvedic practitioner before use during pregnancy or lactation","Kapha, Vata",Pitta,False,/p/guggulu.html
Bhallataka,Semecarpus anacardium,भल्लातक,"Powerful digestive and stimulant, used under medical supervision for vata disorders.","Katu, Tikta","Tikshna, Laghu",Ushna,Katu,"Shothahara, Pachana","Anti-inflammatory; Digestive; Powerful digestive and stimulant, used under medical supervision for vata disorders.","Anti-inflammatory, Digestive","Use with caution in Pitta aggravation, high acidity, inflammatory conditions; May aggravate Pitta dosha; avoid in burning sensation, ulcers, bleeding disorders; Consult an Ayurvedic practitioner before use during pregnancy or lactation","Kapha, Vata",Pitta,False,/p/bhallataka.html
Mandura Bhasma,Mandura Bhasma (Iron),मंडूर भस्म,"Iron-rich formulation for anemia, liver function, and strength.",Tikta,Laghu,Sheeta,Madhura,"Raktavardhak, rasayana","Blood Purification; Iron-rich formulation for anemia, liver function, and strength.; Rejuvenation","Blood Purification, Rejuvenation","Use with caution in Kapha aggravation, cold conditions, low digestive fire; May aggravate Vata dosha; avoid in dry skin, constipation, anxiety conditions; Consult an Ayurvedic practitioner before use during pregnancy or lactation","Kapha, Pitta",Vata,False,/p/mandura-bhasma.html
Vasaka,Adhatoda vasica,वासक,"Effective in bronchitis, asthma and respiratory disorders.","Tikta, Kashaya",Laghu,Sheeta,Katu,"Shwasahara, Kasahara","Effective in bronchitis, asthma and respiratory disorders.; Respiratory",Respiratory,"Use with caution in Kapha aggravation, cold conditions, low digestive fire; May aggravate Vata dosha; avoid in dry skin, constipation, anxiety conditions; Consult an Ayurvedic practitioner before use during pregnancy or lactation","Pitta, Kapha",Vata,False,/p/vasaka.html
Laksha,Laccifer lacca,लाक्षा,"Used in bone healing, fractures, and skin diseases.","Tikta, Kashaya",Ruksha,Sheeta,Katu,"Asthisandhanakara, Raktastambhaka","Hemostatic; Musculoskeletal; Used in bone healing, fractures, and skin diseases.","Hemostatic, Musculoskeletal","Use with caution in Kapha aggravation, cold conditions, low digestive fire; May aggravate Vata dosha; avoid in dry skin, constipation, anxiety conditions; Consult an Ayurvedic practitioner before use during pregnancy or lactation","Pitta, Kapha",Vata,False,/p/laksha.html
Talisapatra,Abies webbiana,तालीसपत्र,"Useful in cough, asthma, cold and sore throat.",Katu,Laghu,Ushna,Katu,"Kasahara, Shwasahara","Respiratory; Useful in cough, asthma, cold and sore throat.",Respiratory,"Use with caution in Pitta aggravation, high acidity, inflammatory conditions; May aggravate Pitta dosha; avoid in burning sensation, ulcers, bleeding disorders; Consult an Ayurvedic practitioner before use during pregnancy or lactation","Kapha, Vata",Pitta,False,/p/talisapatra.html
Tamalaki,Phyllanthus niruri,तमालकी,"Effective in liver diseases, hepatitis, jaundice and digestion.",Tikta,Laghu,Sheeta,Katu,"Yakrituttejaka, Pachana","Digestive; Effective in liver diseases, hepatitis, jaundice and digestion.; Hepatoprotective","Digestive, Hepatoprotective","Use with caution in Kapha aggravation, cold conditions, low digestive fire; May aggravate Vata dosha; avoid in dry skin, constipation, anxiety conditions; Consult an Ayurvedic practitioner before use during pregnancy or lactation","Pitta, Kapha",Vata,False,/p/tamalaki.html
Shirisha,Albizia lebbeck,शिरीष,Main anti-allergic herb; used in poisoning and respiratory issues.,"Tikta, Kashaya","Laghu, Ruksha",Sheeta,Katu,"Vishaghna, Shwasahara",Anti-toxic; Main anti-allergic herb; used in poisoning and respiratory issues.; Respiratory,"Anti-toxic, Respiratory","Use with caution in Kapha aggravation, cold conditions, low digestive fire; May aggravate Pitta dosha; avoid in burning sensation, ulcers, bleeding disorders; May aggravate Vata dosha; avoid in dry skin, constipation, anxiety conditions; Consult an Ayurvedic practitioner before use during pregnancy or lactation",Kapha,"Pitta, Vata",False,/p/shirisha.html
Babbula,Acacia nilotica,बबूल,"Effective in dental issues, bleeding gums, and skin ailments.",Kashaya,"Ruksha, Laghu",Sheeta,Katu,"Dantya, Vranashodhak","Dental; Effective in dental issues, bleeding gums, and skin ailments.; Wound Healing","Dental, Wound Healing","Use with caution in Kapha aggravation, cold conditions, low digestive fire; May aggravate Vata dosha; avoid in dry skin, constipation, anxiety conditions; Consult an Ayurvedic practitioner before use during pregnancy or lactation","Kapha, Pitta",Vata,False,/p/babbula.html
Kumkuma,Crocus sativus,कुमकुम,"Saffron used for complexion, mood elevation, and female fertility.","Tikta, Madhura",Laghu,Ushna,Madhura,"Varnya, rasayana, Stanyajanana","Dermatological; Rejuvenation; Reproductive; Saffron used for complexion, mood elevation, and female fertility.","Dermatological, Rejuvenation, Reproductive","Use with caution in Pitta aggravation, high acidity, inflammatory conditions; May aggravate Kapha dosha; avoid in congestion, obesity, lethargy conditions; Consult an Ayurvedic practitioner before use during pregnancy or lactation","Vata, Pitta",Kapha,False,/p/kumkuma.html
Bilva,Aegle marmelos,बिल्व,"Bilva is useful in digestive disorders, diarrhea, and IBS due to its binding effect.","Kashaya, Tikta","Laghu, Ruksha",Ushna,Katu,"Grahi, Deepana","Bilva is useful in digestive disorders, diarrhea, and IBS due to its binding effect.; Digestive",Digestive,"Use with caution in Pitta aggravation, high acidity, inflammatory conditions; May aggravate Pitta dosha; avoid in burning sensation, ulcers, bleeding disorders; Consult an Ayurvedic practitioner before use during pregnancy or lactation","Kapha, Vata",Pitta,False,/p/bilva.html
Shatavari Ksheera,,,Milk decoction of Shatavari acts as a rejuvenator and fertility enhancer.,Madhura,"Snigdha, Guru",Sheeta,Madhura,"rasayana, Stanyajanana",Milk decoction of Shatavari acts as a rejuvenator and fertility enhancer.; Rejuvenation; Reproductive,"Rejuvenation, Reproductive","Use with caution in Kapha aggravation, cold conditions, low digestive fire; May aggravate Kapha dosha; avoid in congestion, obesity, lethargy conditions; Consult an Ayurvedic practitioner before use during pregnancy or lactation","Vata, Pitta",Kapha,False,/p/shatavari-ksheera.html
Ashoka,Saraca asoca,अशोक,"A prime uterine tonic, it regulates menstruation and reduces cramps.","Tikta, Kashaya",Laghu,Sheeta,Katu,"Yonishodhana, Stambhana","A prime uterine tonic, it regulates menstruation and reduces cramps.; Gynaecological",Gynaecological,"Use with caution in Kapha aggravation, cold conditions, low digestive fire; May aggravate Vata dosha; avoid in dry skin, constipation, anxiety conditions; Consult an Ayurvedic practitioner before use during pregnancy or lactation","Pitta, Kapha",Vata,False,/p/ashoka.html
Devadaru,Cedrus deodara,देवदारु,"Useful in cough, cold and joint pain due to its anti-inflammatory action.",Tikta,Laghu,Ushna,Katu,"Shothahara, Kasahara","Anti-inflammatory; Respiratory; Useful in cough, cold and joint pain due to its anti-inflammatory action.","Anti-inflammatory, Respiratory","Use with caution in Pitta aggravation, high acidity, inflammatory conditions; May aggravate Pitta dosha; avoid in burning sensation, ulcers, bleeding disorders; Consult an Ayurvedic practitioner before use during pregnancy or lactation","Kapha, Vata",Pitta,False,/p/devadaru.html
Patala,,,"Used in Dashamoola formulation, helps in vata disorders and pain relief.",Tikta,"Laghu, Snigdha",Ushna,Madhura,"Vatanulomana, Shoolahara","Analgesic; Digestive; Used in Dashamoola formulation, helps in vata disorders and pain relief.","Analgesic, Digestive","Use with caution in Pitta aggravation, high acidity, inflammatory conditions; May aggravate Pitta dosha; avoid in burning sensation, ulcers, bleeding disorders; May aggravate Kapha dosha; avoid in congestion, obesity, lethargy conditions; Consult an Ayurvedic practitioner before use during pregnancy or lactation",Vata,"Kapha, Pitta",False,/p/patala.html
Ashwagandharishta,,,"Ayurvedic tonic used for debility, stress and nerve regeneration.","Madhura, Tikta","Guru, Snigdha",Ushna,Madhura,"rasayana, Balya","Ayurvedic tonic used for debility, stress and nerve regeneration.; Rejuvenation; Strengthening","Rejuvenation, Strengthening","Use with caution in Pitta aggravation, high acidity, inflammatory conditions; May aggravate Pitta dosha; avoid in burning sensation, ulcers, bleeding disorders; Consult an Ayurvedic practitioner before use during pregnancy or lactation","Vata, Kapha",Pitta,False,/p/ashwagandharishta.html
Dhataki,,,"Flowers used in fermentation, female health and diarrhea treatment.","Kashaya, Tikta",Laghu,Sheeta,Katu,"Yonishodhana, Grahi","Digestive; Flowers used in fermentation, female health and diarrhea treatment.; Gynaecological","Digestive, Gynaecological","Use with caution in Kapha aggravation, cold conditions, low digestive fire; May aggravate Vata dosha; avoid in dry skin, constipation, anxiety conditions; Consult an Ayurvedic practitioner before use during pregnancy or lactation","Pitta, Kapha",Vata,False,/p/dhataki.html
Agnikumarika,,,Used in piles and anorectal disorders; balances agni and clears toxins.,"Katu, Tikta","Laghu, Tikshna",Ushna,Katu,"Pachana, Rechana",Digestive; Purgative; Used in piles and anorectal disorders; balances agni and clears toxins.,"Digestive, Purgative","Use with caution in Pitta aggravation, high acidity, inflammatory conditions; May aggravate Pitta dosha; avoid in burning sensation, ulcers, bleeding disorders; Consult an Ayurvedic practitioner before use during pregnancy or lactation",Kapha,Pitta,False,/p/agnikumarika.html
Yava,,,"Barley grain improves digestion, is diuretic and ideal in obesity.","Kashaya, Madhura","Laghu, Ruksha",Sheeta,Katu,"Lekhana, Mutrala","Barley grain improves digestion, is diuretic and ideal in obesity.; Metabolic; Urinary","Metabolic, Urinary","Use with caution in Kapha aggravation, cold conditions, low digestive fire; May aggravate Vata dosha; avoid in dry skin, constipation, anxiety conditions; Consult an Ayurvedic practitioner before use during pregnancy or lactation","Kapha, Pitta",Vata,False,/p/yava.html
Masha,,,"Black gram nourishes muscles, increases strength and semen.",Madhura,"Guru, Snigdha",Ushna,Madhura,"Balya, Brimhaniya","Black gram nourishes muscles, increases strength and semen.; Nutritive; Strengthening","Nutritive, Strengthening","Use with caution in Pitta aggravation, high acidity, inflammatory conditions; May aggravate Pitta dosha; avoid in burning sensation, ulcers, bleeding disorders; May aggravate Kapha dosha; avoid in congestion, obesity, lethargy conditions; Consult an Ayurvedic practitioner before use during pregnancy or lactation",Vata,"Kapha, Pitta",False,/p/masha.html
Chana,,,Bengal gram is nourishing and helps in muscle building.,Kashaya,"Guru, Ruksha",Sheeta,Katu,"Brimhana, Vrishya",Bengal gram is nourishing and helps in muscle building.; Reproductive,Reproductive,"Use with caution in Kapha aggravation, cold conditions, low digestive fire; May aggravate Pitta dosha; avoid in burning sensation, ulcers, bleeding disorders; May aggravate Kapha dosha; avoid in congestion, obesity, lethargy conditions; Consult an Ayurvedic practitioner before use during pregnancy or lactation",Vata,"Pitta, Kapha",False,/p/chana.html
Matulunga,,,"Citrus lemon balances vata, aids digestion and appetite.",Amla,Laghu,Ushna,Madhura,"Agnideepana, Vatanulomana","Citrus lemon balances vata, aids digestion and appetite.; Digestive",Digestive,"Use with caution in Pitta aggravation, high acidity, inflammatory conditions; May aggravate Pitta dosha; avoid in burning sensation, ulcers, bleeding disorders; Consult an Ayurvedic practitioner before use during pregnancy or lactation",Vata,Pitta,False,/p/matulunga.html
Dadima,,,Pomegranate enhances appetite and relieves burning sensation.,"Madhura, Kashaya",Laghu,Sheeta,Madhura,"Raktaprasadana, Agnivardhaka",Pomegranate enhances appetite and relieves burning sensation.,General Wellness,"Use with caution in Kapha aggravation, cold conditions, low digestive fire; May aggravate Kapha dosha; avoid in congestion, obesity, lethargy conditions; Consult an Ayurvedic practitioner before use during pregnancy or lactation",Pitta,Kapha,False,/p/dadima.html
Tinduka,,,"Used in dysentery, ulcers, and excessive menstruation.",Kashaya,"Laghu, Ruksha",Sheeta,Katu,"Grahi, Raktastambhaka","Digestive; Hemostatic; Used in dysentery, ulcers, and excessive menstruation.","Digestive, Hemostatic","Use with caution in Kapha aggravation, cold conditions, low digestive fire; May aggravate Vata dosha; avoid in dry skin, constipation, anxiety conditions; May aggravate Kapha dosha; avoid in congestion, obesity, lethargy conditions; Consult an Ayurvedic practitioner before use during pregnancy or lactation",Pitta,"Kapha, Vata",False,/p/tinduka.html
Draksha,,,"Grapes are nourishing and relieve thirst, fatigue, and constipation.","Madhura, Amla","Guru, Snigdha",Sheeta,Madhura,"rasayana, Balya","Grapes are nourishing and relieve thirst, fatigue, and constipation.; Rejuvenation; Strengthening","Rejuvenation, Strengthening","Use with caution in Kapha aggravation, cold conditions, low digestive fire; May aggravate Kapha dosha; avoid in congestion, obesity, lethargy conditions; Consult an Ayurvedic practitioner before use during pregnancy or lactation","Vata, Pitta",Kapha,False,/p/draksha.html
Chakramarda,,,"Effective in skin disorders, ringworm, and constipation.","Tikta, Kashaya",Laghu,Ushna,Katu,"Kushtaghna, Rechana","Dermatological; Effective in skin disorders, ringworm, and constipation.; Purgative","Dermatological, Purgative","Use with caution in Pitta aggravation, high acidity, inflammatory conditions; May aggravate Pitta dosha; avoid in burning sensation, ulcers, bleeding disorders; Consult an Ayurvedic practitioner before use during pregnancy or lactation",Kapha,Pitta,False,/p/chakramarda.html
Amalaki rasayana,,,Formulation of Amla for rejuvenation and anti-aging.,Amla,"Laghu, Snigdha",Sheeta,Madhura,"rasayana, Varnya, Raktashodhak",Blood Purification; Dermatological; Formulation of Amla for rejuvenation and anti-aging.; Rejuvenation,"Blood Purification, Dermatological, Rejuvenation","Use with caution in Kapha aggravation, cold conditions, low digestive fire; Consult an Ayurvedic practitioner before use during pregnancy or lactation",tridosha,,True,/p/amalaki-rasayana.html
Pashanabheda,,,"Effective in kidney stones, urinary infections, and painful urination.","Tikta, Kashaya","Laghu, Ruksha",Sheeta,Katu,"Ashmaribhedana, Mutrala","Effective in kidney stones, urinary infections, and painful urination.; Urinary",Urinary,"Use with caution in Kapha aggravation, cold conditions, low digestive fire; May aggravate Vata dosha; avoid in dry skin, constipation, anxiety conditions; Consult an Ayurvedic practitioner before use during pregnancy or lactation","Pitta, Kapha",Vata,False,/p/pashanabheda.html
Lodhra,,,"Beneficial in gynecological issues, acne, and bleeding disorders.",Kashaya,"Laghu, Ruksha",Sheeta,Katu,"Raktaprasadana, Yonishodhana","Beneficial in gynecological issues, acne, and bleeding disorders.; Gynaecological",Gynaecological,"Use with caution in Kapha aggravation, cold conditions, low digestive fire; May aggravate Vata dosha; avoid in dry skin, constipation, anxiety conditions; Consult an Ayurvedic practitioner before use during pregnancy or lactation","Pitta, Kapha",Vata,False,/p/lodhra.html
Jati,,,"Useful for joint pain, inflammation and respiratory conditions.","Katu, Tikta","Laghu, Tikshna",Ushna,Katu,"Vedanasthapana, Kasahara","Analgesic; Respiratory; Useful for joint pain, inflammation and respiratory conditions.","Analgesic, Respiratory","Use with caution in Pitta aggravation, high acidity, inflammatory conditions; May aggravate Pitta dosha; avoid in burning sensation, ulcers, bleeding disorders; Consult an Ayurvedic practitioner before use during pregnancy or lactation","Kapha, Vata",Pitta,False,/p/jati.html
Shalparni,,,"Part of Dashamoola, balances Vata, relieves fatigue and strengthens body.","Madhura, Tikta","Guru, Snigdha",Sheeta,Madhura,"rasayana, Vatanulomana","Digestive; Part of Dashamoola, balances Vata, relieves fatigue and strengthens body.; Rejuvenation","Digestive, Rejuvenation","Use with caution in Kapha aggravation, cold conditions, low digestive fire; May aggravate Pitta dosha; avoid in burning sensation, ulcers, bleeding disorders; May aggravate Kapha dosha; avoid in congestion, obesity, lethargy conditions; Consult an Ayurvedic practitioner before use during pregnancy or lactation",Vata,"Kapha, Pitta",False,/p/shalparni.html
Kantakari,,,"Effective in asthma, cough, and respiratory diseases.","Katu, Tikta","Laghu, Ruksha",Ushna,Katu,"Shwasahara, Kasahara","Effective in asthma, cough, and respiratory diseases.; Respiratory",Respiratory,"Use with caution in Pitta aggravation, high acidity, inflammatory conditions; May aggravate Pitta dosha; avoid in burning sensation, ulcers, bleeding disorders; Consult an Ayurvedic practitioner before use during pregnancy or lactation","Vata, Kapha",Pitta,False,/p/kantakari.html
Gambhari,,,"Used in Dashamoola; helps with inflammation, pain, and Vata disorders.","Tikta, Kashaya","Laghu, Snigdha",Sheeta,Katu,"Shothahara, Balya","Anti-inflammatory; Strengthening; Used in Dashamoola; helps with inflammation, pain, and Vata disorders.","Anti-inflammatory, Strengthening","Use with caution in Kapha aggravation, cold conditions, low digestive fire; May aggravate Kapha dosha; avoid in congestion, obesity, lethargy conditions; Consult an Ayurvedic practitioner before use during pregnancy or lactation",Vata,Kapha,False,/p/gambhari.html
Gojihva,,,"Cools the body, improves immunity and reduces burning sensation.",Tikta,Laghu,Sheeta,Madhura,"Trishnahara, Raktaprasadana","Cools the body, improves immunity and reduces burning sensation.",General Wellness,"Use with caution in Kapha aggravation, cold conditions, low digestive fire; May aggravate Kapha dosha; avoid in congestion, obesity, lethargy conditions; Consult an Ayurvedic practitioner before use during pregnancy or lactation",Pitta,Kapha,False,/p/gojihva.html
Satavari Ghrita,,,"Ghee formulation used in female fertility, burning sensation and fatigue.",Madhura,"Guru, Snigdha",Sheeta,Madhura,"Stanyajanana, rasayana","Ghee formulation used in female fertility, burning sensation and fatigue.; Rejuvenation; Reproductive","Rejuvenation, Reproductive","Use with caution in Kapha aggravation, cold conditions, low digestive fire; May aggravate Kapha dosha; avoid in congestion, obesity, lethargy conditions; Consult an Ayurvedic practitioner before use during pregnancy or lactation","Vata, Pitta",Kapha,False,/p/satavari-ghrita.html
Aparajita,,,"Used for skin diseases, swelling, and mental rejuvenation.",Tikta,Laghu,Sheeta,Katu,"Medhya, Kushtaghna","Dermatological; Neurological; Used for skin diseases, swelling, and mental rejuvenation.","Dermatological, Neurological","Use with caution in Kapha aggravation, cold conditions, low digestive fire; May aggravate Vata dosha; avoid in dry skin, constipation, anxiety conditions; Consult an Ayurvedic practitioner before use during pregnancy or lactation","Pitta, Kapha",Vata,False,/p/aparajita.html
Meshashringi,,,Known for regulating blood sugar and metabolism.,"Tikta, Katu",Laghu,Sheeta,Katu,"Pramehaghna, Medohara",Known for regulating blood sugar and metabolism.; Metabolic,Metabolic,"Use with caution in Kapha aggravation, cold conditions, low digestive fire; May aggravate Vata dosha; avoid in dry skin, constipation, anxiety conditions; Consult an Ayurvedic practitioner before use during pregnancy or lactation","Kapha, Pitta",Vata,False,/p/meshashringi.html
Ikshu,,,"Sugarcane improves energy, acts as diuretic and cooling.",Madhura,"Guru, Snigdha",Sheeta,Madhura,"Trishnahara, Mutrala","Sugarcane improves energy, acts as diuretic and cooling.; Urinary",Urinary,"Use with caution in Kapha aggravation, cold conditions, low digestive fire; May aggravate Kapha dosha; avoid in congestion, obesity, lethargy conditions; Consult an Ayurvedic practitioner before use during pregnancy or lactation","Pitta, Vata",Kapha,False,/p/ikshu.html
Amrita,,,"Divine herb for immunity, detox and chronic fevers.","Tikta, Kashaya",Laghu,Ushna,Madhura,"rasayana, Jwaraghna","Anti-pyretic; Divine herb for immunity, detox and chronic fevers.; Rejuvenation","Anti-pyretic, Rejuvenation","Use with caution in Pitta aggravation, high acidity, inflammatory conditions; Consult an Ayurvedic practitioner before use during pregnancy or lactation",tridosha,,True,/p/amrita.html
Shigru Patra,,,"Drumstick leaves improve nutrition, blood, and joint health.","Katu, Tikta",Laghu,Ushna,Katu,"Balya, Amapachana","Drumstick leaves improve nutrition, blood, and joint health.; Strengthening",Strengthening,"Use with caution in Pitta aggravation, high acidity, inflammatory conditions; May aggravate Pitta dosha; avoid in burning sensation, ulcers, bleeding disorders; Consult an Ayurvedic practitioner before use during pregnancy or lactation","Vata, Kapha",Pitta,False,/p/shigru-patra.html
Haridra,Curcuma longa,हल्दी,Turmeric is powerful anti-inflammatory and detoxifying herb.,"Tikta, Katu","Laghu, Ruksha",Ushna,Katu,"Kushtaghna, Raktashodhak",Blood Purification; Dermatological; Turmeric is powerful anti-inflammatory and detoxifying herb.,"Blood Purification, Dermatological","Use with caution in Pitta aggravation, high acidity, inflammatory conditions; May aggravate Vata dosha; avoid in dry skin, constipation, anxiety conditions; Consult an Ayurvedic practitioner before use during pregnancy or lactation","Kapha, Pitta",Vata,False,/p/haridra.html
Mandukparni,,,"Supports memory, intellect and improves mental function.",Tikta,Laghu,Sheeta,Madhura,"Medhya, rasayana","Neurological; Rejuvenation; Supports memory, intellect and improves mental function.","Neurological, Rejuvenation","Use with caution in Kapha aggravation, cold conditions, low digestive fire; May aggravate Kapha dosha; avoid in congestion, obesity, lethargy conditions; Consult an Ayurvedic practitioner before use during pregnancy or lactation","Vata, Pitta",Kapha,False,/p/mandukparni.html
Vatsanabha,,,"Processed aconite, used in fevers, pain and digestion.","Tikta, Katu","Tikshna, Laghu",Ushna,Katu,"Vedanasthapana, Jwaraghna","Analgesic; Anti-pyretic; Processed aconite, used in fevers, pain and digestion.","Analgesic, Anti-pyretic","Use with caution in Pitta aggravation, high acidity, inflammatory conditions; May aggravate Pitta dosha; avoid in burning sensation, ulcers, bleeding disorders; May aggravate Kapha dosha; avoid in congestion, obesity, lethargy conditions; Consult an Ayurvedic practitioner before use during pregnancy or lactation",Vata,"Pitta, Kapha",False,/p/vatsanabha.html
Ushira,,,"Vetiver root is cooling, soothing and diuretic.","Tikta, Madhura","Laghu, Snigdha",Sheeta,Madhura,"Trishnahara, Dahashamana","Vetiver root is cooling, soothing and diuretic.",General Wellness,"Use with caution in Kapha aggravation, cold conditions, low digestive fire; May aggravate Kapha dosha; avoid in congestion, obesity, lethargy conditions; Consult an Ayurvedic practitioner before use during pregnancy or lactation","Pitta, Vata",Kapha,False,/p/ushira.html
Kiratatikta,,,"Bitter tonic used for fever, appetite, and digestion.",Tikta,"Laghu, Ruksha",Sheeta,Katu,"Jwaraghna, Agnideepana","Anti-pyretic; Bitter tonic used for fever, appetite, and digestion.",Anti-pyretic,"Use with caution in Kapha aggravation, cold conditions, low digestive fire; May aggravate Vata dosha; avoid in dry skin, constipation, anxiety conditions; Consult an Ayurvedic practitioner before use during pregnancy or lactation","Pitta, Kapha",Vata,False,/p/kiratatikta.html
Shilajit,,,Famous rejuvenator and energy booster for all ages.,"Katu, Tikta",Laghu,Ushna,Katu,"rasayana, Balya",Famous rejuvenator and energy booster for all ages.; Rejuvenation; Strengthening,"Rejuvenation, Strengthening","Use with caution in Pitta aggravation, high acidity, inflammatory conditions; May aggravate Pitta dosha; avoid in burning sensation, ulcers, bleeding disorders; Consult an Ayurvedic practitioner before use during pregnancy or lactation","Kapha, Vata",Pitta,False,/p/shilajit.html
Kachnar,,,Reduces glandular swelling and improves thyroid function.,Kashaya,"Laghu, Ruksha",Sheeta,Katu,"Galaganda, Shothahara",Anti-inflammatory; Reduces glandular swelling and improves thyroid function.,Anti-inflammatory,"Use with caution in Kapha aggravation, cold conditions, low digestive fire; May aggravate Vata dosha; avoid in dry skin, constipation, anxiety conditions; Consult an Ayurvedic practitioner before use during pregnancy or lactation","Kapha, Pitta",Vata,False,/p/kachnar.html
Kusha,,,Sacred grass used for purification and urinary issues.,Tikta,Laghu,Sheeta,Katu,"Mutrala, tridoshahara",Sacred grass used for purification and urinary issues.; Urinary,Urinary,"Use with caution in Kapha aggravation, cold conditions, low digestive fire; May aggravate Vata dosha; avoid in dry skin, constipation, anxiety conditions; May aggravate Kapha dosha; avoid in congestion, obesity, lethargy conditions; Consult an Ayurvedic practitioner before use during pregnancy or lactation",Pitta,"Kapha, Vata",False,/p/kusha.html
Bimbi,,,"Used in diabetes, obesity, and blood sugar regulation.","Tikta, Katu","Laghu, Ruksha",Ushna,Katu,"Pramehaghna, Medohara","Metabolic; Used in diabetes, obesity, and blood sugar regulation.",Metabolic,"Use with caution in Pitta aggravation, high acidity, inflammatory conditions; May aggravate Vata dosha; avoid in dry skin, constipation, anxiety conditions; Consult an Ayurvedic practitioner before use during pregnancy or lactation","Kapha, Pitta",Vata,False,/p/bimbi.html
Kumud,,,"Lotus flower, calming for heart and mind.","Madhura, Tikta",Laghu,Sheeta,Madhura,"Hridya, Raktaprasadana","Lotus flower, calming for heart and mind.",General Wellness,"Use with caution in Kapha aggravation, cold conditions, low digestive fire; May aggravate Kapha dosha; avoid in congestion, obesity, lethargy conditions; Consult an Ayurvedic practitioner before use during pregnancy or lactation","Pitta, Vata",Kapha,False,/p/kumud.html
Bala Mool,,,Root used for strengthening nerves and muscles.,Madhura,"Snigdha, Guru",Sheeta,Madhura,"Balya, Brimhaniya",Nutritive; Root used for strengthening nerves and muscles.; Strengthening,"Nutritive, Strengthening","Use with caution in Kapha aggravation, cold conditions, low digestive fire; May aggravate Kapha dosha; avoid in congestion, obesity, lethargy conditions; Consult an Ayurvedic practitioner before use during pregnancy or lactation",Vata,Kapha,False,/p/bala-mool.html
Ananta Mool,,,"Blood purifier, detoxifier and cooling herb.","Tikta, Madhura",Laghu,Sheeta,Madhura,"Raktaprasadana, rasayana","Blood purifier, detoxifier and cooling herb.; Rejuvenation",Rejuvenation,"Use with caution in Kapha aggravation, cold conditions, low digestive fire; May aggravate Kapha dosha; avoid in congestion, obesity, lethargy conditions; Consult an Ayurvedic practitioner before use during pregnancy or lactation","Pitta, Vata",Kapha,False,/p/ananta-mool.html
Talisa,,,Bronchodilator and decongestant for respiratory health.,Tikta,"Laghu, Tikshna",Ushna,Katu,"Shwasahara, Kasahara",Bronchodilator and decongestant for respiratory health.; Respiratory,Respiratory,"Use with caution in Pitta aggravation, high acidity, inflammatory conditions; May aggravate Pitta dosha; avoid in burning sensation, ulcers, bleeding disorders; Consult an Ayurvedic practitioner before use during pregnancy or lactation","Kapha, Vata",Pitta,False,/p/talisa.html
Nirgundi,,,"Reduces pain, swelling, and Vata-related disorders.","Tikta, Katu","Laghu, Ruksha",Ushna,Katu,"Shothahara, Vedanasthapana","Analgesic; Anti-inflammatory; Reduces pain, swelling, and Vata-related disorders.","Analgesic, Anti-inflammatory","Use with caution in Pitta aggravation, high acidity, inflammatory conditions; May aggravate Pitta dosha; avoid in burning sensation, ulcers, bleeding disorders; Consult an Ayurvedic practitioner before use during pregnancy or lactation","Vata, Kapha",Pitta,False,/p/nirgundi.html
Shuddha Guggulu,,,Potent anti-inflammatory used in arthritis and obesity.,"Tikta, Katu","Laghu, Tikshna",Ushna,Katu,"Medohara, Shothahara",Anti-inflammatory; Metabolic; Potent anti-inflammatory used in arthritis and obesity.,"Anti-inflammatory, Metabolic","Use with caution in Pitta aggravation, high acidity, inflammatory conditions; May aggravate Pitta dosha; avoid in burning sensation, ulcers, bleeding disorders; Consult an Ayurvedic practitioner before use during pregnancy or lactation","Kapha, Vata",Pitta,False,/p/shuddha-guggulu.html
Gokarna,,,"Clitoria ternatea, known for enhancing memory and calmness.",Tikta,Laghu,Sheeta,Madhura,"Medhya, Nootropic","Clitoria ternatea, known for enhancing memory and calmness.; Neurological",Neurological,"Use with caution in Kapha aggravation, cold conditions, low digestive fire; May aggravate Kapha dosha; avoid in congestion, obesity, lethargy conditions; Consult an Ayurvedic practitioner before use during pregnancy or lactation","Vata, Pitta",Kapha,False,/p/gokarna.html
Tagetes,,,"Marigold used in skin, fever, and pitta disorders.","Tikta, Kashaya",Laghu,Sheeta,Katu,"Raktashodhana, Kushtaghna","Dermatological; Marigold used in skin, fever, and pitta disorders.",Dermatological,"Use with caution in Kapha aggravation, cold conditions, low digestive fire; May aggravate Vata dosha; avoid in dry skin, constipation, anxiety conditions; Consult an Ayurvedic practitioner before use during pregnancy or lactation",Pitta,Vata,False,/p/tagetes.html
Kachura,,,Aromatic rhizome for respiratory and digestive issues.,"Tikta, Katu",Laghu,Ushna,Katu,"Shwasahara, Vatahara",Aromatic rhizome for respiratory and digestive issues.; Respiratory,Respiratory,"Use with caution in Pitta aggravation, high acidity, inflammatory conditions; May aggravate Pitta dosha; avoid in burning sensation, ulcers, bleeding disorders; Consult an Ayurvedic practitioner before use during pregnancy or lactation","Kapha, Vata",Pitta,False,/p/kachura.html
Shati,,,Enhances respiratory strength and prevents infections.,"Katu, Tikta",Laghu,Ushna,Katu,"Shwasahara, Amapachana",Enhances respiratory strength and prevents infections.; Respiratory,Respiratory,"Use with caution in Pitta aggravation, high acidity, inflammatory conditions; May aggravate Pitta dosha; avoid in burning sensation, ulcers, bleeding disorders; Consult an Ayurvedic practitioner before use during pregnancy or lactation","Kapha, Vata",Pitta,False,/p/shati.html
Bhanga,,,"Cannabis leaf used in pain, digestion, and sleep disorders.",Tikta,Laghu,Ushna,Katu,"Vedanasthapana, Madakari","Analgesic; Cannabis leaf used in pain, digestion, and sleep disorders.",Analgesic,"Use with caution in Pitta aggravation, high acidity, inflammatory conditions; May aggravate Pitta dosha; avoid in burning sensation, ulcers, bleeding disorders; May aggravate Kapha dosha; avoid in congestion, obesity, lethargy conditions; Consult an Ayurvedic practitioner before use during pregnancy or lactation",Vata,"Pitta, Kapha",False,/p/bhanga.html
Mochras,,,Cooling resin used in bleeding and Pitta disorders.,Kashaya,Guru,Sheeta,Katu,"Stambhana, Raktaprasadana",Cooling resin used in bleeding and Pitta disorders.; Gynaecological,Gynaecological,"Use with caution in Kapha aggravation, cold conditions, low digestive fire; May aggravate Kapha dosha; avoid in congestion, obesity, lethargy conditions; Consult an Ayurvedic practitioner before use during pregnancy or lactation",Pitta,Kapha,False,/p/mochras.html
Jivanti,,,Nourishing herb for lactation and immunity.,Madhura,Snigdha,Sheeta,Madhura,"rasayana, Stanyajanana",Nourishing herb for lactation and immunity.; Rejuvenation; Reproductive,"Rejuvenation, Reproductive","Use with caution in Kapha aggravation, cold conditions, low digestive fire; May aggravate Kapha dosha; avoid in congestion, obesity, lethargy conditions; Consult an Ayurvedic practitioner before use during pregnancy or lactation","Vata, Pitta",Kapha,False,/p/jivanti.html
Swarnamakshika,,,"Mineral used in anemia, skin and liver disorders.","Tikta, Kashaya",Laghu,Ushna,Katu,"Pittahara, Raktavardhaka","Mineral used in anemia, skin and liver disorders.",General Wellness,"Use with caution in Pitta aggravation, high acidity, inflammatory conditions; May aggravate Vata dosha; avoid in dry skin, constipation, anxiety conditions; Consult an Ayurvedic practitioner before use during pregnancy or lactation","Pitta, Kapha",Vata,False,/p/swarnamakshika.html
Tamra Bhasma,,,"Copper ash for liver, spleen and obesity management.",Katu,Tikshna,Ushna,Katu,"Yakritottejaka, Medohara","Copper ash for liver, spleen and obesity management.; Metabolic",Metabolic,"Use with caution in Pitta aggravation, high acidity, inflammatory conditions; May aggravate Pitta dosha; avoid in burning sensation, ulcers, bleeding disorders; May aggravate Vata dosha; avoid in dry skin, constipation, anxiety conditions; Consult an Ayurvedic practitioner before use during pregnancy or lactation",Kapha,"Pitta, Vata",False,/p/tamra-bhasma.html
Makoy,,,Solanum nigrum for liver and spleen disorders.,Tikta,Laghu,Sheeta,Katu,"Yakritottejaka, Vrishya",Reproductive; Solanum nigrum for liver and spleen disorders.,Reproductive,"Use with caution in Kapha aggravation, cold conditions, low digestive fire; May aggravate Vata dosha; avoid in dry skin, constipation, anxiety conditions; May aggravate Kapha dosha; avoid in congestion, obesity, lethargy conditions; Consult an Ayurvedic practitioner before use during pregnancy or lactation",Pitta,"Vata, Kapha",False,/p/makoy.html
Kampillaka,,,Used for skin problems and worm infestations.,"Tikta, Kashaya",Laghu,Ushna,Katu,"Krimighna, Kushtaghna",Anti-parasitic; Dermatological; Used for skin problems and worm infestations.,"Anti-parasitic, Dermatological","Use with caution in Pitta aggravation, high acidity, inflammatory conditions; May aggravate Vata dosha; avoid in dry skin, constipation, anxiety conditions; Consult an Ayurvedic practitioner before use during pregnancy or lactation","Kapha, Pitta",Vata,False,/p/kampillaka.html
Bilwa Patra,,,Bael leaves for digestion and Vata disorders.,"Kashaya, Tikta",Laghu,Ushna,Katu,"Agnideepana, Shoolahara",Analgesic; Bael leaves for digestion and Vata disorders.,Analgesic,"Use with caution in Pitta aggravation, high acidity, inflammatory conditions; May aggravate Pitta dosha; avoid in burning sensation, ulcers, bleeding disorders; Consult an Ayurvedic practitioner before use during pregnancy or lactation","Vata, Kapha",Pitta,False,/p/bilwa-patra.html
Amlavetasa,,,"Used in dyspepsia, obesity and to stimulate digestion.","Amla, Katu","Laghu, Ruksha",Ushna,Katu,"Agnideepana, Lekhana","Metabolic; Used in dyspepsia, obesity and to stimulate digestion.",Metabolic,"Use with caution in Pitta aggravation, high acidity, inflammatory conditions; May aggravate Pitta dosha; avoid in burning sensation, ulcers, bleeding disorders; Consult an Ayurvedic practitioner before use during pregnancy or lactation",Kapha,Pitta,False,/p/amlavetasa.html
Ardraka,,,"Fresh ginger root used for digestion, nausea and cold.",Katu,"Laghu, Snigdha",Ushna,Madhura,"Amapachana, Deepana","Digestive; Fresh ginger root used for digestion, nausea and cold.",Digestive,"Use with caution in Pitta aggravation, high acidity, inflammatory conditions; May aggravate Pitta dosha; avoid in burning sensation, ulcers, bleeding disorders; Consult an Ayurvedic practitioner before use during pregnancy or lactation","Vata, Kapha",Pitta,False,/p/ardraka.html
Lasuna,,,"Garlic used for cardiac care, digestion, and immunity.",Katu,"Laghu, Tikshna",Ushna,Katu,"Hridya, Shothahara","Anti-inflammatory; Garlic used for cardiac care, digestion, and immunity.",Anti-inflammatory,"Use with caution in Pitta aggravation, high acidity, inflammatory conditions; May aggravate Pitta dosha; avoid in burning sensation, ulcers, bleeding disorders; Consult an Ayurvedic practitioner before use during pregnancy or lactation","Vata, Kapha",Pitta,False,/p/lasuna.html
Parijata,,,"Night jasmine, good for cough, fever and arthritis.",Tikta,Laghu,Ushna,Katu,"Jwarahara, Vatahara","Night jasmine, good for cough, fever and arthritis.",General Wellness,"Use with caution in Pitta aggravation, high acidity, inflammatory conditions; May aggravate Kapha dosha; avoid in congestion, obesity, lethargy conditions; Consult an Ayurvedic practitioner before use during pregnancy or lactation","Vata, Pitta",Kapha,False,/p/parijata.html
Rajika,,,Mustard seeds help in digestion and pain relief.,Katu,"Laghu, Tikshna",Ushna,Katu,"Shothahara, Shoolahara",Analgesic; Anti-inflammatory; Mustard seeds help in digestion and pain relief.,"Analgesic, Anti-inflammatory","Use with caution in Pitta aggravation, high acidity, inflammatory conditions; May aggravate Pitta dosha; avoid in burning sensation, ulcers, bleeding disorders; May aggravate Vata dosha; avoid in dry skin, constipation, anxiety conditions; Consult an Ayurvedic practitioner before use during pregnancy or lactation",Kapha,"Pitta, Vata",False,/p/rajika.html
Rakta Chandana,,,"Red sandalwood for skin, bleeding disorders and cooling.","Tikta, Kashaya","Guru, Snigdha",Sheeta,Katu,"Raktaprasadana, Dahashamana","Red sandalwood for skin, bleeding disorders and cooling.",General Wellness,"Use with caution in Kapha aggravation, cold conditions, low digestive fire; May aggravate Kapha dosha; avoid in congestion, obesity, lethargy conditions; Consult an Ayurvedic practitioner before use during pregnancy or lactation",Pitta,Kapha,False,/p/rakta-chandana.html
Rasona Patra,,,Garlic leaves used in cough and indigestion.,Katu,"Tikshna, Laghu",Ushna,Katu,"Amapachana, Kaphahara",Garlic leaves used in cough and indigestion.,General Wellness,"Use with caution in Pitta aggravation, high acidity, inflammatory conditions; May aggravate Pitta dosha; avoid in burning sensation, ulcers, bleeding disorders; Consult an Ayurvedic practitioner before use during pregnancy or lactation","Kapha, Vata",Pitta,False,/p/rasona-patra.html
Simhamoola,,,Used in Vata disorders and swelling.,"Tikta, Katu","Laghu, Ruksha",Ushna,Katu,"Vatanashaka, Shothahara",Anti-inflammatory; Used in Vata disorders and swelling.,Anti-inflammatory,"Use with caution in Pitta aggravation, high acidity, inflammatory conditions; May aggravate Pitta dosha; avoid in burning sensation, ulcers, bleeding disorders; Consult an Ayurvedic practitioner before use during pregnancy or lactation",Vata,Pitta,False,/p/simhamoola.html
Surana,,,"Elephant foot yam used for piles, swelling and digestion.","Katu, Tikta","Guru, Snigdha",Ushna,Katu,"Arshoghna, Agnideepana","Elephant foot yam used for piles, swelling and digestion.",General Wellness,"Use with caution in Pitta aggravation, high acidity, inflammatory conditions; May aggravate Pitta dosha; avoid in burning sensation, ulcers, bleeding disorders; Consult an Ayurvedic practitioner before use during pregnancy or lactation","Vata, Kapha",Pitta,False,/p/surana.html
Vasa,,,"Adhatoda vasica for cough, bleeding and Pitta conditions.","Tikta, Kashaya",Laghu,Sheeta,Katu,"Kaphahara, Raktaprasadana","Adhatoda vasica for cough, bleeding and Pitta conditions.",General Wellness,"Use with caution in Kapha aggravation, cold conditions, low digestive fire; May aggravate Vata dosha; avoid in dry skin, constipation, anxiety conditions; Consult an Ayurvedic practitioner before use during pregnancy or lactation",Pitta,Vata,False,/p/vasa.html
Zingiber,,,Dry ginger promotes digestion and balances Vata-Kapha.,Katu,"Laghu, Tikshna",Ushna,Madhura,"Amapachana, Deepana",Digestive; Dry ginger promotes digestion and balances Vata-Kapha.,Digestive,"Use with caution in Pitta aggravation, high acidity, inflammatory conditions; May aggravate Pitta dosha; avoid in burning sensation, ulcers, bleeding disorders; Consult an Ayurvedic practitioner before use during pregnancy or lactation","Vata, Kapha",Pitta,False,/p/zingiber.html
Lajjalu,,,Touch-me-not plant for bleeding piles and wounds.,Tikta,Laghu,Sheeta,Katu,"Stambhana, Vranaropana",Gynaecological; Touch-me-not plant for bleeding piles and wounds.,Gynaecological,"Use with caution in Kapha aggravation, cold conditions, low digestive fire; May aggravate Vata dosha; avoid in dry skin, constipation, anxiety conditions; May aggravate Kapha dosha; avoid in congestion, obesity, lethargy conditions; Consult an Ayurvedic practitioner before use during pregnancy or lactation",Pitta,"Vata, Kapha",False,/p/lajjalu.html
Manjistha,,,Powerful blood purifier for skin and liver.,"Tikta, Kashaya",Laghu,Sheeta,Madhura,"Raktashodhana, Kushtaghna",Dermatological; Powerful blood purifier for skin and liver.,Dermatological,"Use with caution in Kapha aggravation, cold conditions, low digestive fire; May aggravate Vata dosha; avoid in dry skin, constipation, anxiety conditions; Consult an Ayurvedic practitioner before use during pregnancy or lactation","Pitta, Kapha",Vata,False,/p/manjistha.html
Agnikarna,,,Traditionally used in Ayurvedic minor surgical procedures and pain relief.,Tikta,"Laghu, Tikshna",Ushna,Katu,"Vedanasthapana, Shothahara",Analgesic; Anti-inflammatory; Traditionally used in Ayurvedic minor surgical procedures and pain relief.,"Analgesic, Anti-inflammatory","Use with caution in Pitta aggravation, high acidity, inflammatory conditions; May aggravate Pitta dosha; avoid in burning sensation, ulcers, bleeding disorders; Consult an Ayurvedic practitioner before use during pregnancy or lactation",Vata,Pitta,False,/p/agnikarna.html
Atibala,,,"Used in urinary and nervous disorders, strengthens the body.",Madhura,"Guru, Snigdha",Sheeta,Madhura,"Balya, Vatahara","Strengthening; Used in urinary and nervous disorders, strengthens the body.",Strengthening,"Use with caution in Kapha aggravation, cold conditions, low digestive fire; May aggravate Kapha dosha; avoid in congestion, obesity, lethargy conditions; Consult an Ayurvedic practitioner before use during pregnancy or lactation",Vata,Kapha,False,/p/atibala.html
Gandhaka,,,Purified sulfur for skin diseases and microbial conditions.,Katu,Tikshna,Ushna,Katu,"Kushtaghna, Krimighna",Anti-parasitic; Dermatological; Purified sulfur for skin diseases and microbial conditions.,"Anti-parasitic, Dermatological","Use with caution in Pitta aggravation, high acidity, inflammatory conditions; May aggravate Pitta dosha; avoid in burning sensation, ulcers, bleeding disorders; Consult an Ayurvedic practitioner before use during pregnancy or lactation","Vata, Kapha",Pitta,False,/p/gandhaka.html
Karvellaka,,,Bitter gourd used in diabetes and liver disorders.,"Tikta, Katu","Laghu, Ruksha",Ushna,Katu,"Madhunashini, Yakritottejaka",Bitter gourd used in diabetes and liver disorders.,General Wellness,"Use with caution in Pitta aggravation, high acidity, inflammatory conditions; May aggravate Vata dosha; avoid in dry skin, constipation, anxiety conditions; Consult an Ayurvedic practitioner before use during pregnancy or lactation","Kapha, Pitta",Vata,False,/p/karvellaka.html
Katuki,,,"Used in liver cleansing, detox, and skin conditions.",Tikta,Laghu,Sheeta,Katu,"Pittaghna, Yakritottejaka","Pitta Pacifying; Used in liver cleansing, detox, and skin conditions.",Pitta Pacifying,"Use with caution in Kapha aggravation, cold conditions, low digestive fire; May aggravate Vata dosha; avoid in dry skin, constipation, anxiety conditions; Consult an Ayurvedic practitioner before use during pregnancy or lactation","Pitta, Kapha",Vata,False,/p/katuki.html
Madhuka,,,"Licorice used for cough, acidity, and skin glow.",Madhura,"Guru, Snigdha",Sheeta,Madhura,"Kantya, Vishaghna","Anti-toxic; Licorice used for cough, acidity, and skin glow.",Anti-toxic,"Use with caution in Kapha aggravation, cold conditions, low digestive fire; May aggravate Kapha dosha; avoid in congestion, obesity, lethargy conditions; Consult an Ayurvedic practitioner before use during pregnancy or lactation","Vata, Pitta",Kapha,False,/p/madhuka.html
Haritaki,,,"A key component of Triphala, Haritaki is a powerful rejuvenator and detoxifier, especially for Vata dosha. It supports digestion and colon health.","Kashaya, Madhura, Amla, Katu, Tikta","Laghu, Ruksha",Ushna,Madhura,"rasayan, Virechana, Chakshushya, Deepana","A key component of Triphala, Haritaki is a powerful rejuvenator and detoxifier, especially for Vata dosha. It supports digestion and colon health.; Digestive; Ophthalmological; Purgative; Rejuvenation","Digestive, Ophthalmological, Purgative, Rejuvenation","Use with caution in Pitta aggravation, high acidity, inflammatory conditions; Consult an Ayurvedic practitioner before use during pregnancy or lactation",tridosha,,True,/p/haritaki.html
Bibhitaki,,,"The second fruit of Triphala, Bibhitaki is excellent for balancing Kapha dosha. It supports the respiratory system and purifies the blood.",Kashaya,"Laghu, Ruksha",Ushna,Madhura,"Kasahara, Krimighna, Chakshushya","Anti-parasitic; Ophthalmological; Respiratory; The second fruit of Triphala, Bibhitaki is excellent for balancing Kapha dosha. It supports the respiratory system and purifies the blood.","Anti-parasitic, Ophthalmological, Respiratory","Use with caution in Pitta aggravation, high acidity, inflammatory conditions; May aggravate Vata dosha; avoid in dry skin, constipation, anxiety conditions; Consult an Ayurvedic practitioner before use during pregnancy or lactation","Kapha, Pitta",Vata,False,/p/bibhitaki.html
Pippali,Piper longum,पिप्पली,Long pepper is a powerful stimulant for the digestive and respiratory systems. It is a key ingredient in the Trikatu formula.,Katu,"Laghu, Snigdha, Tikshna",Ushna,Madhura,"rasayan, Deepana, Kasahara, Vrishya",Digestive; Long pepper is a powerful stimulant for the digestive and respiratory systems. It is a key ingredient in the Trikatu formula.; Rejuvenation; Reproductive; Respiratory,"Digestive, Rejuvenation, Reproductive, Respiratory","Use with caution in Pitta aggravation, high acidity, inflammatory conditions; May aggravate Pitta dosha; avoid in burning sensation, ulcers, bleeding disorders; Consult an Ayurvedic practitioner before use during pregnancy or lactation","Vata, Kapha",Pitta,False,/p/pippali.html
Maricha,Piper nigrum,मरिच,"Black pepper enhances digestion, stimulates metabolism, and helps clear congestion. It is a part of the Trikatu formula.",Katu,"Laghu, Tikshna",Ushna,Katu,"Deepana, Krimighna, Shwasahara","Anti-parasitic; Black pepper enhances digestion, stimulates metabolism, and helps clear congestion. It is a part of the Trikatu formula.; Digestive; Respiratory","Anti-parasitic, Digestive, Respiratory","Use with caution in Pitta aggravation, high acidity, inflammatory conditions; May aggravate Pitta dosha; avoid in burning sensation, ulcers, bleeding disorders; Consult an Ayurvedic practitioner before use during pregnancy or lactation","Vata, Kapha",Pitta,False,/p/maricha.html
Shunthi,Zingiber officinale,सोंठ,"Dry ginger is known as the 'universal medicine'. It aids digestion, reduces inflammation, and pacifies Vata and Kapha.",Katu,"Laghu, Snigdha",Ushna,Madhura,"Deepana, Pachana, rasayan, Hridaya","Cardiac; Digestive; Dry ginger is known as the 'universal medicine'. It aids digestion, reduces inflammation, and pacifies Vata and Kapha.; Rejuvenation","Cardiac, Digestive, Rejuvenation","Use with caution in Pitta aggravation, high acidity, inflammatory conditions; May aggravate Pitta dosha; avoid in burning sensation, ulcers, bleeding disorders; Consult an Ayurvedic practitioner before use during pregnancy or lactation","Vata, Kapha",Pitta,False,/p/shunthi.html
Brahmi,Bacopa monnieri,ब्राह्मी,"Brahmi (Bacopa monnieri) is a premier herb for the brain and nervous system, enhancing memory, concentration, and calming the mind.","Tikta, Kashaya",Laghu,Sheeta,Madhura,"Medhya, rasayan, Jwaraghna","Anti-pyretic; Brahmi (Bacopa monnieri) is a premier herb for the brain and nervous system, enhancing memory, concentration, and calming the mind.; Neurological; Rejuvenation","Anti-pyretic, Neurological, Rejuvenation","Use with caution in Kapha aggravation, cold conditions, low digestive fire; May aggravate Kapha dosha; avoid in congestion, obesity, lethargy conditions; Consult an Ayurvedic practitioner before use during pregnancy or lactation","Vata, Pitta",Kapha,False,/p/brahmi.html
Musta,,,"Nut grass is one of the best herbs for digestive issues, particularly for absorbing fluids and regulating menstruation.","Tikta, Katu, Kashaya","Laghu, Ruksha",Sheeta,Katu,"Deepana, Pachana, Grahi, Jwaraghna","Anti-pyretic; Digestive; Nut grass is one of the best herbs for digestive issues, particularly for absorbing fluids and regulating menstruation.","Anti-pyretic, Digestive","Use with caution in Kapha aggravation, cold conditions, low digestive fire; May aggravate Vata dosha; avoid in dry skin, constipation, anxiety conditions; Consult an Ayurvedic practitioner before use during pregnancy or lactation","Pitta, Kapha",Vata,False,/p/musta.html
Vidanga,,,False black pepper is the primary Ayurvedic herb for eliminating intestinal worms and parasites.,"Katu, Kashaya","Laghu, Ruksha, Tikshna",Ushna,Katu,"Krimighna, Lekhana, Deepana",Anti-parasitic; Digestive; False black pepper is the primary Ayurvedic herb for eliminating intestinal worms and parasites.; Metabolic,"Anti-parasitic, Digestive, Metabolic","Use with caution in Pitta aggravation, high acidity, inflammatory conditions; May aggravate Pitta dosha; avoid in burning sensation, ulcers, bleeding disorders; Consult an Ayurvedic practitioner before use during pregnancy or lactation","Vata, Kapha",Pitta,False,/p/vidanga.html
Arjuna,Terminalia arjuna,अर्जुन,"Arjuna is the foremost cardiotonic in Ayurveda, strengthening the heart muscle and supporting overall cardiovascular health.",Kashaya,"Laghu, Ruksha",Sheeta,Katu,"Hridaya, Raktashodhak, Sandhanakaraka","Arjuna is the foremost cardiotonic in Ayurveda, strengthening the heart muscle and supporting overall cardiovascular health.; Blood Purification; Cardiac","Blood Purification, Cardiac","Use with caution in Kapha aggravation, cold conditions, low digestive fire; May aggravate Vata dosha; avoid in dry skin, constipation, anxiety conditions; Consult an Ayurvedic practitioner before use during pregnancy or lactation","Pitta, Kapha",Vata,False,/p/arjuna.html
Punarnava,,,"Known for its diuretic and rejuvenating properties, Punarnava supports kidney and liver function and reduces swelling.","Madhura, Tikta, Kashaya","Laghu, Ruksha",Ushna,Madhura,"Mutrala, Shothahara, rasayan","Anti-inflammatory; Known for its diuretic and rejuvenating properties, Punarnava supports kidney and liver function and reduces swelling.; Rejuvenation; Urinary","Anti-inflammatory, Rejuvenation, Urinary","Use with caution in Pitta aggravation, high acidity, inflammatory conditions; May aggravate Vata dosha; avoid in dry skin, constipation, anxiety conditions; Consult an Ayurvedic practitioner before use during pregnancy or lactation","Pitta, Kapha",Vata,False,/p/punarnava.html
Vacha,,,"Sweet flag is a powerful herb for the mind, improving speech, intelligence, and clearing toxins from the nervous system.","Katu, Tikta","Laghu, Tikshna",Ushna,Katu,"Medhya, Sanjnasthapana, Krimighna","Anti-parasitic; Neurological; Sweet flag is a powerful herb for the mind, improving speech, intelligence, and clearing toxins from the nervous system.","Anti-parasitic, Neurological","Use with caution in Pitta aggravation, high acidity, inflammatory conditions; May aggravate Pitta dosha; avoid in burning sensation, ulcers, bleeding disorders; Consult an Ayurvedic practitioner before use during pregnancy or lactation","Vata, Kapha",Pitta,False,/p/vacha.html
Hingu,,,"Asafoetida is a potent digestive stimulant that alleviates gas, bloating, and abdominal pain. Excellent for Vata dosha.",Katu,"Laghu, Snigdha, Tikshna",Ushna,Katu,"Deepana, Pachana, Shoolaghna, Vatanulomana","Analgesic; Asafoetida is a potent digestive stimulant that alleviates gas, bloating, and abdominal pain. Excellent for Vata dosha.; Digestive","Analgesic, Digestive","Use with caution in Pitta aggravation, high acidity, inflammatory conditions; May aggravate Pitta dosha; avoid in burning sensation, ulcers, bleeding disorders; Consult an Ayurvedic practitioner before use during pregnancy or lactation","Vata, Kapha",Pitta,False,/p/hingu.html
Jeeraka,,,"Cumin seeds are a superb digestive aid, improving absorption and relieving gas and cramps.",Katu,"Laghu, Ruksha",Ushna,Katu,"Deepana, Pachana, Grahi","Cumin seeds are a superb digestive aid, improving absorption and relieving gas and cramps.; Digestive",Digestive,"Use with caution in Pitta aggravation, high acidity, inflammatory conditions; May aggravate Pitta dosha; avoid in burning sensation, ulcers, bleeding disorders; Consult an Ayurvedic practitioner before use during pregnancy or lactation","Vata, Kapha",Pitta,False,/p/jeeraka.html
Dhanyaka,,,"Coriander is a cooling digestive herb that soothes an irritated gut, relieves thirst, and pacifies Pitta dosha.","Kashaya, Tikta","Laghu, Snigdha",Ushna,Madhura,"Deepana, Pachana, Mutrala, Jwaraghna","Anti-pyretic; Coriander is a cooling digestive herb that soothes an irritated gut, relieves thirst, and pacifies Pitta dosha.; Digestive; Urinary","Anti-pyretic, Digestive, Urinary","Use with caution in Pitta aggravation, high acidity, inflammatory conditions; Consult an Ayurvedic practitioner before use during pregnancy or lactation",tridosha,,True,/p/dhanyaka.html
Methi,,,"Fenugreek seeds are used to balance blood sugar, improve digestion, and support lactation.","Tikta, Katu","Laghu, Snigdha",Ushna,Katu,"Deepana, Vatanulomana, Balya","Digestive; Fenugreek seeds are used to balance blood sugar, improve digestion, and support lactation.; Strengthening","Digestive, Strengthening","Use with caution in Pitta aggravation, high acidity, inflammatory conditions; May aggravate Pitta dosha; avoid in burning sensation, ulcers, bleeding disorders; Consult an Ayurvedic practitioner before use during pregnancy or lactation","Vata, Kapha",Pitta,False,/p/methi.html
Shallaki,,,Boswellia serrata is a powerful anti-inflammatory herb used to support joint health and relieve arthritic pain.,"Kashaya, Tikta","Laghu, Ruksha",Sheeta,Katu,"Shothahara, Grahi, Vedanasthapana",Analgesic; Anti-inflammatory; Boswellia serrata is a powerful anti-inflammatory herb used to support joint health and relieve arthritic pain.; Digestive,"Analgesic, Anti-inflammatory, Digestive","Use with caution in Kapha aggravation, cold conditions, low digestive fire; May aggravate Vata dosha; avoid in dry skin, constipation, anxiety conditions; Consult an Ayurvedic practitioner before use during pregnancy or lactation","Pitta, Kapha",Vata,False,/p/shallaki.html
Jyotishmati,,,"Known as the 'intellect tree', its oil is used to sharpen memory and improve cognitive function.","Katu, Tikta","Tikshna, Sara",Ushna,Katu,"Medhya, Virechana, Deepana","Digestive; Known as the 'intellect tree', its oil is used to sharpen memory and improve cognitive function.; Neurological; Purgative","Digestive, Neurological, Purgative","Use with caution in Pitta aggravation, high acidity, inflammatory conditions; May aggravate Pitta dosha; avoid in burning sensation, ulcers, bleeding disorders; Consult an Ayurvedic practitioner before use during pregnancy or lactation","Vata, Kapha",Pitta,False,/p/jyotishmati.html
Japa,,,"Hibiscus flower is used to purify blood, support hair health, and cool the body, making it excellent for Pitta.","Kashaya, Madhura","Laghu, Ruksha",Sheeta,Katu,"Keshya, Raktashodhak, Hridaya","Blood Purification; Cardiac; Hibiscus flower is used to purify blood, support hair health, and cool the body, making it excellent for Pitta.","Blood Purification, Cardiac","Use with caution in Kapha aggravation, cold conditions, low digestive fire; May aggravate Vata dosha; avoid in dry skin, constipation, anxiety conditions; Consult an Ayurvedic practitioner before use during pregnancy or lactation","Pitta, Kapha",Vata,False,/p/japa.html
Kamala,,,The sacred Lotus has cooling properties and is used in bleeding disorders and to calm the mind and heart.,"Madhura, Kashaya","Laghu, Snigdha",Sheeta,Madhura,"Hridaya, Varnya, Grahi",Cardiac; Dermatological; Digestive; The sacred Lotus has cooling properties and is used in bleeding disorders and to calm the mind and heart.,"Cardiac, Dermatological, Digestive","Use with caution in Kapha aggravation, cold conditions, low digestive fire; May aggravate Vata dosha; avoid in dry skin, constipation, anxiety conditions; Consult an Ayurvedic practitioner before use during pregnancy or lactation","Pitta, Kapha",Vata,False,/p/kamala.html
Ketaki,,,Kewra flower is used in Ayurveda for its aromatic properties and to support brain and nerve health.,"Tikta, Madhura",Laghu,Ushna,Katu,"Medhya, Chakshushya",Kewra flower is used in Ayurveda for its aromatic properties and to support brain and nerve health.; Neurological; Ophthalmological,"Neurological, Ophthalmological","Use with caution in Pitta aggravation, high acidity, inflammatory conditions; May aggravate Vata dosha; avoid in dry skin, constipation, anxiety conditions; Consult an Ayurvedic practitioner before use during pregnancy or lactation","Pitta, Kapha",Vata,False,/p/ketaki.html
Atasi,,,"Flax seeds are a rich source of healthy fats, used to balance Vata, lubricate the intestines, and support skin health.",Madhura,"Guru, Snigdha",Ushna,Katu,"Balya, Vatahara, Varnya","Dermatological; Flax seeds are a rich source of healthy fats, used to balance Vata, lubricate the intestines, and support skin health.; Strengthening","Dermatological, Strengthening","Use with caution in Pitta aggravation, high acidity, inflammatory conditions; May aggravate Pitta dosha; avoid in burning sensation, ulcers, bleeding disorders; May aggravate Kapha dosha; avoid in congestion, obesity, lethargy conditions; Consult an Ayurvedic practitioner before use during pregnancy or lactation",Vata,"Pitta, Kapha",False,/p/atasi.html
Tila,,,"Sesame seeds and their oil are profoundly nourishing, especially for Vata dosha, supporting bone, skin, and hair health.","Madhura, Kashaya","Guru, Snigdha",Ushna,Madhura,"Balya, Keshya, Vrishya","Reproductive; Sesame seeds and their oil are profoundly nourishing, especially for Vata dosha, supporting bone, skin, and hair health.; Strengthening","Reproductive, Strengthening","Use with caution in Pitta aggravation, high acidity, inflammatory conditions; May aggravate Pitta dosha; avoid in burning sensation, ulcers, bleeding disorders; May aggravate Kapha dosha; avoid in congestion, obesity, lethargy conditions; Consult an Ayurvedic practitioner before use during pregnancy or lactation",Vata,"Pitta, Kapha",False,/p/tila.html
Brihati,,,"A member of the Dashamoola, Brihati is used to support respiratory health and is effective in treating cough and cold.","Katu, Tikta","Laghu, Ruksha",Ushna,Katu,"Kasahara, Shothahara, Deepana","A member of the Dashamoola, Brihati is used to support respiratory health and is effective in treating cough and cold.; Anti-inflammatory; Digestive; Respiratory","Anti-inflammatory, Digestive, Respiratory","Use with caution in Pitta aggravation, high acidity, inflammatory conditions; May aggravate Pitta dosha; avoid in burning sensation, ulcers, bleeding disorders; Consult an Ayurvedic practitioner before use during pregnancy or lactation","Vata, Kapha",Pitta,False,/p/brihati.html
Gokshura,,,"Tribulus terrestris is a renowned tonic for the urinary system, supporting kidney and bladder health, and acts as an aphrodisiac.",Madhura,"Guru, Snigdha",Sheeta,Madhura,"Mutrala, Vrishya, rasayan, Shothahara","Anti-inflammatory; Rejuvenation; Reproductive; Tribulus terrestris is a renowned tonic for the urinary system, supporting kidney and bladder health, and acts as an aphrodisiac.; Urinary","Anti-inflammatory, Rejuvenation, Reproductive, Urinary","Use with caution in Kapha aggravation, cold conditions, low digestive fire; May aggravate Kapha dosha; avoid in congestion, obesity, lethargy conditions; Consult an Ayurvedic practitioner before use during pregnancy or lactation","Vata, Pitta",Kapha,False,/p/gokshura.html
Hamsapadi,,,A lesser-known but potent herb used for blood purification and as a tonic for the nervous system.,"Tikta, Kashaya","Laghu, Ruksha",Sheeta,Katu,"Raktashodhak, Medhya",A lesser-known but potent herb used for blood purification and as a tonic for the nervous system.; Blood Purification; Neurological,"Blood Purification, Neurological","Use with caution in Kapha aggravation, cold conditions, low digestive fire; May aggravate Vata dosha; avoid in dry skin, constipation, anxiety conditions; Consult an Ayurvedic practitioner before use during pregnancy or lactation","Pitta, Kapha",Vata,False,/p/hamsapadi.html
Lavanga,,,"Clove is a powerful aromatic herb that acts as a pain reliever, especially for toothaches, and stimulates digestion.","Katu, Tikta","Laghu, Tikshna",Sheeta,Katu,"Deepana, Shoolaghna, Kasahara","Analgesic; Clove is a powerful aromatic herb that acts as a pain reliever, especially for toothaches, and stimulates digestion.; Digestive; Respiratory","Analgesic, Digestive, Respiratory","Use with caution in Kapha aggravation, cold conditions, low digestive fire; May aggravate Pitta dosha; avoid in burning sensation, ulcers, bleeding disorders; Consult an Ayurvedic practitioner before use during pregnancy or lactation","Vata, Kapha",Pitta,False,/p/lavanga.html
Nagakesara,,,Used primarily in bleeding disorders due to its astringent and hemostatic properties. It is also good for the skin.,Kashaya,"Laghu, Ruksha",Ushna,Katu,"Raktastambhana, Deepana",Digestive; Used primarily in bleeding disorders due to its astringent and hemostatic properties. It is also good for the skin.,Digestive,"Use with caution in Pitta aggravation, high acidity, inflammatory conditions; May aggravate Vata dosha; avoid in dry skin, constipation, anxiety conditions; Consult an Ayurvedic practitioner before use during pregnancy or lactation","Pitta, Kapha",Vata,False,/p/nagakesara.html
Sarpagandha,,,"Indian snakeroot is a powerful herb for managing high blood pressure and calming anxiety, but should be used with caution.",Tikta,Ruksha,Ushna,Katu,"Nidrajanana, Raktachapashamaka","Indian snakeroot is a powerful herb for managing high blood pressure and calming anxiety, but should be used with caution.",General Wellness,"Use with caution in Pitta aggravation, high acidity, inflammatory conditions; May aggravate Pitta dosha; avoid in burning sensation, ulcers, bleeding disorders; Consult an Ayurvedic practitioner before use during pregnancy or lactation","Vata, Kapha",Pitta,False,/p/sarpagandha.html
Tejapatra,,,"Indian bay leaf is an aromatic stimulant for digestion and metabolism, helping to balance Kapha dosha.","Katu, Madhura","Laghu, Tikshna",Ushna,Katu,"Deepana, Mutrala","Digestive; Indian bay leaf is an aromatic stimulant for digestion and metabolism, helping to balance Kapha dosha.; Urinary","Digestive, Urinary","Use with caution in Pitta aggravation, high acidity, inflammatory conditions; May aggravate Pitta dosha; avoid in burning sensation, ulcers, bleeding disorders; Consult an Ayurvedic practitioner before use during pregnancy or lactation","Vata, Kapha",Pitta,False,/p/tejapatra.html
Varuna,,,"Varuna is a specific herb for urinary health, known for its ability to break down kidney stones and support prostate health.","Tikta, Kashaya","Laghu, Ruksha",Ushna,Katu,"Mutrala, Ashmaribhedana, Deepana","Digestive; Urinary; Varuna is a specific herb for urinary health, known for its ability to break down kidney stones and support prostate health.","Digestive, Urinary","Use with caution in Pitta aggravation, high acidity, inflammatory conditions; May aggravate Pitta dosha; avoid in burning sensation, ulcers, bleeding disorders; Consult an Ayurvedic practitioner before use during pregnancy or lactation","Vata, Kapha",Pitta,False,/p/varuna.html
Aragwadha,,,"Known as Cassia fistula, Aragwadha is a potent but gentle laxative, excellent for clearing Pitta and ama from the digestive tract.","Madhura, Tikta","Guru, Snigdha",Sheeta,Madhura,"Virechana, Kushtaghna, Jwaraghna","Anti-pyretic; Dermatological; Known as Cassia fistula, Aragwadha is a potent but gentle laxative, excellent for clearing Pitta and ama from the digestive tract.; Purgative","Anti-pyretic, Dermatological, Purgative","Use with caution in Kapha aggravation, cold conditions, low digestive fire; May aggravate Vata dosha; avoid in dry skin, constipation, anxiety conditions; Consult an Ayurvedic practitioner before use during pregnancy or lactation","Pitta, Kapha",Vata,False,/p/aragwadha.html
Apamarga,,,"Prickly Chaff Flower is used for its cleansing properties, especially in panchakarma. It aids in digestion and detoxification.","Katu, Tikta","Laghu, Tikshna",Ushna,Katu,"Lekhana, Krimighna, Deepana","Anti-parasitic; Digestive; Metabolic; Prickly Chaff Flower is used for its cleansing properties, especially in panchakarma. It aids in digestion and detoxification.","Anti-parasitic, Digestive, Metabolic","Use with caution in Pitta aggravation, high acidity, inflammatory conditions; May aggravate Pitta dosha; avoid in burning sensation, ulcers, bleeding disorders; Consult an Ayurvedic practitioner before use during pregnancy or lactation","Kapha, Vata",Pitta,False,/p/apamarga.html
Kalmegh,,,"The 'King of Bitters' (Andrographis paniculata) is a powerful immune stimulant and liver protector, widely used for fevers and colds.",Tikta,"Laghu, Ruksha",Sheeta,Katu,"Jwaraghna, Raktashodhak, Yakrituttejaka","Anti-pyretic; Blood Purification; Hepatoprotective; The 'King of Bitters' (Andrographis paniculata) is a powerful immune stimulant and liver protector, widely used for fevers and colds.","Anti-pyretic, Blood Purification, Hepatoprotective","Use with caution in Kapha aggravation, cold conditions, low digestive fire; May aggravate Vata dosha; avoid in dry skin, constipation, anxiety conditions; Consult an Ayurvedic practitioner before use during pregnancy or lactation","Pitta, Kapha",Vata,False,/p/kalmegh.html
Vidari,,,"Pueraria tuberosa is a nourishing rejuvenative tonic that promotes strength, vitality, and supports lactation.",Madhura,"Guru, Snigdha",Sheeta,Madhura,"Balya, Vrishya, rasayan, Stanyajanana","Pueraria tuberosa is a nourishing rejuvenative tonic that promotes strength, vitality, and supports lactation.; Rejuvenation; Reproductive; Strengthening","Rejuvenation, Reproductive, Strengthening","Use with caution in Kapha aggravation, cold conditions, low digestive fire; May aggravate Kapha dosha; avoid in congestion, obesity, lethargy conditions; Consult an Ayurvedic practitioner before use during pregnancy or lactation","Vata, Pitta",Kapha,False,/p/vidari.html
Trivrit,,,Operculina turpethum is a strong purgative herb used in Ayurveda for detoxification and relieving constipation.,"Katu, Tikta","Laghu, Ruksha, Tikshna",Ushna,Katu,"Virechana, Jwaraghna",Anti-pyretic; Operculina turpethum is a strong purgative herb used in Ayurveda for detoxification and relieving constipation.; Purgative,"Anti-pyretic, Purgative","Use with caution in Pitta aggravation, high acidity, inflammatory conditions; May aggravate Vata dosha; avoid in dry skin, constipation, anxiety conditions; Consult an Ayurvedic practitioner before use during pregnancy or lactation","Pitta, Kapha",Vata,False,/p/trivrit.html
Durva,,,"Bermuda grass is a revered cooling herb that purifies the blood and stops bleeding, excellent for Pitta conditions.","Madhura, Kashaya",Laghu,Sheeta,Madhura,"Raktastambhana, Varnya, Dahashamana","Bermuda grass is a revered cooling herb that purifies the blood and stops bleeding, excellent for Pitta conditions.; Dermatological",Dermatological,"Use with caution in Kapha aggravation, cold conditions, low digestive fire; May aggravate Vata dosha; avoid in dry skin, constipation, anxiety conditions; Consult an Ayurvedic practitioner before use during pregnancy or lactation","Pitta, Kapha",Vata,False,/p/durva.html
Jatiphala,,,"Nutmeg is an aromatic stimulant used for improving digestion, inducing sleep, and relieving pain.","Katu, Tikta","Laghu, Tikshna",Ushna,Katu,"Deepana, Grahi, Nidrajanana","Digestive; Nutmeg is an aromatic stimulant used for improving digestion, inducing sleep, and relieving pain.",Digestive,"Use with caution in Pitta aggravation, high acidity, inflammatory conditions; May aggravate Pitta dosha; avoid in burning sensation, ulcers, bleeding disorders; Consult an Ayurvedic practitioner before use during pregnancy or lactation","Vata, Kapha",Pitta,False,/p/jatiphala.html
Kulattha,,,"Horse gram is used for treating kidney stones, cough, and asthma. It has a heating and Kapha-reducing effect.",Kashaya,"Laghu, Ruksha",Ushna,Amla,"Ashmaribhedana, Lekhana, Kasahara","Horse gram is used for treating kidney stones, cough, and asthma. It has a heating and Kapha-reducing effect.; Metabolic; Respiratory","Metabolic, Respiratory","Use with caution in Pitta aggravation, high acidity, inflammatory conditions; May aggravate Pitta dosha; avoid in burning sensation, ulcers, bleeding disorders; Consult an Ayurvedic practitioner before use during pregnancy or lactation","Vata, Kapha",Pitta,False,/p/kulattha.html
Amra,,,"Mango (ripe) is nourishing and strength-promoting, while the unripe fruit and seed are astringent and used for diarrhea.","Madhura, Kashaya","Guru, Snigdha",Sheeta,Madhura,"Balya, Vrishya, Grahi","Digestive; Mango (ripe) is nourishing and strength-promoting, while the unripe fruit and seed are astringent and used for diarrhea.; Reproductive; Strengthening","Digestive, Reproductive, Strengthening","Use with caution in Kapha aggravation, cold conditions, low digestive fire; May aggravate Kapha dosha; avoid in congestion, obesity, lethargy conditions; Consult an Ayurvedic practitioner before use during pregnancy or lactation","Vata, Pitta",Kapha,False,/p/amra.html
Jambu,,,Jamun or Black Plum is used in managing diabetes and diarrhea due to its astringent and blood sugar-regulating properties.,"Kashaya, Madhura","Laghu, Ruksha",Sheeta,Katu,"Grahi, Pramehaghna",Digestive; Jamun or Black Plum is used in managing diabetes and diarrhea due to its astringent and blood sugar-regulating properties.,Digestive,"Use with caution in Kapha aggravation, cold conditions, low digestive fire; May aggravate Vata dosha; avoid in dry skin, constipation, anxiety conditions; Consult an Ayurvedic practitioner before use during pregnancy or lactation","Pitta, Kapha",Vata,False,/p/jambu.html
Snuhi,,,Euphorbia neriifolia is a very potent purgative herb used under expert guidance for severe constipation and skin diseases.,Katu,"Laghu, Tikshna",Ushna,Katu,"Virechana, Kushtaghna",Dermatological; Euphorbia neriifolia is a very potent purgative herb used under expert guidance for severe constipation and skin diseases.; Purgative,"Dermatological, Purgative","Use with caution in Pitta aggravation, high acidity, inflammatory conditions; May aggravate Pitta dosha; avoid in burning sensation, ulcers, bleeding disorders; Consult an Ayurvedic practitioner before use during pregnancy or lactation","Kapha, Vata",Pitta,False,/p/snuhi.html
Kasani,,,"Chicory is a well-known liver tonic that supports detoxification, digestion, and urinary health.",Tikta,"Laghu, Ruksha",Ushna,Katu,"Yakrituttejaka, Mutrala","Chicory is a well-known liver tonic that supports detoxification, digestion, and urinary health.; Hepatoprotective; Urinary","Hepatoprotective, Urinary","Use with caution in Pitta aggravation, high acidity, inflammatory conditions; May aggravate Vata dosha; avoid in dry skin, constipation, anxiety conditions; Consult an Ayurvedic practitioner before use during pregnancy or lactation","Pitta, Kapha",Vata,False,/p/kasani.html
Sharapunkha,,,Tephrosia purpurea is a renowned herb for liver and spleen disorders and also acts as a blood purifier.,"Tikta, Kashaya","Laghu, Ruksha",Ushna,Katu,"Yakrituttejaka, Raktashodhak",Blood Purification; Hepatoprotective; Tephrosia purpurea is a renowned herb for liver and spleen disorders and also acts as a blood purifier.,"Blood Purification, Hepatoprotective","Use with caution in Pitta aggravation, high acidity, inflammatory conditions; May aggravate Vata dosha; avoid in dry skin, constipation, anxiety conditions; Consult an Ayurvedic practitioner before use during pregnancy or lactation","Pitta, Kapha",Vata,False,/p/sharapunkha.html
Prishniparni,,,"A member of the Dashamoola group, Uraria picta is a tonic that balances all three doshas and supports fracture healing.","Madhura, Tikta",Guru,Ushna,Madhura,"Balya, Vrishya, Sandhanakaraka","A member of the Dashamoola group, Uraria picta is a tonic that balances all three doshas and supports fracture healing.; Reproductive; Strengthening","Reproductive, Strengthening","Use with caution in Pitta aggravation, high acidity, inflammatory conditions; Consult an Ayurvedic practitioner before use during pregnancy or lactation",tridosha,,True,/p/prishniparni.html
Jayapala,,,Croton tiglium is the most potent purgative in Ayurveda and must be used only after purification and in minute doses.,Katu,"Guru, Tikshna",Ushna,Katu,Virechana,Croton tiglium is the most potent purgative in Ayurveda and must be used only after purification and in minute doses.; Purgative,Purgative,"Use with caution in Pitta aggravation, high acidity, inflammatory conditions; May aggravate Pitta dosha; avoid in burning sensation, ulcers, bleeding disorders; Consult an Ayurvedic practitioner before use during pregnancy or lactation","Kapha, Vata",Pitta,False,/p/jayapala.html
Gunja,,,Abrus precatorius seeds are toxic but used after purification for skin diseases and as a nervine tonic.,"Tikta, Kashaya","Laghu, Ruksha",Ushna,Katu,"Keshya, Kushtaghna",Abrus precatorius seeds are toxic but used after purification for skin diseases and as a nervine tonic.; Dermatological,Dermatological,"Use with caution in Pitta aggravation, high acidity, inflammatory conditions; May aggravate Pitta dosha; avoid in burning sensation, ulcers, bleeding disorders; Consult an Ayurvedic practitioner before use during pregnancy or lactation","Vata, Kapha",Pitta,False,/p/gunja.html
Karavira,,,Oleander is a toxic plant used externally after processing for skin diseases and wound healing.,"Katu, Tikta","Laghu, Tikshna",Ushna,Katu,"Kushtaghna, Vranashodhak",Dermatological; Oleander is a toxic plant used externally after processing for skin diseases and wound healing.; Wound Healing,"Dermatological, Wound Healing","Use with caution in Pitta aggravation, high acidity, inflammatory conditions; May aggravate Pitta dosha; avoid in burning sensation, ulcers, bleeding disorders; Consult an Ayurvedic practitioner before use during pregnancy or lactation","Kapha, Vata",Pitta,False,/p/karavira.html
Kadamba,,,"Neolamarckia cadamba is a cooling herb used to pacify Pitta, manage fever, and treat ulcers.","Tikta, Kashaya",Ruksha,Sheeta,Katu,"Jwaraghna, Vranaropana","Anti-pyretic; Neolamarckia cadamba is a cooling herb used to pacify Pitta, manage fever, and treat ulcers.",Anti-pyretic,"Use with caution in Kapha aggravation, cold conditions, low digestive fire; May aggravate Vata dosha; avoid in dry skin, constipation, anxiety conditions; Consult an Ayurvedic practitioner before use during pregnancy or lactation","Pitta, Kapha",Vata,False,/p/kadamba.html
Badara,,,"Jujube fruit (Ber) is nourishing and acts as a mild laxative, while its leaves are used for wound healing.","Madhura, Amla","Guru, Snigdha",Sheeta,Madhura,"Balya, Grahi","Digestive; Jujube fruit (Ber) is nourishing and acts as a mild laxative, while its leaves are used for wound healing.; Strengthening","Digestive, Strengthening","Use with caution in Kapha aggravation, cold conditions, low digestive fire; May aggravate Kapha dosha; avoid in congestion, obesity, lethargy conditions; Consult an Ayurvedic practitioner before use during pregnancy or lactation","Vata, Pitta",Kapha,False,/p/badara.html
Kapittha,,,Wood Apple is used to treat chronic diarrhea and dysentery; the unripe fruit is a powerful astringent.,"Kashaya, Amla","Laghu, Ruksha",Sheeta,Katu,"Grahi, Deepana",Digestive; Wood Apple is used to treat chronic diarrhea and dysentery; the unripe fruit is a powerful astringent.,Digestive,"Use with caution in Kapha aggravation, cold conditions, low digestive fire; May aggravate Pitta dosha; avoid in burning sensation, ulcers, bleeding disorders; Consult an Ayurvedic practitioner before use during pregnancy or lactation","Vata, Kapha",Pitta,False,/p/kapittha.html
Kharjura,,,"Dates are highly nourishing, strength-promoting, and act as a natural aphrodisiac and tonic.",Madhura,"Guru, Snigdha",Sheeta,Madhura,"Balya, Vrishya, Brimhaniya","Dates are highly nourishing, strength-promoting, and act as a natural aphrodisiac and tonic.; Nutritive; Reproductive; Strengthening","Nutritive, Reproductive, Strengthening","Use with caution in Kapha aggravation, cold conditions, low digestive fire; May aggravate Kapha dosha; avoid in congestion, obesity, lethargy conditions; Consult an Ayurvedic practitioner before use during pregnancy or lactation","Vata, Pitta",Kapha,False,/p/kharjura.html
Langali,,,"Gloriosa superba is a potent herb used for inducing labor and in treating skin diseases, but is toxic if not used correctly.","Katu, Tikta","Laghu, Tikshna",Ushna,Katu,"Kushtaghna, Garbhashaya Sankochaka","Dermatological; Gloriosa superba is a potent herb used for inducing labor and in treating skin diseases, but is toxic if not used correctly.",Dermatological,"Use with caution in Pitta aggravation, high acidity, inflammatory conditions; May aggravate Pitta dosha; avoid in burning sensation, ulcers, bleeding disorders; Consult an Ayurvedic practitioner before use during pregnancy or lactation","Kapha, Vata",Pitta,False,/p/langali.html
Javitri,,,"Mace is the outer covering of nutmeg, used as an aromatic stimulant to improve appetite and digestion.","Katu, Tikta",Laghu,Ushna,Katu,"Deepana, Varnya","Dermatological; Digestive; Mace is the outer covering of nutmeg, used as an aromatic stimulant to improve appetite and digestion.","Dermatological, Digestive","Use with caution in Pitta aggravation, high acidity, inflammatory conditions; May aggravate Pitta dosha; avoid in burning sensation, ulcers, bleeding disorders; Consult an Ayurvedic practitioner before use during pregnancy or lactation","Vata, Kapha",Pitta,False,/p/javitri.html
Kankola,,,"Cubeb pepper is a diuretic and antiseptic, useful in urinary tract infections and respiratory congestion.","Katu, Tikta","Laghu, Tikshna",Ushna,Katu,"Mutrala, Deepana, Hridaya","Cardiac; Cubeb pepper is a diuretic and antiseptic, useful in urinary tract infections and respiratory congestion.; Digestive; Urinary","Cardiac, Digestive, Urinary","Use with caution in Pitta aggravation, high acidity, inflammatory conditions; May aggravate Pitta dosha; avoid in burning sensation, ulcers, bleeding disorders; Consult an Ayurvedic practitioner before use during pregnancy or lactation","Kapha, Vata",Pitta,False,/p/kankola.html
Mudga,,,"Green Gram (Mung Bean) is considered the best among pulses. It is light, easy to digest, and balancing for all doshas.","Madhura, Kashaya","Laghu, Ruksha",Sheeta,Madhura,"Grahi, Chakshushya","Digestive; Green Gram (Mung Bean) is considered the best among pulses. It is light, easy to digest, and balancing for all doshas.; Ophthalmological","Digestive, Ophthalmological","Use with caution in Kapha aggravation, cold conditions, low digestive fire; May aggravate Vata dosha; avoid in dry skin, constipation, anxiety conditions; Consult an Ayurvedic practitioner before use during pregnancy or lactation","Pitta, Kapha",Vata,False,/p/mudga.html
Masura,,,"Lentil is astringent and light, useful in managing diarrhea and bleeding disorders.","Madhura, Kashaya","Laghu, Ruksha",Sheeta,Madhura,"Grahi, Balya","Digestive; Lentil is astringent and light, useful in managing diarrhea and bleeding disorders.; Strengthening","Digestive, Strengthening","Use with caution in Kapha aggravation, cold conditions, low digestive fire; May aggravate Vata dosha; avoid in dry skin, constipation, anxiety conditions; Consult an Ayurvedic practitioner before use during pregnancy or lactation","Pitta, Kapha",Vata,False,/p/masura.html
Ishwari,,,"Aristolochia indica is a potent anti-venom and anti-inflammatory herb, used for snake bites and fevers.","Tikta, Katu","Laghu, Tikshna",Ushna,Katu,"Vishaghna, Jwaraghna","Anti-pyretic; Anti-toxic; Aristolochia indica is a potent anti-venom and anti-inflammatory herb, used for snake bites and fevers.","Anti-pyretic, Anti-toxic","Use with caution in Pitta aggravation, high acidity, inflammatory conditions; May aggravate Pitta dosha; avoid in burning sensation, ulcers, bleeding disorders; Consult an Ayurvedic practitioner before use during pregnancy or lactation","Kapha, Vata",Pitta,False,/p/ishwari.html
Bruhati,,,"Solanum indicum, part of Dashamoola, is effective in respiratory conditions and as a cardiotonic.","Katu, Tikta","Laghu, Ruksha",Ushna,Katu,"Hridaya, Shwasahara, Shothahara","Anti-inflammatory; Cardiac; Respiratory; Solanum indicum, part of Dashamoola, is effective in respiratory conditions and as a cardiotonic.","Anti-inflammatory, Cardiac, Respiratory","Use with caution in Pitta aggravation, high acidity, inflammatory conditions; May aggravate Pitta dosha; avoid in burning sensation, ulcers, bleeding disorders; Consult an Ayurvedic practitioner before use during pregnancy or lactation","Vata, Kapha",Pitta,False,/p/bruhati.html
Priyangu,,,"Callicarpa macrophylla is a cooling herb used for skin diseases, bleeding disorders, and headache.","Tikta, Kashaya","Laghu, Ruksha",Sheeta,Katu,"Dahashamana, Varnya","Callicarpa macrophylla is a cooling herb used for skin diseases, bleeding disorders, and headache.; Dermatological",Dermatological,"Use with caution in Kapha aggravation, cold conditions, low digestive fire; May aggravate Vata dosha; avoid in dry skin, constipation, anxiety conditions; Consult an Ayurvedic practitioner before use during pregnancy or lactation","Pitta, Kapha",Vata,False,/p/priyangu.html
Souvarchala Lavana,,,"Black salt, known as Kala Namak, aids digestion, relieves gas, and stimulates appetite.",Lavana,"Laghu, Tikshna",Ushna,Katu,"Deepana, Pachana, Hridaya","Black salt, known as Kala Namak, aids digestion, relieves gas, and stimulates appetite.; Cardiac; Digestive","Cardiac, Digestive","Use with caution in Pitta aggravation, high acidity, inflammatory conditions; May aggravate Pitta dosha; avoid in burning sensation, ulcers, bleeding disorders; Consult an Ayurvedic practitioner before use during pregnancy or lactation",Vata,Pitta,False,/p/souvarchala-lavana.html
Saindhava Lavana,,,Rock salt is considered the best among all salts. It is cooling and aids digestion without aggravating Pitta.,Lavana,"Laghu, Snigdha",Sheeta,Madhura,"Chakshushya, Hridaya, Vrishya",Cardiac; Ophthalmological; Reproductive; Rock salt is considered the best among all salts. It is cooling and aids digestion without aggravating Pitta.,"Cardiac, Ophthalmological, Reproductive","Use with caution in Kapha aggravation, cold conditions, low digestive fire; Consult an Ayurvedic practitioner before use during pregnancy or lactation",tridosha,,True,/p/saindhava-lavana.html
Dhattura,,,"A toxic plant (Jimsonweed) used in purified form for asthma, pain, and skin diseases.","Tikta, Katu","Laghu, Ruksha",Ushna,Katu,"Kasahara, Shwasahara, Vedanasthapana","A toxic plant (Jimsonweed) used in purified form for asthma, pain, and skin diseases.; Analgesic; Respiratory","Analgesic, Respiratory","Use with caution in Pitta aggravation, high acidity, inflammatory conditions; May aggravate Pitta dosha; avoid in burning sensation, ulcers, bleeding disorders; Consult an Ayurvedic practitioner before use during pregnancy or lactation","Kapha, Vata",Pitta,False,/p/dhattura.html
Ativisha,,,"Aconitum heterophyllum is a key herb for fever, diarrhea, and cough, especially in children.","Tikta, Katu","Laghu, Ruksha",Ushna,Katu,"Deepana, Pachana, Jwaraghna","Aconitum heterophyllum is a key herb for fever, diarrhea, and cough, especially in children.; Anti-pyretic; Digestive","Anti-pyretic, Digestive","Use with caution in Pitta aggravation, high acidity, inflammatory conditions; May aggravate Vata dosha; avoid in dry skin, constipation, anxiety conditions; Consult an Ayurvedic practitioner before use during pregnancy or lactation","Pitta, Kapha",Vata,False,/p/ativisha.html
Vamsha,,,"Bamboo manna (Vanshlochan) is used as a tonic for the respiratory system, especially in cough and cold.","Madhura, Kashaya","Laghu, Ruksha",Sheeta,Madhura,"Balya, Vrishya, Kasahara","Bamboo manna (Vanshlochan) is used as a tonic for the respiratory system, especially in cough and cold.; Reproductive; Respiratory; Strengthening","Reproductive, Respiratory, Strengthening","Use with caution in Kapha aggravation, cold conditions, low digestive fire; May aggravate Vata dosha; avoid in dry skin, constipation, anxiety conditions; Consult an Ayurvedic practitioner before use during pregnancy or lactation","Pitta, Kapha",Vata,False,/p/vamsha.html
Tila Taila,,,"Sesame oil is the premier oil in Ayurveda for pacifying Vata, strengthening bones, and nourishing the skin.",Madhura,"Guru, Snigdha",Ushna,Madhura,"Balya, Vatahara, Keshya","Sesame oil is the premier oil in Ayurveda for pacifying Vata, strengthening bones, and nourishing the skin.; Strengthening",Strengthening,"Use with caution in Pitta aggravation, high acidity, inflammatory conditions; May aggravate Pitta dosha; avoid in burning sensation, ulcers, bleeding disorders; May aggravate Kapha dosha; avoid in congestion, obesity, lethargy conditions; Consult an Ayurvedic practitioner before use during pregnancy or lactation",Vata,"Pitta, Kapha",False,/p/tila-taila.html
Eranda Taila,,,"Castor oil is a strong laxative and is excellent for Vata disorders, joint pain, and detoxification.","Madhura, Katu","Guru, Snigdha",Ushna,Madhura,"Virechana, Vatahara, Shoolaghna","Analgesic; Castor oil is a strong laxative and is excellent for Vata disorders, joint pain, and detoxification.; Purgative","Analgesic, Purgative","Use with caution in Pitta aggravation, high acidity, inflammatory conditions; May aggravate Pitta dosha; avoid in burning sensation, ulcers, bleeding disorders; Consult an Ayurvedic practitioner before use during pregnancy or lactation","Vata, Kapha",Pitta,False,/p/eranda-taila.html
Madhu,,,"Honey is used as a vehicle (anupana) for many medicines. It is scraping, healing, and pacifies Kapha.","Madhura, Kashaya","Laghu, Ruksha",Ushna,Katu,"Lekhana, Sandhanakaraka, Chakshushya","Honey is used as a vehicle (anupana) for many medicines. It is scraping, healing, and pacifies Kapha.; Metabolic; Ophthalmological","Metabolic, Ophthalmological","Use with caution in Pitta aggravation, high acidity, inflammatory conditions; May aggravate Pitta dosha; avoid in burning sensation, ulcers, bleeding disorders; May aggravate Vata dosha; avoid in dry skin, constipation, anxiety conditions; Consult an Ayurvedic practitioner before use during pregnancy or lactation",Kapha,"Pitta, Vata",False,/p/madhu.html
Ghrita,,,"Ghee (clarified butter) is a premier rejuvenative, pacifying Vata and Pitta, enhancing memory and digestion.",Madhura,"Snigdha, Guru",Sheeta,Madhura,"rasayan, Medhya, Chakshushya","Ghee (clarified butter) is a premier rejuvenative, pacifying Vata and Pitta, enhancing memory and digestion.; Neurological; Ophthalmological; Rejuvenation","Neurological, Ophthalmological, Rejuvenation","Use with caution in Kapha aggravation, cold conditions, low digestive fire; May aggravate Kapha dosha; avoid in congestion, obesity, lethargy conditions; Consult an Ayurvedic practitioner before use during pregnancy or lactation","Vata, Pitta",Kapha,False,/p/ghrita.html
Palandu,,,"Onion is a Vata-pacifying vegetable, acting as an aphrodisiac and nervine tonic, but can aggravate Pitta.","Madhura, Katu","Guru, Snigdha",Ushna,Madhura,"Vrishya, Balya","Onion is a Vata-pacifying vegetable, acting as an aphrodisiac and nervine tonic, but can aggravate Pitta.; Reproductive; Strengthening","Reproductive, Strengthening","Use with caution in Pitta aggravation, high acidity, inflammatory conditions; May aggravate Pitta dosha; avoid in burning sensation, ulcers, bleeding disorders; May aggravate Kapha dosha; avoid in congestion, obesity, lethargy conditions; Consult an Ayurvedic practitioner before use during pregnancy or lactation",Vata,"Pitta, Kapha",False,/p/palandu.html
Trapusha,,,"Cucumber is a cooling diuretic, excellent for pacifying Pitta, quenching thirst, and urinary health.",Madhura,"Guru, Snigdha",Sheeta,Madhura,"Mutrala, Dahashamana","Cucumber is a cooling diuretic, excellent for pacifying Pitta, quenching thirst, and urinary health.; Urinary",Urinary,"Use with caution in Kapha aggravation, cold conditions, low digestive fire; May aggravate Vata dosha; avoid in dry skin, constipation, anxiety conditions; May aggravate Kapha dosha; avoid in congestion, obesity, lethargy conditions; Consult an Ayurvedic practitioner before use during pregnancy or lactation",Pitta,"Vata, Kapha",False,/p/trapusha.html
Hrivera,,,"Also known as Valaka, this herb is used for fever, burning sensation, and digestive issues like diarrhea.",Tikta,"Laghu, Ruksha",Sheeta,Katu,"Jwaraghna, Grahi, Deepana","Also known as Valaka, this herb is used for fever, burning sensation, and digestive issues like diarrhea.; Anti-pyretic; Digestive","Anti-pyretic, Digestive","Use with caution in Kapha aggravation, cold conditions, low digestive fire; May aggravate Vata dosha; avoid in dry skin, constipation, anxiety conditions; May aggravate Kapha dosha; avoid in congestion, obesity, lethargy conditions; Consult an Ayurvedic practitioner before use during pregnancy or lactation",Pitta,"Vata, Kapha",False,/p/hrivera.html
Plaksha,,,"A species of Fig tree, its bark is used for bleeding disorders, ulcers, and to pacify Pitta and Kapha.",Kashaya,"Guru, Ruksha",Sheeta,Katu,"Raktastambhana, Vranaropana","A species of Fig tree, its bark is used for bleeding disorders, ulcers, and to pacify Pitta and Kapha.",General Wellness,"Use with caution in Kapha aggravation, cold conditions, low digestive fire; May aggravate Vata dosha; avoid in dry skin, constipation, anxiety conditions; Consult an Ayurvedic practitioner before use during pregnancy or lactation","Pitta, Kapha",Vata,False,/p/plaksha.html
Udumbara,,,"Gular Fig is a cooling, astringent herb used in the treatment of bleeding disorders and diabetes.",Kashaya,"Guru, Ruksha",Sheeta,Katu,"Raktastambhana, Pramehaghna","Gular Fig is a cooling, astringent herb used in the treatment of bleeding disorders and diabetes.",General Wellness,"Use with caution in Kapha aggravation, cold conditions, low digestive fire; May aggravate Vata dosha; avoid in dry skin, constipation, anxiety conditions; Consult an Ayurvedic practitioner before use during pregnancy or lactation","Pitta, Kapha",Vata,False,/p/udumbara.html
Ashwattha,,,"The sacred Peepal tree's bark is used for its cooling and astringent properties, healing wounds and purifying blood.",Kashaya,"Guru, Ruksha",Sheeta,Katu,"Varnya, Vranaropana","Dermatological; The sacred Peepal tree's bark is used for its cooling and astringent properties, healing wounds and purifying blood.",Dermatological,"Use with caution in Kapha aggravation, cold conditions, low digestive fire; May aggravate Vata dosha; avoid in dry skin, constipation, anxiety conditions; Consult an Ayurvedic practitioner before use during pregnancy or lactation","Pitta, Kapha",Vata,False,/p/ashwattha.html
Puga,,,"Areca nut (Betel nut) is a stimulant and astringent, but is used cautiously in Ayurveda.",Kashaya,"Guru, Ruksha",Sheeta,Katu,Deepana,"Areca nut (Betel nut) is a stimulant and astringent, but is used cautiously in Ayurveda.; Digestive",Digestive,"Use with caution in Kapha aggravation, cold conditions, low digestive fire; May aggravate Pitta dosha; avoid in burning sensation, ulcers, bleeding disorders; May aggravate Vata dosha; avoid in dry skin, constipation, anxiety conditions; Consult an Ayurvedic practitioner before use during pregnancy or lactation",Kapha,"Pitta, Vata",False,/p/puga.html
Soubhagya Shunthi,,,A special preparation of dry ginger used postpartum to improve digestion and restore strength.,Katu,"Laghu, Snigdha",Ushna,Madhura,"Deepana, Pachana, Garbhashaya Shodhaka",A special preparation of dry ginger used postpartum to improve digestion and restore strength.; Digestive,Digestive,"Use with caution in Pitta aggravation, high acidity, inflammatory conditions; May aggravate Pitta dosha; avoid in burning sensation, ulcers, bleeding disorders; Consult an Ayurvedic practitioner before use during pregnancy or lactation","Vata, Kapha",Pitta,False,/p/soubhagya-shunthi.html
Kakamachi,,,"Black nightshade is a tridoshic herb used for skin diseases, liver disorders, and as a rejuvenative.",Tikta,"Laghu, Snigdha",Ushna,Katu,"rasayan, Hridaya, Kushtaghna","Black nightshade is a tridoshic herb used for skin diseases, liver disorders, and as a rejuvenative.; Cardiac; Dermatological; Rejuvenation","Cardiac, Dermatological, Rejuvenation","Use with caution in Pitta aggravation, high acidity, inflammatory conditions; Consult an Ayurvedic practitioner before use during pregnancy or lactation",tridosha,,True,/p/kakamachi.html
Mishreya,,,"Fennel seeds (Saunf) are excellent for digestion, relieving gas, and have a cooling effect on the body.",Madhura,"Laghu, Snigdha",Sheeta,Madhura,"Deepana, Chakshushya, Balya","Digestive; Fennel seeds (Saunf) are excellent for digestion, relieving gas, and have a cooling effect on the body.; Ophthalmological; Strengthening","Digestive, Ophthalmological, Strengthening","Use with caution in Kapha aggravation, cold conditions, low digestive fire; May aggravate Kapha dosha; avoid in congestion, obesity, lethargy conditions; Consult an Ayurvedic practitioner before use during pregnancy or lactation","Vata, Pitta",Kapha,False,/p/mishreya.html
Shankhpushpi,,,"A premier brain tonic (Medhya rasayana), Shankhpushpi is renowned for enhancing memory, intellect, and calming the mind.",Tikta,Snigdha,Sheeta,Madhura,"Medhya, Nidrajanana, rasayan","A premier brain tonic (Medhya rasayana), Shankhpushpi is renowned for enhancing memory, intellect, and calming the mind.; Neurological; Rejuvenation","Neurological, Rejuvenation","Use with caution in Kapha aggravation, cold conditions, low digestive fire; May aggravate Kapha dosha; avoid in congestion, obesity, lethargy conditions; Consult an Ayurvedic practitioner before use during pregnancy or lactation","Vata, Pitta",Kapha,False,/p/shankhpushpi.html
Kushtha,,,"Saussurea lappa is a strong Vata-pacifying herb, used for pain, respiratory ailments, and skin diseases.","Tikta, Katu","Laghu, Ruksha",Ushna,Katu,"Vatahara, Kushtaghna, Shukrala","Dermatological; Reproductive; Saussurea lappa is a strong Vata-pacifying herb, used for pain, respiratory ailments, and skin diseases.","Dermatological, Reproductive","Use with caution in Pitta aggravation, high acidity, inflammatory conditions; May aggravate Pitta dosha; avoid in burning sensation, ulcers, bleeding disorders; Consult an Ayurvedic practitioner before use during pregnancy or lactation","Vata, Kapha",Pitta,False,/p/kushtha.html
Madanaphala,,,"Known as Emetic Nut, it is the best herb for inducing therapeutic vomiting (Vamana) in Panchakarma.","Madhura, Tikta","Laghu, Ruksha",Ushna,Katu,"Vamana, Lekhana","Known as Emetic Nut, it is the best herb for inducing therapeutic vomiting (Vamana) in Panchakarma.; Metabolic",Metabolic,"Use with caution in Pitta aggravation, high acidity, inflammatory conditions; May aggravate Pitta dosha; avoid in burning sensation, ulcers, bleeding disorders; Consult an Ayurvedic practitioner before use during pregnancy or lactation","Kapha, Vata",Pitta,False,/p/madanaphala.html
Patha,,,"Cissampelos pareira is a potent herb for detoxification, treating fever, urinary disorders, and diarrhea.",Tikta,"Laghu, Tikshna",Ushna,Katu,"Vishaghna, Grahi, Jwaraghna","Anti-pyretic; Anti-toxic; Cissampelos pareira is a potent herb for detoxification, treating fever, urinary disorders, and diarrhea.; Digestive","Anti-pyretic, Anti-toxic, Digestive","Use with caution in Pitta aggravation, high acidity, inflammatory conditions; Consult an Ayurvedic practitioner before use during pregnancy or lactation",tridosha,,True,/p/patha.html
Saptaparna,,,"Alstonia scholaris is a bitter tonic used primarily for skin diseases, intestinal worms, and malarial fever.","Tikta, Kashaya","Laghu, Snigdha",Ushna,Katu,"Kushtaghna, Krimighna, Jwaraghna","Alstonia scholaris is a bitter tonic used primarily for skin diseases, intestinal worms, and malarial fever.; Anti-parasitic; Anti-pyretic; Dermatological","Anti-parasitic, Anti-pyretic, Dermatological","Use with caution in Pitta aggravation, high acidity, inflammatory conditions; May aggravate Pitta dosha; avoid in burning sensation, ulcers, bleeding disorders; Consult an Ayurvedic practitioner before use during pregnancy or lactation","Kapha, Vata",Pitta,False,/p/saptaparna.html
Shalmali,,,The Silk Cotton Tree's gum (Mocharas) is a cooling astringent used to stop bleeding and treat diarrhea.,Kashaya,"Snigdha, Guru",Sheeta,Madhura,"Grahi, Raktastambhana, rasayan",Digestive; Rejuvenation; The Silk Cotton Tree's gum (Mocharas) is a cooling astringent used to stop bleeding and treat diarrhea.,"Digestive, Rejuvenation","Use with caution in Kapha aggravation, cold conditions, low digestive fire; May aggravate Vata dosha; avoid in dry skin, constipation, anxiety conditions; May aggravate Kapha dosha; avoid in congestion, obesity, lethargy conditions; Consult an Ayurvedic practitioner before use during pregnancy or lactation",Pitta,"Vata, Kapha",False,/p/shalmali.html
Prasarini,,,"Paederia foetida is a specific remedy for neurological disorders with pain, especially arthritis and sciatica.",Tikta,Guru,Ushna,Katu,"Vatahara, Sandhanakaraka","Paederia foetida is a specific remedy for neurological disorders with pain, especially arthritis and sciatica.",General Wellness,"Use with caution in Pitta aggravation, high acidity, inflammatory conditions; May aggravate Pitta dosha; avoid in burning sensation, ulcers, bleeding disorders; Consult an Ayurvedic practitioner before use during pregnancy or lactation","Vata, Kapha",Pitta,False,/p/Prasarini.html
Asana,,,Pterocarpus marsupium is a well-known anti-diabetic herb that also purifies the blood and helps with skin issues.,"Kashaya, Tikta","Laghu, Ruksha",Sheeta,Katu,"Pramehaghna, Kushtaghna, Raktashodhak",Blood Purification; Dermatological; Pterocarpus marsupium is a well-known anti-diabetic herb that also purifies the blood and helps with skin issues.,"Blood Purification, Dermatological","Use with caution in Kapha aggravation, cold conditions, low digestive fire; May aggravate Vata dosha; avoid in dry skin, constipation, anxiety conditions; Consult an Ayurvedic practitioner before use during pregnancy or lactation","Pitta, Kapha",Vata,False,/p/asana.html
Kushmanda,,,"Ash Gourd is a highly cooling and nourishing vegetable, acting as a diuretic and nervine tonic.",Madhura,"Laghu, Snigdha",Sheeta,Madhura,"Medhya, Mutrala, Balya","Ash Gourd is a highly cooling and nourishing vegetable, acting as a diuretic and nervine tonic.; Neurological; Strengthening; Urinary","Neurological, Strengthening, Urinary","Use with caution in Kapha aggravation, cold conditions, low digestive fire; May aggravate Kapha dosha; avoid in congestion, obesity, lethargy conditions; Consult an Ayurvedic practitioner before use during pregnancy or lactation","Vata, Pitta",Kapha,False,/p/kushmanda.html
Vartaku,,,Brinjal or Eggplant stimulates digestion and appetite but can aggravate Pitta if consumed in excess.,"Katu, Tikta","Laghu, Tikshna",Ushna,Katu,"Deepana, Hridaya",Brinjal or Eggplant stimulates digestion and appetite but can aggravate Pitta if consumed in excess.; Cardiac; Digestive,"Cardiac, Digestive","Use with caution in Pitta aggravation, high acidity, inflammatory conditions; May aggravate Pitta dosha; avoid in burning sensation, ulcers, bleeding disorders; Consult an Ayurvedic practitioner before use during pregnancy or lactation","Vata, Kapha",Pitta,False,/p/vartaku.html
Dronapushpi,,,"Leucas cephalotes is used for fever, jaundice, and inflammatory conditions, especially liver-related issues.","Katu, Lavana","Guru, Ruksha",Ushna,Madhura,"Jwaraghna, Yakrituttejaka","Anti-pyretic; Hepatoprotective; Leucas cephalotes is used for fever, jaundice, and inflammatory conditions, especially liver-related issues.","Anti-pyretic, Hepatoprotective","Use with caution in Pitta aggravation, high acidity, inflammatory conditions; May aggravate Vata dosha; avoid in dry skin, constipation, anxiety conditions; Consult an Ayurvedic practitioner before use during pregnancy or lactation","Pitta, Kapha",Vata,False,/p/dronapushpi.html
Swarnapatri,,,"Known as Senna, it is a strong stimulant laxative used for acute constipation.","Katu, Tikta","Laghu, Ruksha, Tikshna",Ushna,Katu,Virechana,"Known as Senna, it is a strong stimulant laxative used for acute constipation.; Purgative",Purgative,"Use with caution in Pitta aggravation, high acidity, inflammatory conditions; May aggravate Pitta dosha; avoid in burning sensation, ulcers, bleeding disorders; Consult an Ayurvedic practitioner before use during pregnancy or lactation",Vata,Pitta,False,/p/swarnapatri.html
Chandrashura,,,"Lepidium sativum seeds are highly nutritive, promoting strength and lactation after delivery.","Katu, Tikta","Laghu, Snigdha",Ushna,Katu,"Balya, Stanyajanana","Lepidium sativum seeds are highly nutritive, promoting strength and lactation after delivery.; Reproductive; Strengthening","Reproductive, Strengthening","Use with caution in Pitta aggravation, high acidity, inflammatory conditions; May aggravate Pitta dosha; avoid in burning sensation, ulcers, bleeding disorders; Consult an Ayurvedic practitioner before use during pregnancy or lactation","Vata, Kapha",Pitta,False,/p/chandrashura.html
Chirabilva,,,Holoptelea integrifolia is used in digestive disorders and to treat edema and piles.,"Kashaya, Tikta","Laghu, Ruksha",Ushna,Katu,"Lekhana, Grahi",Digestive; Holoptelea integrifolia is used in digestive disorders and to treat edema and piles.; Metabolic,"Digestive, Metabolic","Use with caution in Pitta aggravation, high acidity, inflammatory conditions; May aggravate Vata dosha; avoid in dry skin, constipation, anxiety conditions; Consult an Ayurvedic practitioner before use during pregnancy or lactation","Kapha, Pitta",Vata,False,/p/chirabilva.html
Himsra,,,"Capparis sepiaria is a well-known hepatoprotective herb, commonly found in liver-support formulas.","Tikta, Katu","Laghu, Ruksha",Ushna,Katu,"Yakrituttejaka, Deepana","Capparis sepiaria is a well-known hepatoprotective herb, commonly found in liver-support formulas.; Digestive; Hepatoprotective","Digestive, Hepatoprotective","Use with caution in Pitta aggravation, high acidity, inflammatory conditions; May aggravate Vata dosha; avoid in dry skin, constipation, anxiety conditions; Consult an Ayurvedic practitioner before use during pregnancy or lactation","Pitta, Kapha",Vata,False,/p/himsra.html
Karkatashringi,,,"Pistacia integerrima galls are used in treating cough, asthma, and diarrhea, especially in children.","Tikta, Kashaya",Guru,Ushna,Katu,"Kasahara, Shwasahara, Grahi","Digestive; Pistacia integerrima galls are used in treating cough, asthma, and diarrhea, especially in children.; Respiratory","Digestive, Respiratory","Use with caution in Pitta aggravation, high acidity, inflammatory conditions; May aggravate Pitta dosha; avoid in burning sensation, ulcers, bleeding disorders; Consult an Ayurvedic practitioner before use during pregnancy or lactation","Vata, Kapha",Pitta,False,/p/karkatashringi.html
Katphala,,,"Myrica esculenta bark is used for respiratory ailments like cough, cold, and fever.","Kashaya, Tikta, Katu","Laghu, Tikshna",Ushna,Katu,"Jwaraghna, Kasahara","Anti-pyretic; Myrica esculenta bark is used for respiratory ailments like cough, cold, and fever.; Respiratory","Anti-pyretic, Respiratory","Use with caution in Pitta aggravation, high acidity, inflammatory conditions; May aggravate Pitta dosha; avoid in burning sensation, ulcers, bleeding disorders; Consult an Ayurvedic practitioner before use during pregnancy or lactation","Vata, Kapha",Pitta,False,/p/katphala.html
Krishna Jeeraka,,,"Black Cumin (Carum carvi) is a powerful digestive and carminative, stronger than regular cumin.",Katu,"Laghu, Ruksha",Ushna,Katu,"Deepana, Chakshushya","Black Cumin (Carum carvi) is a powerful digestive and carminative, stronger than regular cumin.; Digestive; Ophthalmological","Digestive, Ophthalmological","Use with caution in Pitta aggravation, high acidity, inflammatory conditions; May aggravate Pitta dosha; avoid in burning sensation, ulcers, bleeding disorders; Consult an Ayurvedic practitioner before use during pregnancy or lactation","Vata, Kapha",Pitta,False,/p/krishna-jeeraka.html
Murva,,,"Marsdenia tenacissima is a bitter tonic used for fever, skin diseases and purifying blood.",Tikta,Guru,Ushna,Katu,"Raktashodhak, Jwaraghna","Anti-pyretic; Blood Purification; Marsdenia tenacissima is a bitter tonic used for fever, skin diseases and purifying blood.","Anti-pyretic, Blood Purification","Use with caution in Pitta aggravation, high acidity, inflammatory conditions; May aggravate Vata dosha; avoid in dry skin, constipation, anxiety conditions; Consult an Ayurvedic practitioner before use during pregnancy or lactation","Kapha, Pitta",Vata,False,/p/murva.html
Paribhadra,,,"Erythrina variegata is used for its anti-inflammatory and nervine sedative properties, especially in Vata disorders.","Tikta, Katu",Laghu,Ushna,Katu,"Krimighna, Vatahara","Anti-parasitic; Erythrina variegata is used for its anti-inflammatory and nervine sedative properties, especially in Vata disorders.",Anti-parasitic,"Use with caution in Pitta aggravation, high acidity, inflammatory conditions; May aggravate Pitta dosha; avoid in burning sensation, ulcers, bleeding disorders; Consult an Ayurvedic practitioner before use during pregnancy or lactation","Vata, Kapha",Pitta,False,/p/paribhadra.html
Shyonaka,,,"A key ingredient of Dashamoola, Oroxylum indicum is an astringent and anti-inflammatory used in diarrhea and arthritis.","Kashaya, Tikta","Laghu, Ruksha",Ushna,Katu,"Grahi, Deepana, Shothahara","A key ingredient of Dashamoola, Oroxylum indicum is an astringent and anti-inflammatory used in diarrhea and arthritis.; Anti-inflammatory; Digestive","Anti-inflammatory, Digestive","Use with caution in Pitta aggravation, high acidity, inflammatory conditions; May aggravate Pitta dosha; avoid in burning sensation, ulcers, bleeding disorders; Consult an Ayurvedic practitioner before use during pregnancy or lactation","Vata, Kapha",Pitta,False,/p/shyonaka.html
Alabu,,,"Bottle Gourd is a cooling, calming vegetable that is very easy to digest, making it ideal for convalescence.",Madhura,"Guru, Ruksha",Sheeta,Madhura,"Hridaya, Balya","Bottle Gourd is a cooling, calming vegetable that is very easy to digest, making it ideal for convalescence.; Cardiac; Strengthening","Cardiac, Strengthening","Use with caution in Kapha aggravation, cold conditions, low digestive fire; May aggravate Vata dosha; avoid in dry skin, constipation, anxiety conditions; May aggravate Kapha dosha; avoid in congestion, obesity, lethargy conditions; Consult an Ayurvedic practitioner before use during pregnancy or lactation",Pitta,"Vata, Kapha",False,/p/alabu.html
Vriddhadaru,,,"Argyreia nervosa is a potent rejuvenative and aphrodisiac, enhancing strength and vitality.","Madhura, Tikta","Laghu, Snigdha",Ushna,Madhura,"rasayan, Vrishya, Medhya","Argyreia nervosa is a potent rejuvenative and aphrodisiac, enhancing strength and vitality.; Neurological; Rejuvenation; Reproductive","Neurological, Rejuvenation, Reproductive","Use with caution in Pitta aggravation, high acidity, inflammatory conditions; May aggravate Pitta dosha; avoid in burning sensation, ulcers, bleeding disorders; Consult an Ayurvedic practitioner before use during pregnancy or lactation","Vata, Kapha",Pitta,False,/p/vriddhadaru.html
Narikela,,,"Coconut is highly nourishing, cooling, and strength-promoting, pacifying Vata and Pitta.",Madhura,"Guru, Snigdha",Sheeta,Madhura,"Balya, Brimhaniya, Vrishya","Coconut is highly nourishing, cooling, and strength-promoting, pacifying Vata and Pitta.; Nutritive; Reproductive; Strengthening","Nutritive, Reproductive, Strengthening","Use with caution in Kapha aggravation, cold conditions, low digestive fire; May aggravate Kapha dosha; avoid in congestion, obesity, lethargy conditions; Consult an Ayurvedic practitioner before use during pregnancy or lactation","Vata, Pitta",Kapha,False,/p/narikela.html
Talamuli,,,"Curculigo orchioides is an aphrodisiac and uterine tonic, similar in properties to Shatavari.",Madhura,"Guru, Snigdha",Ushna,Madhura,"Vrishya, Balya, rasayan","Curculigo orchioides is an aphrodisiac and uterine tonic, similar in properties to Shatavari.; Rejuvenation; Reproductive; Strengthening","Rejuvenation, Reproductive, Strengthening","Use with caution in Pitta aggravation, high acidity, inflammatory conditions; May aggravate Kapha dosha; avoid in congestion, obesity, lethargy conditions; Consult an Ayurvedic practitioner before use during pregnancy or lactation","Vata, Pitta",Kapha,False,/p/talamuli.html
Saireyaka,,,"Barleria prionitis is used for skin diseases, swelling, and oral health issues like bleeding gums.","Tikta, Madhura",Snigdha,Ushna,Katu,"Kushtaghna, Keshya","Barleria prionitis is used for skin diseases, swelling, and oral health issues like bleeding gums.; Dermatological",Dermatological,"Use with caution in Pitta aggravation, high acidity, inflammatory conditions; May aggravate Pitta dosha; avoid in burning sensation, ulcers, bleeding disorders; Consult an Ayurvedic practitioner before use during pregnancy or lactation","Kapha, Vata",Pitta,False,/p/saireyaka.html
Yavakshara,,,"An alkaline preparation from Barley, used as a diuretic and to treat urinary calculi and abdominal bloating.",Lavana,"Laghu, Tikshna",Ushna,Katu,"Mutrala, Deepana, Ashmaribhedana","An alkaline preparation from Barley, used as a diuretic and to treat urinary calculi and abdominal bloating.; Digestive; Urinary","Digestive, Urinary","Use with caution in Pitta aggravation, high acidity, inflammatory conditions; May aggravate Pitta dosha; avoid in burning sensation, ulcers, bleeding disorders; Consult an Ayurvedic practitioner before use during pregnancy or lactation","Kapha, Vata",Pitta,False,/p/yavakshara.html
Varahikanda,,,"Dioscorea bulbifera is a rejuvenative tonic (rasayana) that enhances strength, immunity, and acts as an aphrodisiac.",Madhura,"Guru, Snigdha",Ushna,Madhura,"rasayan, Vrishya, Balya","Dioscorea bulbifera is a rejuvenative tonic (rasayana) that enhances strength, immunity, and acts as an aphrodisiac.; Rejuvenation; Reproductive; Strengthening","Rejuvenation, Reproductive, Strengthening","Use with caution in Pitta aggravation, high acidity, inflammatory conditions; May aggravate Pitta dosha; avoid in burning sensation, ulcers, bleeding disorders; Consult an Ayurvedic practitioner before use during pregnancy or lactation","Vata, Kapha",Pitta,False,/p/varahikanda.html
Ankola,,,Alangium salviifolium is used in Ayurveda for its anti-venom properties and in treating skin diseases.,"Tikta, Katu","Laghu, Snigdha",Ushna,Katu,"Vishaghna, Krimighna",Alangium salviifolium is used in Ayurveda for its anti-venom properties and in treating skin diseases.; Anti-parasitic; Anti-toxic,"Anti-parasitic, Anti-toxic","Use with caution in Pitta aggravation, high acidity, inflammatory conditions; May aggravate Pitta dosha; avoid in burning sensation, ulcers, bleeding disorders; Consult an Ayurvedic practitioner before use during pregnancy or lactation","Kapha, Vata",Pitta,False,/p/ankola.html
Changeri,,,Indian Sorrel is used for digestive ailments like IBS and malabsorption due to its sour taste and digestive properties.,Amla,"Laghu, Ruksha",Ushna,Amla,"Grahi, Deepana",Digestive; Indian Sorrel is used for digestive ailments like IBS and malabsorption due to its sour taste and digestive properties.,Digestive,"Use with caution in Pitta aggravation, high acidity, inflammatory conditions; May aggravate Pitta dosha; avoid in burning sensation, ulcers, bleeding disorders; Consult an Ayurvedic practitioner before use during pregnancy or lactation","Vata, Kapha",Pitta,False,/p/changeri.html
Koshataki,,,Luffa is a bitter vegetable used to cleanse the liver and purify the blood.,Tikta,"Laghu, Ruksha",Ushna,Katu,"Yakrituttejaka, Virechana",Hepatoprotective; Luffa is a bitter vegetable used to cleanse the liver and purify the blood.; Purgative,"Hepatoprotective, Purgative","Use with caution in Pitta aggravation, high acidity, inflammatory conditions; May aggravate Vata dosha; avoid in dry skin, constipation, anxiety conditions; Consult an Ayurvedic practitioner before use during pregnancy or lactation","Pitta, Kapha",Vata,False,/p/koshataki.html
Tanduliyaka,,,"Amaranth is a cooling herb used to treat toxicity, bleeding disorders, and purify the blood.",Madhura,"Laghu, Ruksha",Sheeta,Madhura,"Vishaghna, Raktapittahara","Amaranth is a cooling herb used to treat toxicity, bleeding disorders, and purify the blood.; Anti-toxic",Anti-toxic,"Use with caution in Kapha aggravation, cold conditions, low digestive fire; May aggravate Vata dosha; avoid in dry skin, constipation, anxiety conditions; Consult an Ayurvedic practitioner before use during pregnancy or lactation","Pitta, Kapha",Vata,False,/p/tanduliyaka.html
Ingudi,,,"Balanites roxburghii is used for its anti-microbial and anti-inflammatory properties, especially in skin diseases.","Tikta, Katu","Tikshna, Snigdha",Ushna,Katu,"Krimighna, Kushtaghna","Anti-parasitic; Balanites roxburghii is used for its anti-microbial and anti-inflammatory properties, especially in skin diseases.; Dermatological","Anti-parasitic, Dermatological","Use with caution in Pitta aggravation, high acidity, inflammatory conditions; May aggravate Pitta dosha; avoid in burning sensation, ulcers, bleeding disorders; Consult an Ayurvedic practitioner before use during pregnancy or lactation","Kapha, Vata",Pitta,False,/p/ingudi.html
Karanja Taila,,,Oil prepared from Karanja seeds is a powerful antiseptic and is used topically for a wide range of skin diseases.,"Tikta, Katu",Tikshna,Ushna,Katu,"Kushtaghna, Vranaropana",Dermatological; Oil prepared from Karanja seeds is a powerful antiseptic and is used topically for a wide range of skin diseases.,Dermatological,"Use with caution in Pitta aggravation, high acidity, inflammatory conditions; May aggravate Pitta dosha; avoid in burning sensation, ulcers, bleeding disorders; Consult an Ayurvedic practitioner before use during pregnancy or lactation","Kapha, Vata",Pitta,False,/p/karanja-taila.html
Nimba Taila,,,"Neem oil is a potent anti-fungal, anti-bacterial, and anti-septic oil used for skin infections and as an insecticide.",Tikta,Laghu,Sheeta,Katu,"Kushtaghna, Krimighna, Jwaraghna","Anti-parasitic; Anti-pyretic; Dermatological; Neem oil is a potent anti-fungal, anti-bacterial, and anti-septic oil used for skin infections and as an insecticide.","Anti-parasitic, Anti-pyretic, Dermatological","Use with caution in Kapha aggravation, cold conditions, low digestive fire; May aggravate Vata dosha; avoid in dry skin, constipation, anxiety conditions; Consult an Ayurvedic practitioner before use during pregnancy or lactation","Pitta, Kapha",Vata,False,/p/nimba-taila.html
Jivaka,,,"One of the eight 'Ashtavarga' herbs, Jivaka is a vital rejuvenative tonic, often substituted with other herbs today.",Madhura,"Guru, Snigdha",Sheeta,Madhura,"rasayan, Vrishya, Jivaniya","One of the eight 'Ashtavarga' herbs, Jivaka is a vital rejuvenative tonic, often substituted with other herbs today.; Rejuvenation; Reproductive","Rejuvenation, Reproductive","Use with caution in Kapha aggravation, cold conditions, low digestive fire; May aggravate Kapha dosha; avoid in congestion, obesity, lethargy conditions; Consult an Ayurvedic practitioner before use during pregnancy or lactation","Vata, Pitta",Kapha,False,/p/jivaka.html
Rishabhaka,,,"Another Ashtavarga herb, Rishabhaka is a powerful tonic for building tissues and promoting vitality.",Madhura,"Guru, Snigdha",Sheeta,Madhura,"rasayan, Vrishya, Brimhaniya","Another Ashtavarga herb, Rishabhaka is a powerful tonic for building tissues and promoting vitality.; Nutritive; Rejuvenation; Reproductive","Nutritive, Rejuvenation, Reproductive","Use with caution in Kapha aggravation, cold conditions, low digestive fire; May aggravate Kapha dosha; avoid in congestion, obesity, lethargy conditions; Consult an Ayurvedic practitioner before use during pregnancy or lactation","Vata, Pitta",Kapha,False,/p/rishabhaka.html
Meda,,,An Ashtavarga herb that nourishes the fatty tissues (Meda Dhatu) and acts as a general tonic.,Madhura,"Guru, Snigdha",Sheeta,Madhura,"rasayan, Brimhaniya",An Ashtavarga herb that nourishes the fatty tissues (Meda Dhatu) and acts as a general tonic.; Nutritive; Rejuvenation,"Nutritive, Rejuvenation","Use with caution in Kapha aggravation, cold conditions, low digestive fire; May aggravate Kapha dosha; avoid in congestion, obesity, lethargy conditions; Consult an Ayurvedic practitioner before use during pregnancy or lactation","Vata, Pitta",Kapha,False,/p/meda.html
Kakoli,,,"From the Ashtavarga group, Kakoli is a cooling, nourishing tonic used in rejuvenative and aphrodisiac formulas.",Madhura,"Guru, Snigdha",Sheeta,Madhura,"rasayan, Vrishya, Jivaniya","From the Ashtavarga group, Kakoli is a cooling, nourishing tonic used in rejuvenative and aphrodisiac formulas.; Rejuvenation; Reproductive","Rejuvenation, Reproductive","Use with caution in Kapha aggravation, cold conditions, low digestive fire; May aggravate Kapha dosha; avoid in congestion, obesity, lethargy conditions; Consult an Ayurvedic practitioner before use during pregnancy or lactation","Vata, Pitta",Kapha,False,/p/kakoli.html
Dhamasa,,,"Fagonia cretica is a bitter, cooling herb used to purify blood and treat skin disorders and fevers.","Tikta, Kashaya","Laghu, Ruksha",Sheeta,Katu,"Raktashodhak, Kushtaghna","Blood Purification; Dermatological; Fagonia cretica is a bitter, cooling herb used to purify blood and treat skin disorders and fevers.","Blood Purification, Dermatological","Use with caution in Kapha aggravation, cold conditions, low digestive fire; May aggravate Vata dosha; avoid in dry skin, constipation, anxiety conditions; Consult an Ayurvedic practitioner before use during pregnancy or lactation","Pitta, Kapha",Vata,False,/p/dhamasa.html
Rohisha,,,"A type of lemongrass (Cymbopogon martinii), its oil is used for joint pain, fever, and as an insect repellent.","Katu, Tikta","Laghu, Tikshna",Ushna,Katu,"Jwaraghna, Shoolaghna","A type of lemongrass (Cymbopogon martinii), its oil is used for joint pain, fever, and as an insect repellent.; Analgesic; Anti-pyretic","Analgesic, Anti-pyretic","Use with caution in Pitta aggravation, high acidity, inflammatory conditions; May aggravate Pitta dosha; avoid in burning sensation, ulcers, bleeding disorders; Consult an Ayurvedic practitioner before use during pregnancy or lactation","Vata, Kapha",Pitta,False,/p/rohisha.html
Suryavarta,,,"Gynandropsis gynandra is used for earaches, headaches, and digestive issues.",Katu,"Laghu, Tikshna",Ushna,Katu,"Shoolaghna, Deepana","Analgesic; Digestive; Gynandropsis gynandra is used for earaches, headaches, and digestive issues.","Analgesic, Digestive","Use with caution in Pitta aggravation, high acidity, inflammatory conditions; May aggravate Pitta dosha; avoid in burning sensation, ulcers, bleeding disorders; Consult an Ayurvedic practitioner before use during pregnancy or lactation","Vata, Kapha",Pitta,False,/p/suryavarta.html
Gangeruki,,,"Grewia tenax is a cooling and strengthening herb, used to relieve burning sensation and thirst.","Madhura, Kashaya",Snigdha,Sheeta,Madhura,"Balya, Dahashamana","Grewia tenax is a cooling and strengthening herb, used to relieve burning sensation and thirst.; Strengthening",Strengthening,"Use with caution in Kapha aggravation, cold conditions, low digestive fire; May aggravate Kapha dosha; avoid in congestion, obesity, lethargy conditions; Consult an Ayurvedic practitioner before use during pregnancy or lactation","Vata, Pitta",Kapha,False,/p/gangeruki.html
Kumbhika,,,Pistia stratiotes is an aquatic plant used externally for skin diseases and swelling.,"Tikta, Katu","Laghu, Ruksha",Sheeta,Katu,"Shothahara, Kushtaghna",Anti-inflammatory; Dermatological; Pistia stratiotes is an aquatic plant used externally for skin diseases and swelling.,"Anti-inflammatory, Dermatological","Use with caution in Kapha aggravation, cold conditions, low digestive fire; May aggravate Vata dosha; avoid in dry skin, constipation, anxiety conditions; Consult an Ayurvedic practitioner before use during pregnancy or lactation","Pitta, Kapha",Vata,False,/p/kumbhika.html
Sthuneyaka,,,Taxus baccata (Yew) is used in respiratory conditions like cough and asthma.,"Tikta, Kashaya",Laghu,Ushna,Katu,"Kasahara, Shwasahara",Respiratory; Taxus baccata (Yew) is used in respiratory conditions like cough and asthma.,Respiratory,"Use with caution in Pitta aggravation, high acidity, inflammatory conditions; May aggravate Pitta dosha; avoid in burning sensation, ulcers, bleeding disorders; Consult an Ayurvedic practitioner before use during pregnancy or lactation","Kapha, Vata",Pitta,False,/p/sthuneyaka.html
Utingana,,,Blepharis edulis seeds are a potent aphrodisiac and rejuvenative tonic.,Madhura,"Guru, Snigdha",Ushna,Madhura,"Vrishya, Balya",Blepharis edulis seeds are a potent aphrodisiac and rejuvenative tonic.; Reproductive; Strengthening,"Reproductive, Strengthening","Use with caution in Pitta aggravation, high acidity, inflammatory conditions; May aggravate Pitta dosha; avoid in burning sensation, ulcers, bleeding disorders; May aggravate Kapha dosha; avoid in congestion, obesity, lethargy conditions; Consult an Ayurvedic practitioner before use during pregnancy or lactation",Vata,"Pitta, Kapha",False,/p/utingana.html
Vrikshamla Phala,,,Garcinia indica (Kokum) fruit is a souring agent that improves appetite and digestion without aggravating Pitta.,Amla,"Laghu, Ruksha",Ushna,Amla,"Deepana, Hridaya",Cardiac; Digestive; Garcinia indica (Kokum) fruit is a souring agent that improves appetite and digestion without aggravating Pitta.,"Cardiac, Digestive","Use with caution in Pitta aggravation, high acidity, inflammatory conditions; May aggravate Pitta dosha; avoid in burning sensation, ulcers, bleeding disorders; Consult an Ayurvedic practitioner before use during pregnancy or lactation","Vata, Kapha",Pitta,False,/p/vrikshamla-phala.html
Nirgundi Taila,,,"Medicated oil of Nirgundi is excellent for topical application on painful joints, wounds, and grey hair.","Tikta, Katu","Laghu, Ruksha",Ushna,Katu,"Vedanasthapana, Keshya","Analgesic; Medicated oil of Nirgundi is excellent for topical application on painful joints, wounds, and grey hair.",Analgesic,"Use with caution in Pitta aggravation, high acidity, inflammatory conditions; May aggravate Pitta dosha; avoid in burning sensation, ulcers, bleeding disorders; Consult an Ayurvedic practitioner before use during pregnancy or lactation","Vata, Kapha",Pitta,False,/p/nirgundi-taila.html
Vacha Taila,,,Oil of Sweet Flag is used for massage to improve mental clarity and in nasal administration (Nasya) for clearing the sinuses.,"Katu, Tikta","Laghu, Tikshna",Ushna,Katu,"Medhya, Sanjnasthapana",Neurological; Oil of Sweet Flag is used for massage to improve mental clarity and in nasal administration (Nasya) for clearing the sinuses.,Neurological,"Use with caution in Pitta aggravation, high acidity, inflammatory conditions; May aggravate Pitta dosha; avoid in burning sensation, ulcers, bleeding disorders; Consult an Ayurvedic practitioner before use during pregnancy or lactation","Vata, Kapha",Pitta,False,/p/vacha-taila.html
Kumari,,,"Known as Aloe Vera, Kumari is a premier herb for skin, liver detoxification, and regulating menstruation.",Tikta,"Guru, Snigdha",Sheeta,Katu,"Yakrituttejaka, Virechana, Varnya","Dermatological; Hepatoprotective; Known as Aloe Vera, Kumari is a premier herb for skin, liver detoxification, and regulating menstruation.; Purgative","Dermatological, Hepatoprotective, Purgative","Use with caution in Kapha aggravation, cold conditions, low digestive fire; May aggravate Vata dosha; avoid in dry skin, constipation, anxiety conditions; Consult an Ayurvedic practitioner before use during pregnancy or lactation","Pitta, Kapha",Vata,False,/p/kumari.html
Asthishrinkhala,,,"Also called Hadjod (Cissus quadrangularis), it is the primary Ayurvedic herb for healing bone fractures and strengthening joints.",Madhura,"Laghu, Ruksha",Ushna,Madhura,"Sandhanakaraka, Balya","Also called Hadjod (Cissus quadrangularis), it is the primary Ayurvedic herb for healing bone fractures and strengthening joints.; Strengthening",Strengthening,"Use with caution in Pitta aggravation, high acidity, inflammatory conditions; May aggravate Pitta dosha; avoid in burning sensation, ulcers, bleeding disorders; Consult an Ayurvedic practitioner before use during pregnancy or lactation","Vata, Kapha",Pitta,False,/p/asthishrinkhala.html
Bharangi,,,"Clerodendrum serratum is a specific herb for respiratory disorders like asthma, chronic cough, and rhinitis.","Tikta, Katu","Laghu, Ruksha",Ushna,Katu,"Shwasahara, Kasahara","Clerodendrum serratum is a specific herb for respiratory disorders like asthma, chronic cough, and rhinitis.; Respiratory",Respiratory,"Use with caution in Pitta aggravation, high acidity, inflammatory conditions; May aggravate Pitta dosha; avoid in burning sensation, ulcers, bleeding disorders; Consult an Ayurvedic practitioner before use during pregnancy or lactation","Vata, Kapha",Pitta,False,/p/bharangi.html
Loha Bhasma,,,"Purified and processed iron ash used to treat anemia, jaundice, and support liver function. It is a powerful rejuvenator.","Kashaya, Madhura","Laghu, Ruksha",Sheeta,Madhura,"rasayan, Raktavardhak, Chakshushya","Blood Purification; Ophthalmological; Purified and processed iron ash used to treat anemia, jaundice, and support liver function. It is a powerful rejuvenator.; Rejuvenation","Blood Purification, Ophthalmological, Rejuvenation","Use with caution in Kapha aggravation, cold conditions, low digestive fire; May aggravate Vata dosha; avoid in dry skin, constipation, anxiety conditions; Consult an Ayurvedic practitioner before use during pregnancy or lactation","Pitta, Kapha",Vata,False,/p/loha-bhasma.html
Shankha Bhasma,,,"Ash of conch shell is a rich source of calcium, used for acid peptic disorders, indigestion, and calcium deficiency.",Lavana,"Laghu, Tikshna",Sheeta,Madhura,"Amlapittahara, Deepana, Pachana","Ash of conch shell is a rich source of calcium, used for acid peptic disorders, indigestion, and calcium deficiency.; Digestive",Digestive,"Use with caution in Kapha aggravation, cold conditions, low digestive fire; May aggravate Kapha dosha; avoid in congestion, obesity, lethargy conditions; Consult an Ayurvedic practitioner before use during pregnancy or lactation","Vata, Pitta",Kapha,False,/p/shankha-bhasma.html
Pravala Pishti,,,"Processed coral is a cooling Pitta-pacifying supplement used for calcium deficiency, fever, and bleeding disorders.","Madhura, Kashaya",Laghu,Sheeta,Madhura,"Amlapittahara, Raktastambhana, Jwaraghna","Anti-pyretic; Processed coral is a cooling Pitta-pacifying supplement used for calcium deficiency, fever, and bleeding disorders.",Anti-pyretic,"Use with caution in Kapha aggravation, cold conditions, low digestive fire; May aggravate Vata dosha; avoid in dry skin, constipation, anxiety conditions; Consult an Ayurvedic practitioner before use during pregnancy or lactation","Pitta, Kapha",Vata,False,/p/pravala-pishti.html
Abhraka Bhasma,,,"Processed mica ash is a potent rejuvenative (rasayana) used for respiratory diseases, debility, and as a powerful tonic.",Madhura,Snigdha,Sheeta,Madhura,"rasayan, Vrishya, Medhya","Neurological; Processed mica ash is a potent rejuvenative (rasayana) used for respiratory diseases, debility, and as a powerful tonic.; Rejuvenation; Reproductive","Neurological, Rejuvenation, Reproductive","Use with caution in Kapha aggravation, cold conditions, low digestive fire; Consult an Ayurvedic practitioner before use during pregnancy or lactation",tridosha,,True,/p/abhraka-bhasma.html
Vanga Bhasma,,,"Processed tin ash is used in Ayurveda for urinary tract disorders, diabetes, and as an aphrodisiac.",Tikta,"Laghu, Ruksha",Ushna,Katu,"Pramehaghna, Vrishya","Processed tin ash is used in Ayurveda for urinary tract disorders, diabetes, and as an aphrodisiac.; Reproductive",Reproductive,"Use with caution in Pitta aggravation, high acidity, inflammatory conditions; May aggravate Pitta dosha; avoid in burning sensation, ulcers, bleeding disorders; May aggravate Vata dosha; avoid in dry skin, constipation, anxiety conditions; Consult an Ayurvedic practitioner before use during pregnancy or lactation",Kapha,"Vata, Pitta",False,/p/vanga-bhasma.html
Yashada Bhasma,,,"Processed zinc ash is used for eye diseases, diabetes, and as an immune booster.",Kashaya,Ruksha,Sheeta,Katu,"Chakshushya, Pramehaghna","Ophthalmological; Processed zinc ash is used for eye diseases, diabetes, and as an immune booster.",Ophthalmological,"Use with caution in Kapha aggravation, cold conditions, low digestive fire; May aggravate Vata dosha; avoid in dry skin, constipation, anxiety conditions; Consult an Ayurvedic practitioner before use during pregnancy or lactation","Pitta, Kapha",Vata,False,/p/yashada-bhasma.html
Mukta Pishti,,,"Processed pearl powder is a highly cooling and calming substance used for anxiety, insomnia, and burning sensations.",Madhura,Laghu,Sheeta,Madhura,"Hridaya, Medhya, Dahashamana","Cardiac; Neurological; Processed pearl powder is a highly cooling and calming substance used for anxiety, insomnia, and burning sensations.","Cardiac, Neurological","Use with caution in Kapha aggravation, cold conditions, low digestive fire; May aggravate Vata dosha; avoid in dry skin, constipation, anxiety conditions; May aggravate Kapha dosha; avoid in congestion, obesity, lethargy conditions; Consult an Ayurvedic practitioner before use during pregnancy or lactation",Pitta,"Vata, Kapha",False,/p/mukta-pishti.html
Arka,,,"Calotropis gigantea is a toxic plant, but its purified latex and leaves are used for skin diseases and as a purgative.","Katu, Tikta","Laghu, Tikshna",Ushna,Katu,"Virechana, Kushtaghna","Calotropis gigantea is a toxic plant, but its purified latex and leaves are used for skin diseases and as a purgative.; Dermatological; Purgative","Dermatological, Purgative","Use with caution in Pitta aggravation, high acidity, inflammatory conditions; May aggravate Pitta dosha; avoid in burning sensation, ulcers, bleeding disorders; Consult an Ayurvedic practitioner before use during pregnancy or lactation","Vata, Kapha",Pitta,False,/p/arka.html
Indravaruni,,,"Citrullus colocynthis is a very strong purgative, used for severe constipation, ascites, and joint pain.",Tikta,"Laghu, Tikshna",Ushna,Katu,"Virechana, Krimighna","Anti-parasitic; Citrullus colocynthis is a very strong purgative, used for severe constipation, ascites, and joint pain.; Purgative","Anti-parasitic, Purgative","Use with caution in Pitta aggravation, high acidity, inflammatory conditions; May aggravate Vata dosha; avoid in dry skin, constipation, anxiety conditions; Consult an Ayurvedic practitioner before use during pregnancy or lactation","Pitta, Kapha",Vata,False,/p/indravaruni.html
Kadali,,,"The plantain or banana plant's stem and flower are used for their cooling and astringent properties, especially in digestive health.","Madhura, Kashaya","Guru, Snigdha",Sheeta,Madhura,"Grahi, Balya","Digestive; Strengthening; The plantain or banana plant's stem and flower are used for their cooling and astringent properties, especially in digestive health.","Digestive, Strengthening","Use with caution in Kapha aggravation, cold conditions, low digestive fire; May aggravate Vata dosha; avoid in dry skin, constipation, anxiety conditions; May aggravate Kapha dosha; avoid in congestion, obesity, lethargy conditions; Consult an Ayurvedic practitioner before use during pregnancy or lactation",Pitta,"Vata, Kapha",False,/p/kadali.html
Tintidika,,,"Tamarind is a sour fruit used to stimulate appetite and digestion, but can aggravate Pitta and Kapha.",Amla,"Guru, Ruksha",Ushna,Amla,"Deepana, Pachana","Digestive; Tamarind is a sour fruit used to stimulate appetite and digestion, but can aggravate Pitta and Kapha.",Digestive,"Use with caution in Pitta aggravation, high acidity, inflammatory conditions; May aggravate Pitta dosha; avoid in burning sensation, ulcers, bleeding disorders; May aggravate Kapha dosha; avoid in congestion, obesity, lethargy conditions; Consult an Ayurvedic practitioner before use during pregnancy or lactation",Vata,"Pitta, Kapha",False,/p/tintidika.html
Rudraksha,,,"Elaeocarpus ganitrus seeds are used to calm the mind, control high blood pressure, and for spiritual practices.",Madhura,Guru,Ushna,Madhura,"Hridaya, Medhya","Cardiac; Elaeocarpus ganitrus seeds are used to calm the mind, control high blood pressure, and for spiritual practices.; Neurological","Cardiac, Neurological","Use with caution in Pitta aggravation, high acidity, inflammatory conditions; May aggravate Pitta dosha; avoid in burning sensation, ulcers, bleeding disorders; Consult an Ayurvedic practitioner before use during pregnancy or lactation","Vata, Kapha",Pitta,False,/p/rudraksha.html
Putranjivaka,,,Putranjiva roxburghii is renowned for its use in supporting female fertility and protecting pregnancy.,"Madhura, Katu",Guru,Sheeta,Madhura,"Garbhasthapana, Vrishya",Putranjiva roxburghii is renowned for its use in supporting female fertility and protecting pregnancy.; Reproductive,Reproductive,"Use with caution in Kapha aggravation, cold conditions, low digestive fire; May aggravate Kapha dosha; avoid in congestion, obesity, lethargy conditions; Consult an Ayurvedic practitioner before use during pregnancy or lactation","Vata, Pitta",Kapha,False,/p/putranjivaka.html
Padmaka,,,"Prunus cerasoides is a cooling herb used for skin diseases, burning sensations, and to stop bleeding.","Kashaya, Tikta",Laghu,Sheeta,Katu,"Varnya, Raktastambhana","Dermatological; Prunus cerasoides is a cooling herb used for skin diseases, burning sensations, and to stop bleeding.",Dermatological,"Use with caution in Kapha aggravation, cold conditions, low digestive fire; May aggravate Vata dosha; avoid in dry skin, constipation, anxiety conditions; Consult an Ayurvedic practitioner before use during pregnancy or lactation","Pitta, Kapha",Vata,False,/p/padmaka.html
Pilu,,,"The toothbrush tree (Salvadora persica) is used for oral hygiene, improving digestion, and reducing swelling.","Katu, Tikta","Laghu, Tikshna",Ushna,Katu,"Deepana, Shothahara","Anti-inflammatory; Digestive; The toothbrush tree (Salvadora persica) is used for oral hygiene, improving digestion, and reducing swelling.","Anti-inflammatory, Digestive","Use with caution in Pitta aggravation, high acidity, inflammatory conditions; May aggravate Pitta dosha; avoid in burning sensation, ulcers, bleeding disorders; Consult an Ayurvedic practitioner before use during pregnancy or lactation","Kapha, Vata",Pitta,False,/p/pilu.html
Simsapa,,,"Dalbergia sissoo (Indian Rosewood) is used for skin diseases, obesity, and as a blood purifier.","Kashaya, Tikta","Laghu, Ruksha",Ushna,Katu,"Kushtaghna, Medohara","Dalbergia sissoo (Indian Rosewood) is used for skin diseases, obesity, and as a blood purifier.; Dermatological; Metabolic","Dermatological, Metabolic","Use with caution in Pitta aggravation, high acidity, inflammatory conditions; May aggravate Vata dosha; avoid in dry skin, constipation, anxiety conditions; Consult an Ayurvedic practitioner before use during pregnancy or lactation","Pitta, Kapha",Vata,False,/p/simsapa.html
Arishtaka,,,"Soapnut is used as a natural cleanser for hair and skin, and internally to induce vomiting.",Tikta,"Laghu, Tikshna",Ushna,Katu,"Vamana, Lekhana","Metabolic; Soapnut is used as a natural cleanser for hair and skin, and internally to induce vomiting.",Metabolic,"Use with caution in Pitta aggravation, high acidity, inflammatory conditions; Consult an Ayurvedic practitioner before use during pregnancy or lactation",tridosha,,True,/p/arishtaka.html
Visha Tinduka,,,"Strychnos nux-vomica (Nux vomica) is a highly toxic herb used in purified, minute doses to stimulate the nervous system and digestion.","Tikta, Katu","Laghu, Tikshna",Ushna,Katu,"Vatahara, Deepana","Digestive; Strychnos nux-vomica (Nux vomica) is a highly toxic herb used in purified, minute doses to stimulate the nervous system and digestion.",Digestive,"Use with caution in Pitta aggravation, high acidity, inflammatory conditions; May aggravate Pitta dosha; avoid in burning sensation, ulcers, bleeding disorders; Consult an Ayurvedic practitioner before use during pregnancy or lactation","Vata, Kapha",Pitta,False,/p/visha-tinduka.html
Devadali,,,Luffa echinata is used to induce therapeutic nasal cleansing (Nasya) and vomiting (Vamana).,"Tikta, Katu","Laghu, Tikshna",Ushna,Katu,"Vamana, Krimighna",Anti-parasitic; Luffa echinata is used to induce therapeutic nasal cleansing (Nasya) and vomiting (Vamana).,Anti-parasitic,"Use with caution in Pitta aggravation, high acidity, inflammatory conditions; May aggravate Vata dosha; avoid in dry skin, constipation, anxiety conditions; Consult an Ayurvedic practitioner before use during pregnancy or lactation","Kapha, Pitta",Vata,False,/p/devadali.html
Dhava,,,"Anogeissus latifolia is an astringent herb used for wound healing, diarrhea, and bleeding disorders.",Kashaya,"Laghu, Ruksha",Sheeta,Katu,"Grahi, Raktastambhana","Anogeissus latifolia is an astringent herb used for wound healing, diarrhea, and bleeding disorders.; Digestive",Digestive,"Use with caution in Kapha aggravation, cold conditions, low digestive fire; May aggravate Vata dosha; avoid in dry skin, constipation, anxiety conditions; Consult an Ayurvedic practitioner before use during pregnancy or lactation","Pitta, Kapha",Vata,False,/p/dhava.html
Gajapippali,,,"Scindapsus officinalis is a larger variety of pepper, used for respiratory and digestive issues.",Katu,"Laghu, Tikshna",Ushna,Katu,"Kasahara, Deepana","Digestive; Respiratory; Scindapsus officinalis is a larger variety of pepper, used for respiratory and digestive issues.","Digestive, Respiratory","Use with caution in Pitta aggravation, high acidity, inflammatory conditions; May aggravate Pitta dosha; avoid in burning sensation, ulcers, bleeding disorders; Consult an Ayurvedic practitioner before use during pregnancy or lactation","Vata, Kapha",Pitta,False,/p/gajapippali.html
Granthiparni,,,"Angelica glauca is an aromatic herb used for digestive, respiratory, and nervous system disorders.","Katu, Tikta","Laghu, Tikshna",Ushna,Katu,"Deepana, Shwasahara","Angelica glauca is an aromatic herb used for digestive, respiratory, and nervous system disorders.; Digestive; Respiratory","Digestive, Respiratory","Use with caution in Pitta aggravation, high acidity, inflammatory conditions; May aggravate Pitta dosha; avoid in burning sensation, ulcers, bleeding disorders; Consult an Ayurvedic practitioner before use during pregnancy or lactation","Vata, Kapha",Pitta,False,/p/granthiparni.html
Hapusa,,,Juniper berries are a diuretic and antiseptic used for urinary tract infections and joint pain.,"Katu, Tikta","Laghu, Ruksha",Ushna,Katu,"Mutrala, Deepana",Digestive; Juniper berries are a diuretic and antiseptic used for urinary tract infections and joint pain.; Urinary,"Digestive, Urinary","Use with caution in Pitta aggravation, high acidity, inflammatory conditions; May aggravate Pitta dosha; avoid in burning sensation, ulcers, bleeding disorders; Consult an Ayurvedic practitioner before use during pregnancy or lactation","Vata, Kapha",Pitta,False,/p/hapusa.html
Kakajangha,,,Peristrophe paniculata is used for its anti-inflammatory properties and in treating fever.,Tikta,Laghu,Sheeta,Katu,"Jwaraghna, Shothahara",Anti-inflammatory; Anti-pyretic; Peristrophe paniculata is used for its anti-inflammatory properties and in treating fever.,"Anti-inflammatory, Anti-pyretic","Use with caution in Kapha aggravation, cold conditions, low digestive fire; May aggravate Vata dosha; avoid in dry skin, constipation, anxiety conditions; Consult an Ayurvedic practitioner before use during pregnancy or lactation","Pitta, Kapha",Vata,False,/p/kakajangha.html
Kamalakanda,,,"Lotus stem is a cooling, nourishing vegetable that pacifies Pitta and helps in bleeding disorders.","Madhura, Kashaya","Guru, Snigdha",Sheeta,Madhura,"Raktastambhana, Balya","Lotus stem is a cooling, nourishing vegetable that pacifies Pitta and helps in bleeding disorders.; Strengthening",Strengthening,"Use with caution in Kapha aggravation, cold conditions, low digestive fire; May aggravate Vata dosha; avoid in dry skin, constipation, anxiety conditions; May aggravate Kapha dosha; avoid in congestion, obesity, lethargy conditions; Consult an Ayurvedic practitioner before use during pregnancy or lactation",Pitta,"Vata, Kapha",False,/p/kamalakanda.html
Karmaranga,,,Star fruit is a sour fruit used to stimulate digestion and act as a mild laxative.,"Amla, Madhura",Laghu,Sheeta,Amla,"Deepana, Virechana",Digestive; Purgative; Star fruit is a sour fruit used to stimulate digestion and act as a mild laxative.,"Digestive, Purgative","Use with caution in Kapha aggravation, cold conditions, low digestive fire; May aggravate Pitta dosha; avoid in burning sensation, ulcers, bleeding disorders; May aggravate Kapha dosha; avoid in congestion, obesity, lethargy conditions; Consult an Ayurvedic practitioner before use during pregnancy or lactation",Vata,"Pitta, Kapha",False,/p/karmaranga.html
Kasheruka,,,"Scirpus grossus is a cooling, diuretic, and aphrodisiac herb.","Madhura, Kashaya","Guru, Snigdha",Sheeta,Madhura,"Vrishya, Mutrala","Reproductive; Scirpus grossus is a cooling, diuretic, and aphrodisiac herb.; Urinary","Reproductive, Urinary","Use with caution in Kapha aggravation, cold conditions, low digestive fire; May aggravate Kapha dosha; avoid in congestion, obesity, lethargy conditions; Consult an Ayurvedic practitioner before use during pregnancy or lactation","Vata, Pitta",Kapha,False,/p/kasheruka.html
Kembuka,,,"Costus speciosus is used to treat respiratory conditions, skin diseases, and to purify the blood.","Tikta, Kashaya","Laghu, Ruksha",Sheeta,Katu,"Kushtaghna, Kasahara","Costus speciosus is used to treat respiratory conditions, skin diseases, and to purify the blood.; Dermatological; Respiratory","Dermatological, Respiratory","Use with caution in Kapha aggravation, cold conditions, low digestive fire; May aggravate Vata dosha; avoid in dry skin, constipation, anxiety conditions; Consult an Ayurvedic practitioner before use during pregnancy or lactation","Pitta, Kapha",Vata,False,/p/kembuka.html
Koshamra,,,Schleichera oleosa is used in traditional medicine for skin diseases and promoting hair growth.,Amla,"Guru, Snigdha",Ushna,Amla,"Kushtaghna, Keshya",Dermatological; Schleichera oleosa is used in traditional medicine for skin diseases and promoting hair growth.,Dermatological,"Use with caution in Pitta aggravation, high acidity, inflammatory conditions; May aggravate Pitta dosha; avoid in burning sensation, ulcers, bleeding disorders; Consult an Ayurvedic practitioner before use during pregnancy or lactation","Kapha, Vata",Pitta,False,/p/koshamra.html
Latakaranja,,,"Caesalpinia crista is a bitter tonic used for fever, malaria, and intestinal worms.","Tikta, Katu","Laghu, Tikshna",Ushna,Katu,"Jwaraghna, Krimighna","Anti-parasitic; Anti-pyretic; Caesalpinia crista is a bitter tonic used for fever, malaria, and intestinal worms.","Anti-parasitic, Anti-pyretic","Use with caution in Pitta aggravation, high acidity, inflammatory conditions; May aggravate Pitta dosha; avoid in burning sensation, ulcers, bleeding disorders; Consult an Ayurvedic practitioner before use during pregnancy or lactation","Kapha, Vata",Pitta,False,/p/latakaranja.html
Lavali,,,Cicca acida is a sour fruit that aids digestion and has a laxative effect.,Amla,"Laghu, Ruksha",Ushna,Amla,"Deepana, Virechana",Cicca acida is a sour fruit that aids digestion and has a laxative effect.; Digestive; Purgative,"Digestive, Purgative","Use with caution in Pitta aggravation, high acidity, inflammatory conditions; May aggravate Pitta dosha; avoid in burning sensation, ulcers, bleeding disorders; May aggravate Kapha dosha; avoid in congestion, obesity, lethargy conditions; Consult an Ayurvedic practitioner before use during pregnancy or lactation",Vata,"Pitta, Kapha",False,/p/lavali.html
Mahanimba,,,"Melia azedarach is a potent anti-microbial and blood purifier, similar to but stronger than Neem.","Tikta, Kashaya","Laghu, Ruksha",Sheeta,Katu,"Kushtaghna, Krimighna, Raktashodhak","Anti-parasitic; Blood Purification; Dermatological; Melia azedarach is a potent anti-microbial and blood purifier, similar to but stronger than Neem.","Anti-parasitic, Blood Purification, Dermatological","Use with caution in Kapha aggravation, cold conditions, low digestive fire; May aggravate Vata dosha; avoid in dry skin, constipation, anxiety conditions; Consult an Ayurvedic practitioner before use during pregnancy or lactation","Pitta, Kapha",Vata,False,/p/mahanimba.html
Nagabala,,,Grewia hirsuta is a powerful tonic (rasayana) that enhances strength and calms the nervous system.,Madhura,"Guru, Snigdha",Sheeta,Madhura,"Balya, rasayan",Grewia hirsuta is a powerful tonic (rasayana) that enhances strength and calms the nervous system.; Rejuvenation; Strengthening,"Rejuvenation, Strengthening","Use with caution in Kapha aggravation, cold conditions, low digestive fire; May aggravate Kapha dosha; avoid in congestion, obesity, lethargy conditions; Consult an Ayurvedic practitioner before use during pregnancy or lactation","Vata, Pitta",Kapha,False,/p/nagabala.html
Narikela Lavana,,,"A special preparation of Coconut and Rock Salt, used for hyperacidity and digestive issues.","Lavana, Madhura",Laghu,Sheeta,Madhura,"Amlapittahara, Deepana","A special preparation of Coconut and Rock Salt, used for hyperacidity and digestive issues.; Digestive",Digestive,"Use with caution in Kapha aggravation, cold conditions, low digestive fire; May aggravate Kapha dosha; avoid in congestion, obesity, lethargy conditions; Consult an Ayurvedic practitioner before use during pregnancy or lactation","Vata, Pitta",Kapha,False,/p/narikela-lavana.html
Pattanga,,,Caesalpinia sappan (Sappanwood) is an astringent used to stop bleeding and heal wounds.,"Kashaya, Madhura",Guru,Sheeta,Katu,"Raktastambhana, Vranaropana",Caesalpinia sappan (Sappanwood) is an astringent used to stop bleeding and heal wounds.,General Wellness,"Use with caution in Kapha aggravation, cold conditions, low digestive fire; May aggravate Vata dosha; avoid in dry skin, constipation, anxiety conditions; May aggravate Kapha dosha; avoid in congestion, obesity, lethargy conditions; Consult an Ayurvedic practitioner before use during pregnancy or lactation",Pitta,"Vata, Kapha",False,/p/pattanga.html
Sarja,,,"The resin of Vateria indica is used as an antiseptic, anti-inflammatory and for wound healing.","Kashaya, Tikta","Laghu, Snigdha",Sheeta,Katu,"Vranaropana, Vishaghna","Anti-toxic; The resin of Vateria indica is used as an antiseptic, anti-inflammatory and for wound healing.",Anti-toxic,"Use with caution in Kapha aggravation, cold conditions, low digestive fire; May aggravate Vata dosha; avoid in dry skin, constipation, anxiety conditions; Consult an Ayurvedic practitioner before use during pregnancy or lactation","Pitta, Kapha",Vata,False,/p/sarja.html
Somavalli,,,"The legendary Soma plant, often identified as Sarcostemma acidum, is a rejuvenative and vitality booster.",Amla,Laghu,Ushna,Madhura,"rasayan, Balya","Rejuvenation; Strengthening; The legendary Soma plant, often identified as Sarcostemma acidum, is a rejuvenative and vitality booster.","Rejuvenation, Strengthening","Use with caution in Pitta aggravation, high acidity, inflammatory conditions; May aggravate Kapha dosha; avoid in congestion, obesity, lethargy conditions; Consult an Ayurvedic practitioner before use during pregnancy or lactation","Vata, Pitta",Kapha,False,/p/somavalli.html
Vyaghranakhi,,,Capparis zeylanica is used for its anti-inflammatory properties in conditions like edema and joint pain.,Tikta,"Laghu, Tikshna",Ushna,Katu,"Shothahara, Vatahara",Anti-inflammatory; Capparis zeylanica is used for its anti-inflammatory properties in conditions like edema and joint pain.,Anti-inflammatory,"Use with caution in Pitta aggravation, high acidity, inflammatory conditions; May aggravate Pitta dosha; avoid in burning sensation, ulcers, bleeding disorders; Consult an Ayurvedic practitioner before use during pregnancy or lactation","Kapha, Vata",Pitta,False,/p/vyaghranakhi.html
Manikya Pishti,,,Processed Ruby gem is used as a powerful cardiotonic and rejuvenator to enhance vitality and strength.,Madhura,Guru,Ushna,Madhura,"Hridaya, rasayan, Vrishya",Cardiac; Processed Ruby gem is used as a powerful cardiotonic and rejuvenator to enhance vitality and strength.; Rejuvenation; Reproductive,"Cardiac, Rejuvenation, Reproductive","Use with caution in Pitta aggravation, high acidity, inflammatory conditions; May aggravate Pitta dosha; avoid in burning sensation, ulcers, bleeding disorders; Consult an Ayurvedic practitioner before use during pregnancy or lactation","Vata, Kapha",Pitta,False,/p/manikya-pishti.html
Akshotaka,,,Walnut is a nourishing brain tonic that pacifies Vata dosha and enhances strength and vitality.,Madhura,"Guru, Snigdha",Ushna,Madhura,"Medhya, Balya, Brimhaniya",Neurological; Nutritive; Strengthening; Walnut is a nourishing brain tonic that pacifies Vata dosha and enhances strength and vitality.,"Neurological, Nutritive, Strengthening","Use with caution in Pitta aggravation, high acidity, inflammatory conditions; May aggravate Pitta dosha; avoid in burning sensation, ulcers, bleeding disorders; May aggravate Kapha dosha; avoid in congestion, obesity, lethargy conditions; Consult an Ayurvedic practitioner before use during pregnancy or lactation",Vata,"Pitta, Kapha",False,/p/akshotaka.html
Chakshushya,,,"As its name suggests, Cassia absus is a specific herb for improving eyesight and treating eye disorders.","Kashaya, Tikta","Laghu, Ruksha",Sheeta,Katu,"Chakshushya, Grahi","As its name suggests, Cassia absus is a specific herb for improving eyesight and treating eye disorders.; Digestive; Ophthalmological","Digestive, Ophthalmological","Use with caution in Kapha aggravation, cold conditions, low digestive fire; May aggravate Vata dosha; avoid in dry skin, constipation, anxiety conditions; Consult an Ayurvedic practitioner before use during pregnancy or lactation","Pitta, Kapha",Vata,False,/p/chakshushya.html
Dadrughna,,,"Cassia alata is a potent anti-fungal herb used topically for skin diseases, especially ringworm.",Katu,"Laghu, Ruksha",Ushna,Katu,"Kushtaghna, Kandughna","Cassia alata is a potent anti-fungal herb used topically for skin diseases, especially ringworm.; Dermatological",Dermatological,"Use with caution in Pitta aggravation, high acidity, inflammatory conditions; May aggravate Vata dosha; avoid in dry skin, constipation, anxiety conditions; Consult an Ayurvedic practitioner before use during pregnancy or lactation","Pitta, Kapha",Vata,False,/p/dadrughna.html
Bandhuka,,,Pentapetes phoenicea flower is used for its cooling and soothing properties in Pitta conditions.,"Madhura, Kashaya",Snigdha,Sheeta,Madhura,"Dahashamana, Hridaya",Cardiac; Pentapetes phoenicea flower is used for its cooling and soothing properties in Pitta conditions.,Cardiac,"Use with caution in Kapha aggravation, cold conditions, low digestive fire; May aggravate Vata dosha; avoid in dry skin, constipation, anxiety conditions; May aggravate Kapha dosha; avoid in congestion, obesity, lethargy conditions; Consult an Ayurvedic practitioner before use during pregnancy or lactation",Pitta,"Vata, Kapha",False,/p/bandhuka.html
Bhutakeshi,,,Selinum wallichianum is a nervine tonic used to calm the mind and treat neurological conditions.,Tikta,Laghu,Ushna,Katu,"Medhya, Vatahara",Neurological; Selinum wallichianum is a nervine tonic used to calm the mind and treat neurological conditions.,Neurological,"Use with caution in Pitta aggravation, high acidity, inflammatory conditions; May aggravate Pitta dosha; avoid in burning sensation, ulcers, bleeding disorders; Consult an Ayurvedic practitioner before use during pregnancy or lactation","Vata, Kapha",Pitta,False,/p/bhutakeshi.html
Riddhi,,,"An Ashtavarga herb, Riddhi is a general tonic used to promote strength, longevity, and tissue nourishment.",Madhura,"Guru, Snigdha",Sheeta,Madhura,"rasayan, Brimhaniya","An Ashtavarga herb, Riddhi is a general tonic used to promote strength, longevity, and tissue nourishment.; Nutritive; Rejuvenation","Nutritive, Rejuvenation","Use with caution in Kapha aggravation, cold conditions, low digestive fire; May aggravate Kapha dosha; avoid in congestion, obesity, lethargy conditions; Consult an Ayurvedic practitioner before use during pregnancy or lactation","Vata, Pitta",Kapha,False,/p/riddhi.html
Vriddhi,,,"Paired with Riddhi in the Ashtavarga group, Vriddhi also enhances vitality and nourishes the body's tissues.",Madhura,"Guru, Snigdha",Sheeta,Madhura,"rasayan, Brimhaniya","Nutritive; Paired with Riddhi in the Ashtavarga group, Vriddhi also enhances vitality and nourishes the body's tissues.; Rejuvenation","Nutritive, Rejuvenation","Use with caution in Kapha aggravation, cold conditions, low digestive fire; May aggravate Kapha dosha; avoid in congestion, obesity, lethargy conditions; Consult an Ayurvedic practitioner before use during pregnancy or lactation","Vata, Pitta",Kapha,False,/p/vriddhi.html
Daruharidra,,,"Indian Barberry, a potent alternative to Turmeric, used for skin, liver, and blood sugar control.","Tikta, Kashaya","Laghu, Ruksha",Ushna,Katu,"Kushtaghna, Pramehaghna, Yakrituttejaka","Dermatological; Hepatoprotective; Indian Barberry, a potent alternative to Turmeric, used for skin, liver, and blood sugar control.","Dermatological, Hepatoprotective","Use with caution in Pitta aggravation, high acidity, inflammatory conditions; May aggravate Vata dosha; avoid in dry skin, constipation, anxiety conditions; Consult an Ayurvedic practitioner before use during pregnancy or lactation","Pitta, Kapha",Vata,False,/p/daruharidra.html
Akarakarabha,,,"Anacyclus pyrethrum is a powerful aphrodisiac and nervine stimulant, known to enhance vitality.",Katu,"Ruksha, Tikshna",Ushna,Katu,"Vrishya, Vatahara","Anacyclus pyrethrum is a powerful aphrodisiac and nervine stimulant, known to enhance vitality.; Reproductive",Reproductive,"Use with caution in Pitta aggravation, high acidity, inflammatory conditions; May aggravate Pitta dosha; avoid in burning sensation, ulcers, bleeding disorders; Consult an Ayurvedic practitioner before use during pregnancy or lactation","Vata, Kapha",Pitta,False,/p/akarakarabha.html
Mahabala,,,"Sida rhombifolia, a variety of Bala, is a superior tonic for building strength and calming the nervous system.",Madhura,"Guru, Snigdha",Sheeta,Madhura,"Balya, Hridaya, rasayan","Cardiac; Rejuvenation; Sida rhombifolia, a variety of Bala, is a superior tonic for building strength and calming the nervous system.; Strengthening","Cardiac, Rejuvenation, Strengthening","Use with caution in Kapha aggravation, cold conditions, low digestive fire; May aggravate Kapha dosha; avoid in congestion, obesity, lethargy conditions; Consult an Ayurvedic practitioner before use during pregnancy or lactation","Vata, Pitta",Kapha,False,/p/mahabala.html
Godanti Bhasma,,,"Processed Gypsum is a cooling remedy for fever, headache, and Pitta-related burning sensations.",Madhura,Laghu,Sheeta,Madhura,"Jwaraghna, Shoolaghna","Analgesic; Anti-pyretic; Processed Gypsum is a cooling remedy for fever, headache, and Pitta-related burning sensations.","Analgesic, Anti-pyretic","Use with caution in Kapha aggravation, cold conditions, low digestive fire; May aggravate Vata dosha; avoid in dry skin, constipation, anxiety conditions; May aggravate Kapha dosha; avoid in congestion, obesity, lethargy conditions; Consult an Ayurvedic practitioner before use during pregnancy or lactation",Pitta,"Vata, Kapha",False,/p/godanti-bhasma.html
Kukkutanda Twak Bhasma,,,"Hen's eggshell ash is a rich source of natural calcium, used for osteoporosis and as an aphrodisiac.",Madhura,"Laghu, Ruksha",Ushna,Madhura,"Vrishya, Balya","Hen's eggshell ash is a rich source of natural calcium, used for osteoporosis and as an aphrodisiac.; Reproductive; Strengthening","Reproductive, Strengthening","Use with caution in Pitta aggravation, high acidity, inflammatory conditions; May aggravate Pitta dosha; avoid in burning sensation, ulcers, bleeding disorders; Consult an Ayurvedic practitioner before use during pregnancy or lactation","Vata, Kapha",Pitta,False,/p/kukkutanda-twak-bhasma.html
Samudra Phena,,,Cuttlefish bone is used externally for skin diseases and internally for ear and eye ailments.,Kashaya,"Laghu, Ruksha",Sheeta,Katu,"Lekhana, Kushtaghna",Cuttlefish bone is used externally for skin diseases and internally for ear and eye ailments.; Dermatological; Metabolic,"Dermatological, Metabolic","Use with caution in Kapha aggravation, cold conditions, low digestive fire; May aggravate Pitta dosha; avoid in burning sensation, ulcers, bleeding disorders; May aggravate Vata dosha; avoid in dry skin, constipation, anxiety conditions; Consult an Ayurvedic practitioner before use during pregnancy or lactation",Kapha,"Pitta, Vata",False,/p/samudra-phena.html
Chirayata,,,"Swertia chirata is an extremely bitter herb used for chronic fevers, liver disorders, and skin diseases.",Tikta,"Laghu, Ruksha",Sheeta,Katu,"Jwaraghna, Yakrituttejaka, Krimighna","Anti-parasitic; Anti-pyretic; Hepatoprotective; Swertia chirata is an extremely bitter herb used for chronic fevers, liver disorders, and skin diseases.","Anti-parasitic, Anti-pyretic, Hepatoprotective","Use with caution in Kapha aggravation, cold conditions, low digestive fire; May aggravate Vata dosha; avoid in dry skin, constipation, anxiety conditions; Consult an Ayurvedic practitioner before use during pregnancy or lactation","Pitta, Kapha",Vata,False,/p/chirayata.html
Jalapippali,,,Phyla nodiflora is a cooling herb used for its diuretic and anti-inflammatory properties.,Tikta,Laghu,Sheeta,Katu,"Mutrala, Jwaraghna",Anti-pyretic; Phyla nodiflora is a cooling herb used for its diuretic and anti-inflammatory properties.; Urinary,"Anti-pyretic, Urinary","Use with caution in Kapha aggravation, cold conditions, low digestive fire; May aggravate Vata dosha; avoid in dry skin, constipation, anxiety conditions; May aggravate Kapha dosha; avoid in congestion, obesity, lethargy conditions; Consult an Ayurvedic practitioner before use during pregnancy or lactation",Pitta,"Vata, Kapha",False,/p/jalapippali.html
Kamala Kesara,,,Lotus stamen is a cooling astringent used to stop bleeding and relieve burning sensations.,"Kashaya, Madhura","Laghu, Ruksha",Sheeta,Madhura,"Raktastambhana, Grahi",Digestive; Lotus stamen is a cooling astringent used to stop bleeding and relieve burning sensations.,Digestive,"Use with caution in Kapha aggravation, cold conditions, low digestive fire; May aggravate Vata dosha; avoid in dry skin, constipation, anxiety conditions; May aggravate Kapha dosha; avoid in congestion, obesity, lethargy conditions; Consult an Ayurvedic practitioner before use during pregnancy or lactation",Pitta,"Vata, Kapha",False,/p/kamala-kesara.html
Kasamarda,,,"Cassia occidentalis is used to treat cough, skin diseases, and to purify the blood.","Tikta, Madhura","Laghu, Ruksha",Ushna,Katu,"Kasahara, Kushtaghna","Cassia occidentalis is used to treat cough, skin diseases, and to purify the blood.; Dermatological; Respiratory","Dermatological, Respiratory","Use with caution in Pitta aggravation, high acidity, inflammatory conditions; May aggravate Pitta dosha; avoid in burning sensation, ulcers, bleeding disorders; Consult an Ayurvedic practitioner before use during pregnancy or lactation","Kapha, Vata",Pitta,False,/p/kasamarda.html
Bhumyamalaki,,,"Phyllanthus niruri is a famous herb for liver and kidney health, especially in treating jaundice and stones.","Tikta, Kashaya, Madhura","Laghu, Ruksha",Sheeta,Madhura,"Yakrituttejaka, Kasahara, Mutrala","Hepatoprotective; Phyllanthus niruri is a famous herb for liver and kidney health, especially in treating jaundice and stones.; Respiratory; Urinary","Hepatoprotective, Respiratory, Urinary","Use with caution in Kapha aggravation, cold conditions, low digestive fire; May aggravate Vata dosha; avoid in dry skin, constipation, anxiety conditions; Consult an Ayurvedic practitioner before use during pregnancy or lactation","Pitta, Kapha",Vata,False,/p/bhumyamalaki.html
Dugdhika,,,"Euphorbia hirta is used to treat respiratory ailments like asthma and bronchitis, and also for intestinal worms.","Katu, Tikta",Guru,Ushna,Katu,"Shwasahara, Krimighna","Anti-parasitic; Euphorbia hirta is used to treat respiratory ailments like asthma and bronchitis, and also for intestinal worms.; Respiratory","Anti-parasitic, Respiratory","Use with caution in Pitta aggravation, high acidity, inflammatory conditions; May aggravate Pitta dosha; avoid in burning sensation, ulcers, bleeding disorders; Consult an Ayurvedic practitioner before use during pregnancy or lactation","Kapha, Vata",Pitta,False,/p/dugdhika.html
Gairika,,,"Red Ochre is a cooling mineral used to treat bleeding disorders, skin issues, and hiccups.","Madhura, Kashaya",Snigdha,Sheeta,Madhura,"Raktastambhana, Chakshushya","Ophthalmological; Red Ochre is a cooling mineral used to treat bleeding disorders, skin issues, and hiccups.",Ophthalmological,"Use with caution in Kapha aggravation, cold conditions, low digestive fire; May aggravate Vata dosha; avoid in dry skin, constipation, anxiety conditions; May aggravate Kapha dosha; avoid in congestion, obesity, lethargy conditions; Consult an Ayurvedic practitioner before use during pregnancy or lactation",Pitta,"Vata, Kapha",False,/p/gairika.html
Grinjana,,,"Carrot is a nutritious vegetable that improves eyesight, purifies blood, and pacifies Vata.","Madhura, Tikta","Guru, Tikshna",Ushna,Madhura,"Chakshushya, Grahi, Raktashodhak","Blood Purification; Carrot is a nutritious vegetable that improves eyesight, purifies blood, and pacifies Vata.; Digestive; Ophthalmological","Blood Purification, Digestive, Ophthalmological","Use with caution in Pitta aggravation, high acidity, inflammatory conditions; May aggravate Pitta dosha; avoid in burning sensation, ulcers, bleeding disorders; Consult an Ayurvedic practitioner before use during pregnancy or lactation","Vata, Kapha",Pitta,False,/p/grinjana.html
Ishabgula,,,Psyllium Husk is a bulk-forming laxative used to relieve constipation and soothe the digestive tract.,Madhura,"Guru, Snigdha",Sheeta,Madhura,"Virechana, Grahi",Digestive; Psyllium Husk is a bulk-forming laxative used to relieve constipation and soothe the digestive tract.; Purgative,"Digestive, Purgative","Use with caution in Kapha aggravation, cold conditions, low digestive fire; May aggravate Kapha dosha; avoid in congestion, obesity, lethargy conditions; Consult an Ayurvedic practitioner before use during pregnancy or lactation","Vata, Pitta",Kapha,False,/p/ishabgula.html
Kalajaji,,,"Nigella sativa (Kalonji) is a potent stimulant for digestion and respiration, used to pacify vata and Kapha.","Katu, Tikta","Laghu, Ruksha",Ushna,Katu,"Deepana, Garbhashaya Shodhaka","Digestive; Nigella sativa (Kalonji) is a potent stimulant for digestion and respiration, used to pacify vata and Kapha.",Digestive,"Use with caution in Pitta aggravation, high acidity, inflammatory conditions; May aggravate Pitta dosha; avoid in burning sensation, ulcers, bleeding disorders; Consult an Ayurvedic practitioner before use during pregnancy or lactation","Vata, Kapha",Pitta,False,/p/kalajaji.html
Kankshi,,,"Alum is a powerful astringent used topically to stop bleeding and purify water, and internally in purified form.","Kashaya, Amla","Laghu, Ruksha",Ushna,Katu,"Raktastambhana, Keshya","Alum is a powerful astringent used topically to stop bleeding and purify water, and internally in purified form.",General Wellness,"Use with caution in Pitta aggravation, high acidity, inflammatory conditions; May aggravate Vata dosha; avoid in dry skin, constipation, anxiety conditions; Consult an Ayurvedic practitioner before use during pregnancy or lactation","Pitta, Kapha",Vata,False,/p/kankshi.html
Karira,,,Capparis decidua is used as a digestive stimulant and for joint pain.,"Katu, Tikta","Laghu, Ruksha",Ushna,Katu,"Deepana, Vatahara",Capparis decidua is used as a digestive stimulant and for joint pain.; Digestive,Digestive,"Use with caution in Pitta aggravation, high acidity, inflammatory conditions; May aggravate Pitta dosha; avoid in burning sensation, ulcers, bleeding disorders; Consult an Ayurvedic practitioner before use during pregnancy or lactation","Kapha, Vata",Pitta,False,/p/karira.html
Karpasa,,,The Cotton plant's seeds and roots are used as a nervine tonic and to promote lactation.,Madhura,"Guru, Snigdha",Ushna,Madhura,"Balya, Stanyajanana",Reproductive; Strengthening; The Cotton plant's seeds and roots are used as a nervine tonic and to promote lactation.,"Reproductive, Strengthening","Use with caution in Pitta aggravation, high acidity, inflammatory conditions; May aggravate Pitta dosha; avoid in burning sensation, ulcers, bleeding disorders; May aggravate Kapha dosha; avoid in congestion, obesity, lethargy conditions; Consult an Ayurvedic practitioner before use during pregnancy or lactation",Vata,"Pitta, Kapha",False,/p/karpasa.html
Kataka,,,Strychnos potatorum (Clearing Nut) is used for eye diseases and to purify water.,"Madhura, Kashaya","Laghu, Snigdha",Sheeta,Madhura,"Chakshushya, Vishaghna",Anti-toxic; Ophthalmological; Strychnos potatorum (Clearing Nut) is used for eye diseases and to purify water.,"Anti-toxic, Ophthalmological","Use with caution in Kapha aggravation, cold conditions, low digestive fire; May aggravate Pitta dosha; avoid in burning sensation, ulcers, bleeding disorders; Consult an Ayurvedic practitioner before use during pregnancy or lactation","Vata, Kapha",Pitta,False,/p/kataka.html
Kovidara,,,"Bauhinia variegata, related to Kanchanar, is used for its astringent and anti-inflammatory properties.",Kashaya,"Laghu, Ruksha",Sheeta,Katu,"Grahi, Kushtaghna","Bauhinia variegata, related to Kanchanar, is used for its astringent and anti-inflammatory properties.; Dermatological; Digestive","Dermatological, Digestive","Use with caution in Kapha aggravation, cold conditions, low digestive fire; May aggravate Vata dosha; avoid in dry skin, constipation, anxiety conditions; Consult an Ayurvedic practitioner before use during pregnancy or lactation","Pitta, Kapha",Vata,False,/p/kovidara.html
Madayantika,,,Henna (Lawsonia inermis) is a cooling herb used externally for skin diseases and burning sensations.,"Tikta, Kashaya","Laghu, Ruksha",Sheeta,Katu,"Kushtaghna, Dahashamana",Dermatological; Henna (Lawsonia inermis) is a cooling herb used externally for skin diseases and burning sensations.,Dermatological,"Use with caution in Kapha aggravation, cold conditions, low digestive fire; May aggravate Vata dosha; avoid in dry skin, constipation, anxiety conditions; Consult an Ayurvedic practitioner before use during pregnancy or lactation","Pitta, Kapha",Vata,False,/p/madayantika.html
Madhukarkati,,,Pomelo (Citrus maxima) is a refreshing fruit that aids digestion and acts as a cardiotonic.,"Amla, Madhura",Laghu,Sheeta,Amla,"Hridaya, Deepana",Cardiac; Digestive; Pomelo (Citrus maxima) is a refreshing fruit that aids digestion and acts as a cardiotonic.,"Cardiac, Digestive","Use with caution in Kapha aggravation, cold conditions, low digestive fire; May aggravate Kapha dosha; avoid in congestion, obesity, lethargy conditions; Consult an Ayurvedic practitioner before use during pregnancy or lactation","Vata, Pitta",Kapha,False,/p/madhukarkati.html
Mulaka,,,"Radish is a pungent vegetable that is light and heating, helping to clear sinuses and stimulate digestion.","Katu, Tikta","Laghu, Tikshna",Ushna,Katu,"Deepana, Hridaya","Cardiac; Digestive; Radish is a pungent vegetable that is light and heating, helping to clear sinuses and stimulate digestion.","Cardiac, Digestive","Use with caution in Pitta aggravation, high acidity, inflammatory conditions; May aggravate Pitta dosha; avoid in burning sensation, ulcers, bleeding disorders; Consult an Ayurvedic practitioner before use during pregnancy or lactation","Vata, Kapha",Pitta,False,/p/mulaka.html
Nimbu,,,"Lemon is a sour fruit that stimulates digestion, cleanses the system, and pacifies Vata dosha.",Amla,"Laghu, Tikshna",Ushna,Madhura,"Deepana, Pachana, Krimighna","Anti-parasitic; Digestive; Lemon is a sour fruit that stimulates digestion, cleanses the system, and pacifies Vata dosha.","Anti-parasitic, Digestive","Use with caution in Pitta aggravation, high acidity, inflammatory conditions; May aggravate Pitta dosha; avoid in burning sensation, ulcers, bleeding disorders; Consult an Ayurvedic practitioner before use during pregnancy or lactation",Vata,Pitta,False,/p/nimbu.html
Palankya,,,"Spinach is an iron-rich leafy vegetable, but its heavy and cold nature can aggravate vata and Kapha if not cooked properly.","Kashaya, Madhura",Guru,Sheeta,Madhura,"Grahi, Raktavardhak","Blood Purification; Digestive; Spinach is an iron-rich leafy vegetable, but its heavy and cold nature can aggravate vata and Kapha if not cooked properly.","Blood Purification, Digestive","Use with caution in Kapha aggravation, cold conditions, low digestive fire; May aggravate Vata dosha; avoid in dry skin, constipation, anxiety conditions; May aggravate Kapha dosha; avoid in congestion, obesity, lethargy conditions; Consult an Ayurvedic practitioner before use during pregnancy or lactation",Pitta,"Vata, Kapha",False,/p/palankya.html
Panasa,,,"Jackfruit is a nourishing, strength-promoting fruit that is heavy to digest and pacifies Vata and Pitta.","Madhura, Kashaya","Guru, Snigdha",Sheeta,Madhura,"Balya, Brimhaniya, Vrishya","Jackfruit is a nourishing, strength-promoting fruit that is heavy to digest and pacifies Vata and Pitta.; Nutritive; Reproductive; Strengthening","Nutritive, Reproductive, Strengthening","Use with caution in Kapha aggravation, cold conditions, low digestive fire; May aggravate Kapha dosha; avoid in congestion, obesity, lethargy conditions; Consult an Ayurvedic practitioner before use during pregnancy or lactation","Vata, Pitta",Kapha,False,/p/panasa.html
Parnayavani,,,"Coleus amboinicus (Indian Borage) is an aromatic herb used for cough, cold, and digestive issues.","Katu, Tikta","Laghu, Tikshna",Ushna,Katu,"Deepana, Pachana, Kasahara","Coleus amboinicus (Indian Borage) is an aromatic herb used for cough, cold, and digestive issues.; Digestive; Respiratory","Digestive, Respiratory","Use with caution in Pitta aggravation, high acidity, inflammatory conditions; May aggravate Pitta dosha; avoid in burning sensation, ulcers, bleeding disorders; Consult an Ayurvedic practitioner before use during pregnancy or lactation","Vata, Kapha",Pitta,False,/p/parnayavani.html
Priyala,,,"Buchanania lanzan (Chironji) nuts are aphrodisiac and highly nourishing, pacifying Vata and Pitta.",Madhura,"Guru, Snigdha",Sheeta,Madhura,"Vrishya, Brimhaniya","Buchanania lanzan (Chironji) nuts are aphrodisiac and highly nourishing, pacifying Vata and Pitta.; Nutritive; Reproductive","Nutritive, Reproductive","Use with caution in Kapha aggravation, cold conditions, low digestive fire; May aggravate Kapha dosha; avoid in congestion, obesity, lethargy conditions; Consult an Ayurvedic practitioner before use during pregnancy or lactation","Vata, Pitta",Kapha,False,/p/priyala.html
Rasna,,,"Pluchea lanceolata is one of the best herbs for pacifying Vata dosha, especially in treating arthritis and joint pain.",Tikta,Guru,Ushna,Katu,"Vatahara, Shothahara","Anti-inflammatory; Pluchea lanceolata is one of the best herbs for pacifying Vata dosha, especially in treating arthritis and joint pain.",Anti-inflammatory,"Use with caution in Pitta aggravation, high acidity, inflammatory conditions; May aggravate Pitta dosha; avoid in burning sensation, ulcers, bleeding disorders; Consult an Ayurvedic practitioner before use during pregnancy or lactation","Vata, Kapha",Pitta,False,/p/rasna.html
Sala,,,Shorea robusta resin is an astringent and anti-microbial used for healing wounds and treating diarrhea.,Kashaya,"Laghu, Ruksha",Sheeta,Katu,"Grahi, Vranaropana",Digestive; Shorea robusta resin is an astringent and anti-microbial used for healing wounds and treating diarrhea.,Digestive,"Use with caution in Kapha aggravation, cold conditions, low digestive fire; May aggravate Vata dosha; avoid in dry skin, constipation, anxiety conditions; Consult an Ayurvedic practitioner before use during pregnancy or lactation","Pitta, Kapha",Vata,False,/p/sala.html
Sarshapa Taila,,,Mustard oil is a heating oil excellent for pacifying Kapha and Vata. It is used in cooking and for external massage.,Katu,"Tikshna, Snigdha",Ushna,Katu,"Lekhana, Deepana",Digestive; Metabolic; Mustard oil is a heating oil excellent for pacifying Kapha and Vata. It is used in cooking and for external massage.,"Digestive, Metabolic","Use with caution in Pitta aggravation, high acidity, inflammatory conditions; May aggravate Pitta dosha; avoid in burning sensation, ulcers, bleeding disorders; Consult an Ayurvedic practitioner before use during pregnancy or lactation","Kapha, Vata",Pitta,False,/p/sarshapa-taila.html
Satyanashi,,,Argemone mexicana is a purgative and detoxifying herb used for skin diseases and constipation.,Tikta,"Laghu, Ruksha",Ushna,Katu,"Virechana, Kushtaghna",Argemone mexicana is a purgative and detoxifying herb used for skin diseases and constipation.; Dermatological; Purgative,"Dermatological, Purgative","Use with caution in Pitta aggravation, high acidity, inflammatory conditions; May aggravate Vata dosha; avoid in dry skin, constipation, anxiety conditions; Consult an Ayurvedic practitioner before use during pregnancy or lactation","Kapha, Pitta",Vata,False,/p/satyanashi.html
Shvet Musli,,,"Chlorophytum borivilianum is a celebrated aphrodisiac and rejuvenative herb, often called 'White Gold'.",Madhura,"Guru, Snigdha",Sheeta,Madhura,"Vrishya, Balya, Brimhaniya","Chlorophytum borivilianum is a celebrated aphrodisiac and rejuvenative herb, often called 'White Gold'.; Nutritive; Reproductive; Strengthening","Nutritive, Reproductive, Strengthening","Use with caution in Kapha aggravation, cold conditions, low digestive fire; May aggravate Kapha dosha; avoid in congestion, obesity, lethargy conditions; Consult an Ayurvedic practitioner before use during pregnancy or lactation","Vata, Pitta",Kapha,False,/p/shvet-musli.html
Tankana Bhasma,,,"Purified borax ash is used in small doses to treat cough, cold, and respiratory congestion.",Lavana,"Ruksha, Tikshna",Ushna,Katu,"Kasahara, Lekhana","Metabolic; Purified borax ash is used in small doses to treat cough, cold, and respiratory congestion.; Respiratory","Metabolic, Respiratory","Use with caution in Pitta aggravation, high acidity, inflammatory conditions; May aggravate Pitta dosha; avoid in burning sensation, ulcers, bleeding disorders; May aggravate Vata dosha; avoid in dry skin, constipation, anxiety conditions; Consult an Ayurvedic practitioner before use during pregnancy or lactation",Kapha,"Pitta, Vata",False,/p/tankana-bhasma.html
Taruni,,,"Rose (Rosa centifolia) is a cooling and calming herb, excellent for pacifying Pitta, soothing the heart, and for skin health.","Tikta, Kashaya, Madhura","Laghu, Snigdha",Sheeta,Madhura,"Hridaya, Varnya, Chakshushya","Cardiac; Dermatological; Ophthalmological; Rose (Rosa centifolia) is a cooling and calming herb, excellent for pacifying Pitta, soothing the heart, and for skin health.","Cardiac, Dermatological, Ophthalmological","Use with caution in Kapha aggravation, cold conditions, low digestive fire; May aggravate Vata dosha; avoid in dry skin, constipation, anxiety conditions; May aggravate Kapha dosha; avoid in congestion, obesity, lethargy conditions; Consult an Ayurvedic practitioner before use during pregnancy or lactation",Pitta,"Vata, Kapha",False,/p/taruni.html
Vanapsa,,,"Viola odorata (Sweet Violet) is used for cough, sore throat, and fevers.","Madhura, Tikta",Snigdha,Sheeta,Madhura,"Kasahara, Jwaraghna","Anti-pyretic; Respiratory; Viola odorata (Sweet Violet) is used for cough, sore throat, and fevers.","Anti-pyretic, Respiratory","Use with caution in Kapha aggravation, cold conditions, low digestive fire; May aggravate Vata dosha; avoid in dry skin, constipation, anxiety conditions; Consult an Ayurvedic practitioner before use during pregnancy or lactation","Pitta, Kapha",Vata,False,/p/vanapsa.html
Vathada,,,"Almond is a highly nourishing nut that pacifies Vata, builds tissues, and supports brain health.",Madhura,"Guru, Snigdha",Ushna,Madhura,"Balya, Medhya, Vrishya","Almond is a highly nourishing nut that pacifies Vata, builds tissues, and supports brain health.; Neurological; Reproductive; Strengthening","Neurological, Reproductive, Strengthening","Use with caution in Pitta aggravation, high acidity, inflammatory conditions; May aggravate Pitta dosha; avoid in burning sensation, ulcers, bleeding disorders; May aggravate Kapha dosha; avoid in congestion, obesity, lethargy conditions; Consult an Ayurvedic practitioner before use during pregnancy or lactation",Vata,"Pitta, Kapha",False,/p/vathada.html
Vetasa,,,"Salix caprea is an anti-inflammatory and analgesic herb, used in treating pain and burning sensations.",Tikta,Laghu,Sheeta,Katu,"Shothahara, Dahashamana","Anti-inflammatory; Salix caprea is an anti-inflammatory and analgesic herb, used in treating pain and burning sensations.",Anti-inflammatory,"Use with caution in Kapha aggravation, cold conditions, low digestive fire; May aggravate Vata dosha; avoid in dry skin, constipation, anxiety conditions; Consult an Ayurvedic practitioner before use during pregnancy or lactation","Pitta, Kapha",Vata,False,/p/vetasa.html
Yuthika,,,"A species of Jasmine, Yuthika is a cooling herb used for skin diseases and pacifying Pitta.","Tikta, Kashaya","Laghu, Snigdha",Sheeta,Katu,"Hridaya, Kushtaghna","A species of Jasmine, Yuthika is a cooling herb used for skin diseases and pacifying Pitta.; Cardiac; Dermatological","Cardiac, Dermatological","Use with caution in Kapha aggravation, cold conditions, low digestive fire; May aggravate Vata dosha; avoid in dry skin, constipation, anxiety conditions; May aggravate Kapha dosha; avoid in congestion, obesity, lethargy conditions; Consult an Ayurvedic practitioner before use during pregnancy or lactation",Pitta,"Vata, Kapha",False,/p/yuthika.html
Trivanga Bhasma,,,"A classical formulation of tin, lead, and zinc, used for diabetes and diseases of the urinary tract.","Tikta, Kashaya","Laghu, Ruksha",Ushna,Katu,"Pramehaghna, Vrishya","A classical formulation of tin, lead, and zinc, used for diabetes and diseases of the urinary tract.; Reproductive",Reproductive,"Use with caution in Pitta aggravation, high acidity, inflammatory conditions; May aggravate Vata dosha; avoid in dry skin, constipation, anxiety conditions; Consult an Ayurvedic practitioner before use during pregnancy or lactation","Kapha, Pitta",Vata,False,/p/trivanga-bhasma.html
Nag Bhasma,,,"Purified lead ash used in minute doses for diabetes, skin diseases, and digestive issues.","Madhura, Tikta",Guru,Ushna,Katu,"Pramehaghna, Grahi","Digestive; Purified lead ash used in minute doses for diabetes, skin diseases, and digestive issues.",Digestive,"Use with caution in Pitta aggravation, high acidity, inflammatory conditions; May aggravate Pitta dosha; avoid in burning sensation, ulcers, bleeding disorders; Consult an Ayurvedic practitioner before use during pregnancy or lactation","Kapha, Vata",Pitta,False,/p/nag-bhasma.html
Mrigashringa Bhasma,,,"Ash from deer horn is specifically used for respiratory conditions like pneumonia, pleurisy, and chest pain.","Kashaya, Madhura","Laghu, Ruksha",Ushna,Katu,"Hridaya, Kasahara","Ash from deer horn is specifically used for respiratory conditions like pneumonia, pleurisy, and chest pain.; Cardiac; Respiratory","Cardiac, Respiratory","Use with caution in Pitta aggravation, high acidity, inflammatory conditions; May aggravate Pitta dosha; avoid in burning sensation, ulcers, bleeding disorders; Consult an Ayurvedic practitioner before use during pregnancy or lactation","Kapha, Vata",Pitta,False,/p/mrigashringa-bhasma.html
Haratala Bhasma,,,"Purified arsenic trisulphide is a potent medicine for skin diseases, cough, and fever, used with extreme caution.","Katu, Kashaya","Tikshna, Ruksha",Ushna,Katu,"Kushtaghna, Jwaraghna","Anti-pyretic; Dermatological; Purified arsenic trisulphide is a potent medicine for skin diseases, cough, and fever, used with extreme caution.","Anti-pyretic, Dermatological","Use with caution in Pitta aggravation, high acidity, inflammatory conditions; May aggravate Pitta dosha; avoid in burning sensation, ulcers, bleeding disorders; Consult an Ayurvedic practitioner before use during pregnancy or lactation","Kapha, Vata",Pitta,False,/p/haratala-bhasma.html
Manashila,,,"Purified arsenic disulphide, used for respiratory diseases, skin conditions, and as a rejuvenator.","Tikta, Katu","Guru, Snigdha",Ushna,Katu,"rasayan, Kasahara, Lekhana","Metabolic; Purified arsenic disulphide, used for respiratory diseases, skin conditions, and as a rejuvenator.; Rejuvenation; Respiratory","Metabolic, Rejuvenation, Respiratory","Use with caution in Pitta aggravation, high acidity, inflammatory conditions; May aggravate Pitta dosha; avoid in burning sensation, ulcers, bleeding disorders; Consult an Ayurvedic practitioner before use during pregnancy or lactation","Kapha, Vata",Pitta,False,/p/manashila.html
Tuttha,,,Purified copper sulphate is used in minute doses as an emetic and for skin diseases.,"Kashaya, Katu","Laghu, Tikshna",Ushna,Katu,"Vamana, Lekhana, Kushtaghna",Dermatological; Metabolic; Purified copper sulphate is used in minute doses as an emetic and for skin diseases.,"Dermatological, Metabolic","Use with caution in Pitta aggravation, high acidity, inflammatory conditions; May aggravate Pitta dosha; avoid in burning sensation, ulcers, bleeding disorders; Consult an Ayurvedic practitioner before use during pregnancy or lactation","Kapha, Vata",Pitta,False,/p/tuttha.html
Agastya,,,Sesbania grandiflora flowers and leaves are used for their cooling properties and in treating night blindness.,Tikta,"Laghu, Ruksha",Sheeta,Katu,"Jwaraghna, Chakshushya",Anti-pyretic; Ophthalmological; Sesbania grandiflora flowers and leaves are used for their cooling properties and in treating night blindness.,"Anti-pyretic, Ophthalmological","Use with caution in Kapha aggravation, cold conditions, low digestive fire; May aggravate Vata dosha; avoid in dry skin, constipation, anxiety conditions; May aggravate Kapha dosha; avoid in congestion, obesity, lethargy conditions; Consult an Ayurvedic practitioner before use during pregnancy or lactation",Pitta,"Vata, Kapha",False,/p/agastya.html
Amra Haridra,,,Mango Ginger (Curcuma amada) looks like ginger but smells like raw mango. It is a carminative and appetizer.,Tikta,Laghu,Sheeta,Madhura,"Deepana, Pachana",Digestive; Mango Ginger (Curcuma amada) looks like ginger but smells like raw mango. It is a carminative and appetizer.,Digestive,"Use with caution in Kapha aggravation, cold conditions, low digestive fire; May aggravate Vata dosha; avoid in dry skin, constipation, anxiety conditions; Consult an Ayurvedic practitioner before use during pregnancy or lactation","Pitta, Kapha",Vata,False,/p/amra-haridra.html
Chavika,,,"Piper chaba, a relative of Pippali, is a potent digestive stimulant used to treat indigestion and abdominal pain.",Katu,"Laghu, Ruksha",Ushna,Katu,"Deepana, Pachana, Shoolaghna","Analgesic; Digestive; Piper chaba, a relative of Pippali, is a potent digestive stimulant used to treat indigestion and abdominal pain.","Analgesic, Digestive","Use with caution in Pitta aggravation, high acidity, inflammatory conditions; May aggravate Pitta dosha; avoid in burning sensation, ulcers, bleeding disorders; Consult an Ayurvedic practitioner before use during pregnancy or lactation","Vata, Kapha",Pitta,False,/p/chavika.html
Raktamoola,,,The red variety of Chitrak (Plumbago rosea) is a more potent digestive and metabolic stimulant.,Katu,"Laghu, Tikshna",Ushna,Katu,"Deepana, Pachana, Lekhana",Digestive; Metabolic; The red variety of Chitrak (Plumbago rosea) is a more potent digestive and metabolic stimulant.,"Digestive, Metabolic","Use with caution in Pitta aggravation, high acidity, inflammatory conditions; May aggravate Pitta dosha; avoid in burning sensation, ulcers, bleeding disorders; Consult an Ayurvedic practitioner before use during pregnancy or lactation","Kapha, Vata",Pitta,False,/p/raktamoola.html
Swarna Bhasma,,,"The legendary ash of purified Gold, considered the ultimate rejuvenator (rasayana) for promoting longevity, immunity, and intellect.","Madhura, Kashaya","Guru, Snigdha",Sheeta,Madhura,"rasayan, Medhya, Hridaya, Vrishya","Cardiac; Neurological; Rejuvenation; Reproductive; The legendary ash of purified Gold, considered the ultimate rejuvenator (rasayana) for promoting longevity, immunity, and intellect.","Cardiac, Neurological, Rejuvenation, Reproductive","Use with caution in Kapha aggravation, cold conditions, low digestive fire; Consult an Ayurvedic practitioner before use during pregnancy or lactation",tridosha,,True,/p/swarna-bhasma.html
Raupya Bhasma,,,"Purified Silver ash is a powerful nervine tonic and cooling agent, used for neurological and Pitta-related disorders.","Kashaya, Amla",Snigdha,Sheeta,Madhura,"Medhya, rasayan, Balya","Neurological; Purified Silver ash is a powerful nervine tonic and cooling agent, used for neurological and Pitta-related disorders.; Rejuvenation; Strengthening","Neurological, Rejuvenation, Strengthening","Use with caution in Kapha aggravation, cold conditions, low digestive fire; May aggravate Kapha dosha; avoid in congestion, obesity, lethargy conditions; Consult an Ayurvedic practitioner before use during pregnancy or lactation","Vata, Pitta",Kapha,False,/p/raupya-bhasma.html
Kasis Bhasma,,,"Purified Ferrous Sulfate ash is a potent hematinic, used to treat anemia and support liver and spleen health.","Kashaya, Amla",Guru,Ushna,Katu,"Raktavardhak, Yakrituttejaka","Blood Purification; Hepatoprotective; Purified Ferrous Sulfate ash is a potent hematinic, used to treat anemia and support liver and spleen health.","Blood Purification, Hepatoprotective","Use with caution in Pitta aggravation, high acidity, inflammatory conditions; May aggravate Pitta dosha; avoid in burning sensation, ulcers, bleeding disorders; Consult an Ayurvedic practitioner before use during pregnancy or lactation","Kapha, Vata",Pitta,False,/p/kasis-bhasma.html
Giloy Satva,,,"A starch extract of Giloy, it is a highly concentrated immunomodulator and febrifuge, gentle on the stomach.",Madhura,"Laghu, Snigdha",Sheeta,Madhura,"Jwaraghna, rasayan, Deepana","A starch extract of Giloy, it is a highly concentrated immunomodulator and febrifuge, gentle on the stomach.; Anti-pyretic; Digestive; Rejuvenation","Anti-pyretic, Digestive, Rejuvenation","Use with caution in Kapha aggravation, cold conditions, low digestive fire; May aggravate Vata dosha; avoid in dry skin, constipation, anxiety conditions; Consult an Ayurvedic practitioner before use during pregnancy or lactation",Pitta,Vata,False,/p/giloy-satva.html
Amra Beeja,,,"Mango seed is a powerful astringent, used to control diarrhea, dysentery, and bleeding disorders.",Kashaya,"Laghu, Ruksha",Sheeta,Katu,"Grahi, Raktastambhana","Digestive; Mango seed is a powerful astringent, used to control diarrhea, dysentery, and bleeding disorders.",Digestive,"Use with caution in Kapha aggravation, cold conditions, low digestive fire; May aggravate Vata dosha; avoid in dry skin, constipation, anxiety conditions; Consult an Ayurvedic practitioner before use during pregnancy or lactation","Pitta, Kapha",Vata,False,/p/amra-beeja.html
Jambu Beeja,,,The seed of Jamun fruit is a specific remedy for managing diabetes and has strong astringent properties.,Kashaya,"Laghu, Ruksha",Sheeta,Katu,"Pramehaghna, Grahi",Digestive; The seed of Jamun fruit is a specific remedy for managing diabetes and has strong astringent properties.,Digestive,"Use with caution in Kapha aggravation, cold conditions, low digestive fire; May aggravate Vata dosha; avoid in dry skin, constipation, anxiety conditions; Consult an Ayurvedic practitioner before use during pregnancy or lactation","Pitta, Kapha",Vata,False,/p/jambu-beeja.html
Dadima Twak,,,"Pomegranate rind is a potent astringent used for treating diarrhea, dysentery, and intestinal parasites.",Kashaya,"Laghu, Ruksha",Ushna,Katu,"Grahi, Krimighna","Anti-parasitic; Digestive; Pomegranate rind is a potent astringent used for treating diarrhea, dysentery, and intestinal parasites.","Anti-parasitic, Digestive","Use with caution in Pitta aggravation, high acidity, inflammatory conditions; May aggravate Vata dosha; avoid in dry skin, constipation, anxiety conditions; Consult an Ayurvedic practitioner before use during pregnancy or lactation","Pitta, Kapha",Vata,False,/p/dadima-twak.html
Nimba Patra,,,"Neem leaf is a premier blood purifier and anti-bacterial herb, used for skin diseases, fever, and dental health.",Tikta,"Laghu, Ruksha",Sheeta,Katu,"Kushtaghna, Jwaraghna, Raktashodhak","Anti-pyretic; Blood Purification; Dermatological; Neem leaf is a premier blood purifier and anti-bacterial herb, used for skin diseases, fever, and dental health.","Anti-pyretic, Blood Purification, Dermatological","Use with caution in Kapha aggravation, cold conditions, low digestive fire; May aggravate Vata dosha; avoid in dry skin, constipation, anxiety conditions; Consult an Ayurvedic practitioner before use during pregnancy or lactation","Pitta, Kapha",Vata,False,/p/nimba-patra.html
Bilva Majja,,,"The pulp of unripe Bael fruit is a powerful astringent for chronic diarrhea, while ripe fruit pulp is a laxative.","Kashaya, Tikta","Laghu, Ruksha",Ushna,Katu,"Grahi, Deepana, Pachana","Digestive; The pulp of unripe Bael fruit is a powerful astringent for chronic diarrhea, while ripe fruit pulp is a laxative.",Digestive,"Use with caution in Pitta aggravation, high acidity, inflammatory conditions; May aggravate Pitta dosha; avoid in burning sensation, ulcers, bleeding disorders; Consult an Ayurvedic practitioner before use during pregnancy or lactation","Vata, Kapha",Pitta,False,/p/bilva-majja.html
Mudgaparni,,,"Vigna trilobata is a cooling, strengthening herb, considered a rejuvenative (rasayana) and aphrodisiac.",Madhura,"Laghu, Snigdha",Sheeta,Madhura,"Jivaniya, Vrishya, Chakshushya","Ophthalmological; Reproductive; Vigna trilobata is a cooling, strengthening herb, considered a rejuvenative (rasayana) and aphrodisiac.","Ophthalmological, Reproductive","Use with caution in Kapha aggravation, cold conditions, low digestive fire; May aggravate Kapha dosha; avoid in congestion, obesity, lethargy conditions; Consult an Ayurvedic practitioner before use during pregnancy or lactation","Vata, Pitta",Kapha,False,/p/mudgaparni.html
Mashaparni,,,"Teramnus labialis is a nutritive tonic used for building tissues, improving strength, and calming the nerves.",Madhura,"Guru, Snigdha",Sheeta,Madhura,"Brimhaniya, Balya, Shukrala","Nutritive; Reproductive; Strengthening; Teramnus labialis is a nutritive tonic used for building tissues, improving strength, and calming the nerves.","Nutritive, Reproductive, Strengthening","Use with caution in Kapha aggravation, cold conditions, low digestive fire; May aggravate Kapha dosha; avoid in congestion, obesity, lethargy conditions; Consult an Ayurvedic practitioner before use during pregnancy or lactation","Vata, Pitta",Kapha,False,/p/mashaparni.html
Nili,,,"Indigofera tinctoria (Indigo) is used for promoting hair growth, treating liver disorders, and as an anti-toxic.",Tikta,Ruksha,Ushna,Katu,"Keshya, Vishaghna, Yakrituttejaka","Anti-toxic; Hepatoprotective; Indigofera tinctoria (Indigo) is used for promoting hair growth, treating liver disorders, and as an anti-toxic.","Anti-toxic, Hepatoprotective","Use with caution in Pitta aggravation, high acidity, inflammatory conditions; May aggravate Pitta dosha; avoid in burning sensation, ulcers, bleeding disorders; Consult an Ayurvedic practitioner before use during pregnancy or lactation","Vata, Kapha",Pitta,False,/p/nili.html
Vrihi,,,"Rice is considered nourishing, strength-promoting, and easy to digest, forming the staple of an Ayurvedic diet.",Madhura,"Guru, Snigdha",Sheeta,Madhura,"Brimhaniya, Balya, Mutrala","Nutritive; Rice is considered nourishing, strength-promoting, and easy to digest, forming the staple of an Ayurvedic diet.; Strengthening; Urinary","Nutritive, Strengthening, Urinary","Use with caution in Kapha aggravation, cold conditions, low digestive fire; May aggravate Vata dosha; avoid in dry skin, constipation, anxiety conditions; May aggravate Kapha dosha; avoid in congestion, obesity, lethargy conditions; Consult an Ayurvedic practitioner before use during pregnancy or lactation",Pitta,"Vata, Kapha",False,/p/vrihi.html
Yavasa,,,"Alhagi camelorum is a cooling, astringent herb used for bleeding disorders and pacifying Pitta.","Madhura, Kashaya, Tikta",Laghu,Sheeta,Katu,"Raktastambhana, Dahashamana","Alhagi camelorum is a cooling, astringent herb used for bleeding disorders and pacifying Pitta.",General Wellness,"Use with caution in Kapha aggravation, cold conditions, low digestive fire; May aggravate Vata dosha; avoid in dry skin, constipation, anxiety conditions; Consult an Ayurvedic practitioner before use during pregnancy or lactation","Pitta, Kapha",Vata,False,/p/yavasa.html
Utpala,,,"The Blue Lotus (Nymphaea nouchali) is a cooling, calming herb for the heart and mind, used to relieve burning sensations.","Madhura, Kashaya","Laghu, Snigdha",Sheeta,Madhura,"Hridaya, Dahashamana, rasayan","Cardiac; Rejuvenation; The Blue Lotus (Nymphaea nouchali) is a cooling, calming herb for the heart and mind, used to relieve burning sensations.","Cardiac, Rejuvenation","Use with caution in Kapha aggravation, cold conditions, low digestive fire; May aggravate Vata dosha; avoid in dry skin, constipation, anxiety conditions; May aggravate Kapha dosha; avoid in congestion, obesity, lethargy conditions; Consult an Ayurvedic practitioner before use during pregnancy or lactation",Pitta,"Vata, Kapha",False,/p/utpala.html
Shara,,,"Saccharum munja is a cooling diuretic, used in urinary tract disorders and to quench excessive thirst.","Madhura, Kashaya",Snigdha,Sheeta,Madhura,"Mutrala, Raktapittahara","Saccharum munja is a cooling diuretic, used in urinary tract disorders and to quench excessive thirst.; Urinary",Urinary,"Use with caution in Kapha aggravation, cold conditions, low digestive fire; May aggravate Kapha dosha; avoid in congestion, obesity, lethargy conditions; Consult an Ayurvedic practitioner before use during pregnancy or lactation","Vata, Pitta",Kapha,False,/p/shara.html
Shankhini,,,"Canscora decussata is a nervine tonic similar to Shankhpushpi, used for improving memory and intellect.",Tikta,"Laghu, Snigdha",Ushna,Katu,"Medhya, Virechana","Canscora decussata is a nervine tonic similar to Shankhpushpi, used for improving memory and intellect.; Neurological; Purgative","Neurological, Purgative","Use with caution in Pitta aggravation, high acidity, inflammatory conditions; May aggravate Kapha dosha; avoid in congestion, obesity, lethargy conditions; Consult an Ayurvedic practitioner before use during pregnancy or lactation","Vata, Pitta",Kapha,False,/p/shankhini.html
Shana,,,Crotalaria juncea is used in Ayurveda for its astringent properties to manage bleeding disorders.,Kashaya,Ruksha,Sheeta,Katu,Raktastambhana,Crotalaria juncea is used in Ayurveda for its astringent properties to manage bleeding disorders.,General Wellness,"Use with caution in Kapha aggravation, cold conditions, low digestive fire; May aggravate Vata dosha; avoid in dry skin, constipation, anxiety conditions; Consult an Ayurvedic practitioner before use during pregnancy or lactation","Pitta, Kapha",Vata,False,/p/shana.html
Shaka,,,"Teak (Tectona grandis) wood is used for its cooling and astringent properties, helpful in skin and bleeding disorders.",Kashaya,"Laghu, Ruksha",Sheeta,Katu,"Grahi, Kushtaghna","Dermatological; Digestive; Teak (Tectona grandis) wood is used for its cooling and astringent properties, helpful in skin and bleeding disorders.","Dermatological, Digestive","Use with caution in Kapha aggravation, cold conditions, low digestive fire; May aggravate Vata dosha; avoid in dry skin, constipation, anxiety conditions; Consult an Ayurvedic practitioner before use during pregnancy or lactation","Pitta, Kapha",Vata,False,/p/shaka.html
Renuka,,,"Vitex agnus-castus is renowned for its effect on female hormones, helping to regulate menstruation.","Katu, Tikta","Laghu, Ruksha",Ushna,Katu,"Deepana, Vatahara","Digestive; Vitex agnus-castus is renowned for its effect on female hormones, helping to regulate menstruation.",Digestive,"Use with caution in Pitta aggravation, high acidity, inflammatory conditions; May aggravate Pitta dosha; avoid in burning sensation, ulcers, bleeding disorders; Consult an Ayurvedic practitioner before use during pregnancy or lactation","Vata, Kapha",Pitta,False,/p/renuka.html
Prativisha,,,"Aconitum palmatum is a non-toxic variety of Aconite, used as an alternative to Ativisha for fever and digestion.",Tikta,"Laghu, Ruksha",Ushna,Katu,"Deepana, Jwaraghna","Aconitum palmatum is a non-toxic variety of Aconite, used as an alternative to Ativisha for fever and digestion.; Anti-pyretic; Digestive","Anti-pyretic, Digestive","Use with caution in Pitta aggravation, high acidity, inflammatory conditions; May aggravate Vata dosha; avoid in dry skin, constipation, anxiety conditions; Consult an Ayurvedic practitioner before use during pregnancy or lactation","Pitta, Kapha",Vata,False,/p/prativisha.html
Prapunnada,,,"Cassia tora (Chakramarda) is a potent herb for treating skin diseases, especially fungal infections like ringworm.",Katu,"Laghu, Ruksha",Ushna,Katu,"Kushtaghna, Krimighna","Anti-parasitic; Cassia tora (Chakramarda) is a potent herb for treating skin diseases, especially fungal infections like ringworm.; Dermatological","Anti-parasitic, Dermatological","Use with caution in Pitta aggravation, high acidity, inflammatory conditions; May aggravate Pitta dosha; avoid in burning sensation, ulcers, bleeding disorders; Consult an Ayurvedic practitioner before use during pregnancy or lactation","Vata, Kapha",Pitta,False,/p/prapunnada.html
Nadi Hingu,,,"Gardenia gummifera resin is used as an antispasmodic and for digestive complaints, similar to Hingu.","Katu, Tikta","Laghu, Tikshna",Ushna,Katu,"Shoolaghna, Deepana","Analgesic; Digestive; Gardenia gummifera resin is used as an antispasmodic and for digestive complaints, similar to Hingu.","Analgesic, Digestive","Use with caution in Pitta aggravation, high acidity, inflammatory conditions; May aggravate Pitta dosha; avoid in burning sensation, ulcers, bleeding disorders; Consult an Ayurvedic practitioner before use during pregnancy or lactation","Vata, Kapha",Pitta,False,/p/nadi-hingu.html
Lata Kasturi,,,Abelmoschus moschatus seeds are an aphrodisiac and are used as a tonic for the urinary system.,"Madhura, Tikta","Laghu, Snigdha",Sheeta,Madhura,"Vrishya, Mutrala",Abelmoschus moschatus seeds are an aphrodisiac and are used as a tonic for the urinary system.; Reproductive; Urinary,"Reproductive, Urinary","Use with caution in Kapha aggravation, cold conditions, low digestive fire; May aggravate Kapha dosha; avoid in congestion, obesity, lethargy conditions; Consult an Ayurvedic practitioner before use during pregnancy or lactation","Vata, Pitta",Kapha,False,/p/lata-kasturi.html
Lakuca,,,Artocarpus lakoocha is an astringent fruit used to improve digestion and act as a liver tonic.,"Amla, Kashaya",Guru,Ushna,Amla,"Deepana, Yakrituttejaka",Artocarpus lakoocha is an astringent fruit used to improve digestion and act as a liver tonic.; Digestive; Hepatoprotective,"Digestive, Hepatoprotective","Use with caution in Pitta aggravation, high acidity, inflammatory conditions; May aggravate Vata dosha; avoid in dry skin, constipation, anxiety conditions; Consult an Ayurvedic practitioner before use during pregnancy or lactation","Kapha, Pitta",Vata,False,/p/lakuca.html
Karnikara,,,Pterospermum acerifolium is used for its anti-inflammatory and wound-healing properties.,Kashaya,"Laghu, Ruksha",Sheeta,Katu,"Shothahara, Vranaropana",Anti-inflammatory; Pterospermum acerifolium is used for its anti-inflammatory and wound-healing properties.,Anti-inflammatory,"Use with caution in Kapha aggravation, cold conditions, low digestive fire; May aggravate Vata dosha; avoid in dry skin, constipation, anxiety conditions; Consult an Ayurvedic practitioner before use during pregnancy or lactation","Pitta, Kapha",Vata,False,/p/karnikara.html
Kankataka,,,Flacourtia indica is used as a digestive stimulant and for treating cough and respiratory ailments.,Amla,Laghu,Ushna,Amla,"Deepana, Kasahara",Digestive; Flacourtia indica is used as a digestive stimulant and for treating cough and respiratory ailments.; Respiratory,"Digestive, Respiratory","Use with caution in Pitta aggravation, high acidity, inflammatory conditions; May aggravate Pitta dosha; avoid in burning sensation, ulcers, bleeding disorders; Consult an Ayurvedic practitioner before use during pregnancy or lactation","Vata, Kapha",Pitta,False,/p/kankataka.html
Kalamba,,,Ipomoea reptans is a leafy green that promotes lactation and acts as a general tonic.,Madhura,"Guru, Snigdha",Sheeta,Madhura,"Stanyajanana, Balya",Ipomoea reptans is a leafy green that promotes lactation and acts as a general tonic.; Reproductive; Strengthening,"Reproductive, Strengthening","Use with caution in Kapha aggravation, cold conditions, low digestive fire; May aggravate Kapha dosha; avoid in congestion, obesity, lethargy conditions; Consult an Ayurvedic practitioner before use during pregnancy or lactation","Vata, Pitta",Kapha,False,/p/kalamba.html
Kakatikta,,,"Luffa amara, a wild variety of Luffa, is a potent liver stimulant and purgative.",Tikta,"Laghu, Tikshna",Ushna,Katu,"Yakrituttejaka, Virechana","Hepatoprotective; Luffa amara, a wild variety of Luffa, is a potent liver stimulant and purgative.; Purgative","Hepatoprotective, Purgative","Use with caution in Pitta aggravation, high acidity, inflammatory conditions; May aggravate Vata dosha; avoid in dry skin, constipation, anxiety conditions; Consult an Ayurvedic practitioner before use during pregnancy or lactation","Pitta, Kapha",Vata,False,/p/kakatikta.html
Kadara,,,"Acacia suma, a variety of Khadira, is used for its potent effects on skin diseases.","Kashaya, Tikta","Laghu, Ruksha",Sheeta,Katu,"Kushtaghna, Raktashodhak","Acacia suma, a variety of Khadira, is used for its potent effects on skin diseases.; Blood Purification; Dermatological","Blood Purification, Dermatological","Use with caution in Kapha aggravation, cold conditions, low digestive fire; May aggravate Vata dosha; avoid in dry skin, constipation, anxiety conditions; Consult an Ayurvedic practitioner before use during pregnancy or lactation","Pitta, Kapha",Vata,False,/p/kadara.html
Jalavetasa,,,Salix tetrasperma is an anti-inflammatory and analgesic herb used for pain and swelling.,Tikta,Laghu,Sheeta,Katu,"Shothahara, Vedanasthapana",Analgesic; Anti-inflammatory; Salix tetrasperma is an anti-inflammatory and analgesic herb used for pain and swelling.,"Analgesic, Anti-inflammatory","Use with caution in Kapha aggravation, cold conditions, low digestive fire; May aggravate Vata dosha; avoid in dry skin, constipation, anxiety conditions; Consult an Ayurvedic practitioner before use during pregnancy or lactation","Pitta, Kapha",Vata,False,/p/jalavetasa.html
Hijal,,,Barringtonia acutangula is an astringent used for treating diarrhea and bleeding disorders.,"Kashaya, Katu","Laghu, Ruksha",Sheeta,Katu,"Grahi, Raktastambhana",Barringtonia acutangula is an astringent used for treating diarrhea and bleeding disorders.; Digestive,Digestive,"Use with caution in Kapha aggravation, cold conditions, low digestive fire; May aggravate Vata dosha; avoid in dry skin, constipation, anxiety conditions; Consult an Ayurvedic practitioner before use during pregnancy or lactation","Pitta, Kapha",Vata,False,/p/hijal.html
Hastikarna Palasha,,,"Leea macrophylla is used for its anti-inflammatory and diuretic properties, especially in filariasis.",Kashaya,"Laghu, Ruksha",Ushna,Katu,"Shothahara, Krimighna","Anti-inflammatory; Anti-parasitic; Leea macrophylla is used for its anti-inflammatory and diuretic properties, especially in filariasis.","Anti-inflammatory, Anti-parasitic","Use with caution in Pitta aggravation, high acidity, inflammatory conditions; May aggravate Pitta dosha; avoid in burning sensation, ulcers, bleeding disorders; Consult an Ayurvedic practitioner before use during pregnancy or lactation","Kapha, Vata",Pitta,False,/p/hastikarna-palasha.html
Dhanyamla,,,"A fermented liquid prepared from grains, used in a specialized therapy (Dhanyamla Dhara) for Vata disorders and inflammation.",Amla,"Laghu, Tikshna",Ushna,Amla,"Vatahara, Shothahara, Deepana","A fermented liquid prepared from grains, used in a specialized therapy (Dhanyamla Dhara) for Vata disorders and inflammation.; Anti-inflammatory; Digestive","Anti-inflammatory, Digestive","Use with caution in Pitta aggravation, high acidity, inflammatory conditions; May aggravate Pitta dosha; avoid in burning sensation, ulcers, bleeding disorders; Consult an Ayurvedic practitioner before use during pregnancy or lactation","Vata, Kapha",Pitta,False,/p/dhanyamla.html
Dhattura Beeja,,,"The seeds of Dhattura are more potent than the leaves, used after purification for severe asthma and pain.","Tikta, Katu","Laghu, Ruksha",Ushna,Katu,"Shwasahara, Vedanasthapana","Analgesic; Respiratory; The seeds of Dhattura are more potent than the leaves, used after purification for severe asthma and pain.","Analgesic, Respiratory","Use with caution in Pitta aggravation, high acidity, inflammatory conditions; May aggravate Pitta dosha; avoid in burning sensation, ulcers, bleeding disorders; Consult an Ayurvedic practitioner before use during pregnancy or lactation","Kapha, Vata",Pitta,False,/p/dhattura-beeja.html
Chitraka Moola,,,"The root of Chitrak is the most potent part, a powerful digestive stimulant that must be used with care.",Katu,"Laghu, Tikshna",Ushna,Katu,"Deepana, Pachana, Arshoghna","Digestive; The root of Chitrak is the most potent part, a powerful digestive stimulant that must be used with care.",Digestive,"Use with caution in Pitta aggravation, high acidity, inflammatory conditions; May aggravate Pitta dosha; avoid in burning sensation, ulcers, bleeding disorders; Consult an Ayurvedic practitioner before use during pregnancy or lactation","Kapha, Vata",Pitta,False,/p/chitraka-moola.html
Changeri Ghrita,,,"Medicated ghee of Changeri is a specific remedy for digestive disorders like IBS, bloating, and prolapse.","Amla, Kashaya","Laghu, Snigdha",Ushna,Amla,"Grahi, Deepana","Digestive; Medicated ghee of Changeri is a specific remedy for digestive disorders like IBS, bloating, and prolapse.",Digestive,"Use with caution in Pitta aggravation, high acidity, inflammatory conditions; May aggravate Pitta dosha; avoid in burning sensation, ulcers, bleeding disorders; Consult an Ayurvedic practitioner before use during pregnancy or lactation","Vata, Kapha",Pitta,False,/p/changeri-ghrita.html
Bhringaraja Svarasa,,,The fresh juice of Bhringraj is a potent liver tonic and is used in Nasya therapy for hair and sensory organ health.,"Tikta, Katu","Laghu, Ruksha",Ushna,Katu,"Yakrituttejaka, Keshya",Hepatoprotective; The fresh juice of Bhringraj is a potent liver tonic and is used in Nasya therapy for hair and sensory organ health.,Hepatoprotective,"Use with caution in Pitta aggravation, high acidity, inflammatory conditions; May aggravate Kapha dosha; avoid in congestion, obesity, lethargy conditions; Consult an Ayurvedic practitioner before use during pregnancy or lactation","Vata, Pitta",Kapha,False,/p/bhringaraja-Svarasa.html
Bhallataka Taila,,,Oil of purified Bhallataka is used externally for Vata disorders like arthritis and sciatica.,"Katu, Tikta","Snigdha, Tikshna",Ushna,Madhura,"Vatahara, Shothahara",Anti-inflammatory; Oil of purified Bhallataka is used externally for Vata disorders like arthritis and sciatica.,Anti-inflammatory,"Use with caution in Pitta aggravation, high acidity, inflammatory conditions; May aggravate Pitta dosha; avoid in burning sensation, ulcers, bleeding disorders; Consult an Ayurvedic practitioner before use during pregnancy or lactation","Vata, Kapha",Pitta,False,/p/bhallataka-taila.html
Arka Pushpa,,,"The flower of Arka is used for its digestive and respiratory benefits, considered less potent than the latex.","Tikta, Katu",Laghu,Ushna,Katu,"Deepana, Kasahara","Digestive; Respiratory; The flower of Arka is used for its digestive and respiratory benefits, considered less potent than the latex.","Digestive, Respiratory","Use with caution in Pitta aggravation, high acidity, inflammatory conditions; May aggravate Pitta dosha; avoid in burning sensation, ulcers, bleeding disorders; Consult an Ayurvedic practitioner before use during pregnancy or lactation","Vata, Kapha",Pitta,False,/p/arka-pushpa.html
Ambasthaki,,,Hibiscus sabdariffa is used as a cooling diuretic and a heart-healthy tonic.,"Amla, Madhura",Laghu,Sheeta,Amla,"Hridaya, Mutrala",Cardiac; Hibiscus sabdariffa is used as a cooling diuretic and a heart-healthy tonic.; Urinary,"Cardiac, Urinary","Use with caution in Kapha aggravation, cold conditions, low digestive fire; May aggravate Vata dosha; avoid in dry skin, constipation, anxiety conditions; May aggravate Kapha dosha; avoid in congestion, obesity, lethargy conditions; Consult an Ayurvedic practitioner before use during pregnancy or lactation",Pitta,"Vata, Kapha",False,/p/ambasthaki.html
Agnijara,,,Salvia plebeia is a diuretic and anti-inflammatory herb used in urinary and digestive complaints.,"Tikta, Katu","Laghu, Ruksha",Ushna,Katu,"Mutrala, Deepana",Digestive; Salvia plebeia is a diuretic and anti-inflammatory herb used in urinary and digestive complaints.; Urinary,"Digestive, Urinary","Use with caution in Pitta aggravation, high acidity, inflammatory conditions; May aggravate Pitta dosha; avoid in burning sensation, ulcers, bleeding disorders; Consult an Ayurvedic practitioner before use during pregnancy or lactation","Kapha, Vata",Pitta,False,/p/agnijara.html
Kharbhuja,,,"Musk melon is a cooling, diuretic fruit that effectively pacifies Pitta and relieves fatigue.",Madhura,"Guru, Snigdha",Sheeta,Madhura,"Mutrala, Balya","Musk melon is a cooling, diuretic fruit that effectively pacifies Pitta and relieves fatigue.; Strengthening; Urinary","Strengthening, Urinary","Use with caution in Kapha aggravation, cold conditions, low digestive fire; May aggravate Vata dosha; avoid in dry skin, constipation, anxiety conditions; May aggravate Kapha dosha; avoid in congestion, obesity, lethargy conditions; Consult an Ayurvedic practitioner before use during pregnancy or lactation",Pitta,"Vata, Kapha",False,/p/kharbhuja.html
Shrigataka,,,"Water Chestnut (Singhara) is a nourishing, cooling, and aphrodisiac food, useful in bleeding disorders.","Madhura, Kashaya","Guru, Snigdha",Sheeta,Madhura,"Vrishya, Grahi, Raktapittahara","Digestive; Reproductive; Water Chestnut (Singhara) is a nourishing, cooling, and aphrodisiac food, useful in bleeding disorders.","Digestive, Reproductive","Use with caution in Kapha aggravation, cold conditions, low digestive fire; May aggravate Vata dosha; avoid in dry skin, constipation, anxiety conditions; May aggravate Kapha dosha; avoid in congestion, obesity, lethargy conditions; Consult an Ayurvedic practitioner before use during pregnancy or lactation",Pitta,"Vata, Kapha",False,/p/shrigataka.html
Tala,,,"The Palmyra Palm fruit is a cooling, nourishing tonic that pacifies Pitta and enhances strength.",Madhura,"Guru, Snigdha",Sheeta,Madhura,"Balya, Brimhaniya","Nutritive; Strengthening; The Palmyra Palm fruit is a cooling, nourishing tonic that pacifies Pitta and enhances strength.","Nutritive, Strengthening","Use with caution in Kapha aggravation, cold conditions, low digestive fire; May aggravate Kapha dosha; avoid in congestion, obesity, lethargy conditions; Consult an Ayurvedic practitioner before use during pregnancy or lactation","Vata, Pitta",Kapha,False,/p/tala.html
Tilaparni,,,Gynandropsis pentaphylla is a stimulating herb used for digestive issues and to relieve pain.,Katu,"Laghu, Tikshna",Ushna,Katu,"Deepana, Shoolaghna",Analgesic; Digestive; Gynandropsis pentaphylla is a stimulating herb used for digestive issues and to relieve pain.,"Analgesic, Digestive","Use with caution in Pitta aggravation, high acidity, inflammatory conditions; May aggravate Pitta dosha; avoid in burning sensation, ulcers, bleeding disorders; Consult an Ayurvedic practitioner before use during pregnancy or lactation","Vata, Kapha",Pitta,False,/p/tilaparni.html
Varshabhu,,,"Trianthema portulacastrum, a variety of Punarnava, is a potent diuretic and anti-inflammatory.","Tikta, Kashaya","Laghu, Ruksha",Sheeta,Katu,"Mutrala, Shothahara","Anti-inflammatory; Trianthema portulacastrum, a variety of Punarnava, is a potent diuretic and anti-inflammatory.; Urinary","Anti-inflammatory, Urinary","Use with caution in Kapha aggravation, cold conditions, low digestive fire; May aggravate Vata dosha; avoid in dry skin, constipation, anxiety conditions; Consult an Ayurvedic practitioner before use during pregnancy or lactation","Pitta, Kapha",Vata,False,/p/varshabhu.html
Jahar Mohra Pishti,,,"Processed Serpentine stone is a cooling, Pitta-pacifying remedy used for digestive issues and as an anti-toxic.",Madhura,Ruksha,Sheeta,Madhura,"Amlapittahara, Vishaghna, Hridaya","Anti-toxic; Cardiac; Processed Serpentine stone is a cooling, Pitta-pacifying remedy used for digestive issues and as an anti-toxic.","Anti-toxic, Cardiac","Use with caution in Kapha aggravation, cold conditions, low digestive fire; May aggravate Vata dosha; avoid in dry skin, constipation, anxiety conditions; May aggravate Kapha dosha; avoid in congestion, obesity, lethargy conditions; Consult an Ayurvedic practitioner before use during pregnancy or lactation",Pitta,"Vata, Kapha",False,/p/jahar-mohra-pishti.html
Akika Pishti,,,"Processed Agate gem is a potent cardiotonic and Pitta pacifier, used for heart health and bleeding disorders.",Madhura,Ruksha,Sheeta,Madhura,"Hridaya, Raktastambhana","Cardiac; Processed Agate gem is a potent cardiotonic and Pitta pacifier, used for heart health and bleeding disorders.",Cardiac,"Use with caution in Kapha aggravation, cold conditions, low digestive fire; May aggravate Vata dosha; avoid in dry skin, constipation, anxiety conditions; May aggravate Kapha dosha; avoid in congestion, obesity, lethargy conditions; Consult an Ayurvedic practitioner before use during pregnancy or lactation",Pitta,"Vata, Kapha",False,/p/akika-pishti.html
Triphala Churna,,,"The classic blend of Amla, Haritaki, & Bibhitaki. A tridoshic rasayana that cleanses the colon and supports overall health.","Kashaya, Amla, Katu, Tikta, Madhura","Laghu, Ruksha",Sheeta,Madhura,"rasayan, Chakshushya, Virechana","Ophthalmological; Purgative; Rejuvenation; The classic blend of Amla, Haritaki, & Bibhitaki. A tridoshic rasayana that cleanses the colon and supports overall health.","Ophthalmological, Purgative, Rejuvenation","Use with caution in Kapha aggravation, cold conditions, low digestive fire; Consult an Ayurvedic practitioner before use during pregnancy or lactation",tridosha,,True,/p/triphala-churna.html
Trikatu Churna,,,"A blend of Shunthi, Pippali, and Maricha. A powerful digestive stimulant that burns ama and pacifies Kapha.",Katu,"Laghu, Tikshna",Ushna,Katu,"Deepana, Pachana, Lekhana","A blend of Shunthi, Pippali, and Maricha. A powerful digestive stimulant that burns ama and pacifies Kapha.; Digestive; Metabolic","Digestive, Metabolic","Use with caution in Pitta aggravation, high acidity, inflammatory conditions; May aggravate Pitta dosha; avoid in burning sensation, ulcers, bleeding disorders; Consult an Ayurvedic practitioner before use during pregnancy or lactation","Kapha, Vata",Pitta,False,/p/trikatu-churna.html
Sitopaladi Churna,,,"A famous formulation for respiratory issues, especially cough and cold, with a cooling and expectorant action.",Madhura,Laghu,Sheeta,Madhura,"Kasahara, Shwasahara","A famous formulation for respiratory issues, especially cough and cold, with a cooling and expectorant action.; Respiratory",Respiratory,"Use with caution in Kapha aggravation, cold conditions, low digestive fire; May aggravate Vata dosha; avoid in dry skin, constipation, anxiety conditions; Consult an Ayurvedic practitioner before use during pregnancy or lactation","Pitta, Kapha",Vata,False,/p/sitopaladi-churna.html
Avipattikar Churna,,,"A classical remedy for hyperacidity, heartburn, and other Pitta-related digestive issues.","Tikta, Madhura",Laghu,Sheeta,Madhura,"Amlapittahara, Virechana","A classical remedy for hyperacidity, heartburn, and other Pitta-related digestive issues.; Purgative",Purgative,"Use with caution in Kapha aggravation, cold conditions, low digestive fire; May aggravate Vata dosha; avoid in dry skin, constipation, anxiety conditions; Consult an Ayurvedic practitioner before use during pregnancy or lactation",Pitta,Vata,False,/p/avipattikar-churna.html
Hingvashtak Churna,,,"A premier carminative formula for Vata digestive issues like gas, bloating, and abdominal pain.","Katu, Lavana","Laghu, Tikshna",Ushna,Katu,"Deepana, Pachana, Vatanulomana","A premier carminative formula for Vata digestive issues like gas, bloating, and abdominal pain.; Digestive",Digestive,"Use with caution in Pitta aggravation, high acidity, inflammatory conditions; May aggravate Pitta dosha; avoid in burning sensation, ulcers, bleeding disorders; Consult an Ayurvedic practitioner before use during pregnancy or lactation","Vata, Kapha",Pitta,False,/p/hingvashtak-churna.html
Lavan Bhaskar Churna,,,"A salt-based digestive stimulant used for loss of appetite, indigestion, and constipation.","Lavana, Katu","Laghu, Tikshna",Ushna,Katu,"Deepana, Pachana, Virechana","A salt-based digestive stimulant used for loss of appetite, indigestion, and constipation.; Digestive; Purgative","Digestive, Purgative","Use with caution in Pitta aggravation, high acidity, inflammatory conditions; May aggravate Pitta dosha; avoid in burning sensation, ulcers, bleeding disorders; Consult an Ayurvedic practitioner before use during pregnancy or lactation","Vata, Kapha",Pitta,False,/p/lavan-bhaskar-churna.html
Dashamularishta,,,"A fermented tonic of ten roots (Dashamoola), used as a general health tonic, especially post-delivery and for Vata disorders.","Kashaya, Madhura",Guru,Ushna,Madhura,"Balya, Vatahara, rasayan","A fermented tonic of ten roots (Dashamoola), used as a general health tonic, especially post-delivery and for Vata disorders.; Rejuvenation; Strengthening","Rejuvenation, Strengthening","Use with caution in Pitta aggravation, high acidity, inflammatory conditions; May aggravate Pitta dosha; avoid in burning sensation, ulcers, bleeding disorders; Consult an Ayurvedic practitioner before use during pregnancy or lactation",Vata,Pitta,False,/p/dashamularishta.html
Chyawanprash,,,"A famous rejuvenative jam with Amla as its base. It boosts immunity, strengthens the respiratory system, and enhances vitality.","Amla, Madhura, Kashaya","Guru, Snigdha",Ushna,Madhura,"rasayan, Balya, Kasahara","A famous rejuvenative jam with Amla as its base. It boosts immunity, strengthens the respiratory system, and enhances vitality.; Rejuvenation; Respiratory; Strengthening","Rejuvenation, Respiratory, Strengthening","Use with caution in Pitta aggravation, high acidity, inflammatory conditions; May aggravate Pitta dosha; avoid in burning sensation, ulcers, bleeding disorders; Consult an Ayurvedic practitioner before use during pregnancy or lactation","Vata, Kapha",Pitta,False,/p/chyawanprash.html
Chandraprabha Vati,,,"A classical tablet used for a wide range of urinary, reproductive, and metabolic disorders. It is a potent detoxifier.","Tikta, Katu",Laghu,Ushna,Katu,"Pramehaghna, Mutrala, Lekhana","A classical tablet used for a wide range of urinary, reproductive, and metabolic disorders. It is a potent detoxifier.; Metabolic; Urinary","Metabolic, Urinary","Use with caution in Pitta aggravation, high acidity, inflammatory conditions; May aggravate Pitta dosha; avoid in burning sensation, ulcers, bleeding disorders; Consult an Ayurvedic practitioner before use during pregnancy or lactation","Kapha, Vata",Pitta,False,/p/chandraprabha-vati.html
Arogyavardhini Vati,,,"'The enhancer of good health', this tablet is a powerful liver tonic and is used for a wide range of chronic diseases.","Tikta, Kashaya","Laghu, Ruksha",Ushna,Katu,"Yakrituttejaka, Deepana, Kushtaghna","'The enhancer of good health', this tablet is a powerful liver tonic and is used for a wide range of chronic diseases.; Dermatological; Digestive; Hepatoprotective","Dermatological, Digestive, Hepatoprotective","Use with caution in Pitta aggravation, high acidity, inflammatory conditions; Consult an Ayurvedic practitioner before use during pregnancy or lactation",tridosha,,True,/p/arogyavardhini-vati.html
Sanjivani Vati,,,"'The one that infuses life', this formulation is used to burn ama (toxins) and treat fever, cold, and digestive upsets.","Tikta, Katu","Laghu, Ruksha",Ushna,Katu,"Amapachana, Jwaraghna, Vishaghna","'The one that infuses life', this formulation is used to burn ama (toxins) and treat fever, cold, and digestive upsets.; Anti-pyretic; Anti-toxic","Anti-pyretic, Anti-toxic","Use with caution in Pitta aggravation, high acidity, inflammatory conditions; May aggravate Pitta dosha; avoid in burning sensation, ulcers, bleeding disorders; Consult an Ayurvedic practitioner before use during pregnancy or lactation","Vata, Kapha",Pitta,False,/p/sanjivani-vati.html
Gandhak rasayan,,,"A formulation of purified sulfur, it is a potent medicine for skin diseases, allergies, and blood purification.",Madhura,Snigdha,Sheeta,Madhura,"rasayan, Kushtaghna, Raktashodhak","A formulation of purified sulfur, it is a potent medicine for skin diseases, allergies, and blood purification.; Blood Purification; Dermatological; Rejuvenation","Blood Purification, Dermatological, Rejuvenation","Use with caution in Kapha aggravation, cold conditions, low digestive fire; May aggravate Vata dosha; avoid in dry skin, constipation, anxiety conditions; Consult an Ayurvedic practitioner before use during pregnancy or lactation","Pitta, Kapha",Vata,False,/p/gandhak-rasayan.html
Kaishore Guggul,,,"A Guggulu preparation for balancing Pitta and Vata, used for gout, arthritis, and skin diseases.","Tikta, Kashaya",Laghu,Ushna,Katu,"Raktashodhak, Vatahara, Kushtaghna","A Guggulu preparation for balancing Pitta and Vata, used for gout, arthritis, and skin diseases.; Blood Purification; Dermatological","Blood Purification, Dermatological","Use with caution in Pitta aggravation, high acidity, inflammatory conditions; May aggravate Kapha dosha; avoid in congestion, obesity, lethargy conditions; Consult an Ayurvedic practitioner before use during pregnancy or lactation","Pitta, Vata",Kapha,False,/p/kaishore-guggul.html
Mahayograj Guggul,,,"A highly potent Guggulu formulation for chronic Vata disorders like arthritis, sciatica, and nerve pain.","Tikta, Katu","Laghu, Ruksha",Ushna,Katu,"Vatahara, Amapachana, Shoolaghna","A highly potent Guggulu formulation for chronic Vata disorders like arthritis, sciatica, and nerve pain.; Analgesic",Analgesic,"Use with caution in Pitta aggravation, high acidity, inflammatory conditions; May aggravate Pitta dosha; avoid in burning sensation, ulcers, bleeding disorders; Consult an Ayurvedic practitioner before use during pregnancy or lactation",Vata,Pitta,False,/p/mahayograj-guggul.html
Kumaryasava,,,"A fermented tonic with Aloe Vera as its base, used for liver disorders, menstrual problems, and loss of appetite.","Tikta, Katu","Laghu, Tikshna",Ushna,Katu,"Yakrituttejaka, Deepana","A fermented tonic with Aloe Vera as its base, used for liver disorders, menstrual problems, and loss of appetite.; Digestive; Hepatoprotective","Digestive, Hepatoprotective","Use with caution in Pitta aggravation, high acidity, inflammatory conditions; May aggravate Vata dosha; avoid in dry skin, constipation, anxiety conditions; Consult an Ayurvedic practitioner before use during pregnancy or lactation","Kapha, Pitta",Vata,False,/p/kumaryasava.html
Saraswatarishta,,,"A famous brain tonic containing Brahmi, used to improve memory, concentration, and calm the mind.","Madhura, Tikta",Laghu,Sheeta,Madhura,"Medhya, rasayan","A famous brain tonic containing Brahmi, used to improve memory, concentration, and calm the mind.; Neurological; Rejuvenation","Neurological, Rejuvenation","Use with caution in Kapha aggravation, cold conditions, low digestive fire; May aggravate Kapha dosha; avoid in congestion, obesity, lethargy conditions; Consult an Ayurvedic practitioner before use during pregnancy or lactation","Vata, Pitta",Kapha,False,/p/saraswatarishta.html
Brahmi Vati,,,"A tablet form of Brahmi and other nervine herbs, used for anxiety, insomnia, and to enhance mental function.",Tikta,Laghu,Sheeta,Madhura,"Medhya, Nidrajanana","A tablet form of Brahmi and other nervine herbs, used for anxiety, insomnia, and to enhance mental function.; Neurological",Neurological,"Use with caution in Kapha aggravation, cold conditions, low digestive fire; May aggravate Kapha dosha; avoid in congestion, obesity, lethargy conditions; Consult an Ayurvedic practitioner before use during pregnancy or lactation","Vata, Pitta",Kapha,False,/p/brahmi-vati.html
Saptamrit Lauh,,,"An iron-based formulation specifically for eye and hair health, improving vision and preventing premature graying.","Madhura, Tikta",Laghu,Sheeta,Madhura,"Chakshushya, Keshya","An iron-based formulation specifically for eye and hair health, improving vision and preventing premature graying.; Ophthalmological",Ophthalmological,"Use with caution in Kapha aggravation, cold conditions, low digestive fire; May aggravate Vata dosha; avoid in dry skin, constipation, anxiety conditions; Consult an Ayurvedic practitioner before use during pregnancy or lactation",Pitta,Vata,False,/p/saptamrit-lauh.html
Swarna Vasant Malti Ras,,,"A precious formulation containing gold, used as a powerful immunomodulator for chronic fevers and debility.","Madhura, Tikta",Snigdha,Sheeta,Madhura,"rasayan, Jwaraghna, Vrishya","A precious formulation containing gold, used as a powerful immunomodulator for chronic fevers and debility.; Anti-pyretic; Rejuvenation; Reproductive","Anti-pyretic, Rejuvenation, Reproductive","Use with caution in Kapha aggravation, cold conditions, low digestive fire; Consult an Ayurvedic practitioner before use during pregnancy or lactation",tridosha,,True,/p/swarna-vasant-malti-ras.html
Makaradhwaj Vati,,,"A famous aphrodisiac and rejuvenative formulation, used to enhance vitality, strength, and sexual wellness.",Madhura,Snigdha,Ushna,Madhura,"Vrishya, rasayan, Hridaya","A famous aphrodisiac and rejuvenative formulation, used to enhance vitality, strength, and sexual wellness.; Cardiac; Rejuvenation; Reproductive","Cardiac, Rejuvenation, Reproductive","Use with caution in Pitta aggravation, high acidity, inflammatory conditions; May aggravate Pitta dosha; avoid in burning sensation, ulcers, bleeding disorders; Consult an Ayurvedic practitioner before use during pregnancy or lactation","Vata, Kapha",Pitta,False,/p/makaradhwaj-vati.html
Brahma rasayana,,,"A powerful rejuvenative jam for the mind, enhancing memory, intelligence, and promoting longevity.",Madhura,"Guru, Snigdha",Sheeta,Madhura,"Medhya, rasayan","A powerful rejuvenative jam for the mind, enhancing memory, intelligence, and promoting longevity.; Neurological; Rejuvenation","Neurological, Rejuvenation","Use with caution in Kapha aggravation, cold conditions, low digestive fire; May aggravate Kapha dosha; avoid in congestion, obesity, lethargy conditions; Consult an Ayurvedic practitioner before use during pregnancy or lactation","Vata, Pitta",Kapha,False,/p/brahma-rasayana.html
Agastya Haritaki rasayana,,,"A classical formulation for chronic respiratory problems like asthma, bronchitis, and allergies.","Kashaya, Madhura",Guru,Ushna,Madhura,"Kasahara, Shwasahara, rasayan","A classical formulation for chronic respiratory problems like asthma, bronchitis, and allergies.; Rejuvenation; Respiratory","Rejuvenation, Respiratory","Use with caution in Pitta aggravation, high acidity, inflammatory conditions; May aggravate Pitta dosha; avoid in burning sensation, ulcers, bleeding disorders; Consult an Ayurvedic practitioner before use during pregnancy or lactation","Vata, Kapha",Pitta,False,/p/agastya-haritaki-rasayana.html
Anu Taila,,,"A classical medicated oil used for Nasya therapy to treat diseases of the head, neck, sinuses, and sensory organs.","Madhura, Katu",Snigdha,Ushna,Madhura,"Vatahara, Keshya, Chakshushya","A classical medicated oil used for Nasya therapy to treat diseases of the head, neck, sinuses, and sensory organs.; Ophthalmological",Ophthalmological,"Use with caution in Pitta aggravation, high acidity, inflammatory conditions; May aggravate Pitta dosha; avoid in burning sensation, ulcers, bleeding disorders; Consult an Ayurvedic practitioner before use during pregnancy or lactation","Vata, Kapha",Pitta,False,/p/anu-taila.html
Narayana Thailam,,,"A famous and versatile medicated oil for all types of Vata disorders, especially arthritis, paralysis, and nerve pain.","Madhura, Tikta","Guru, Snigdha",Ushna,Madhura,"Vatahara, Balya, Shoolaghna","A famous and versatile medicated oil for all types of Vata disorders, especially arthritis, paralysis, and nerve pain.; Analgesic; Strengthening","Analgesic, Strengthening","Use with caution in Pitta aggravation, high acidity, inflammatory conditions; May aggravate Pitta dosha; avoid in burning sensation, ulcers, bleeding disorders; Consult an Ayurvedic practitioner before use during pregnancy or lactation",Vata,Pitta,False,/p/narayana-thailam.html
Kshirabala Thailam,,,"A nourishing and cooling oil made with Bala and milk, excellent for neurological Vata disorders, insomnia, and pain.",Madhura,"Guru, Snigdha",Sheeta,Madhura,"Vatahara, rasayan, Balya","A nourishing and cooling oil made with Bala and milk, excellent for neurological Vata disorders, insomnia, and pain.; Rejuvenation; Strengthening","Rejuvenation, Strengthening","Use with caution in Kapha aggravation, cold conditions, low digestive fire; May aggravate Kapha dosha; avoid in congestion, obesity, lethargy conditions; Consult an Ayurvedic practitioner before use during pregnancy or lactation","Vata, Pitta",Kapha,False,/p/kshirabala-thailam.html
Dhanwantaram Thailam,,,"A versatile oil for Vata conditions, widely used pre and post-natal, for arthritis, and neurological issues.","Kashaya, Madhura","Guru, Snigdha",Ushna,Madhura,"Vatahara, Shoolaghna","A versatile oil for Vata conditions, widely used pre and post-natal, for arthritis, and neurological issues.; Analgesic",Analgesic,"Use with caution in Pitta aggravation, high acidity, inflammatory conditions; May aggravate Pitta dosha; avoid in burning sensation, ulcers, bleeding disorders; Consult an Ayurvedic practitioner before use during pregnancy or lactation",Vata,Pitta,False,/p/dhanwantaram-thailam.html
Kumkumadi Thailam,,,"A renowned facial oil made with Saffron and other herbs to improve complexion, reduce blemishes, and add glow.","Madhura, Tikta",Snigdha,Sheeta,Madhura,"Varnya, Kushtaghna","A renowned facial oil made with Saffron and other herbs to improve complexion, reduce blemishes, and add glow.; Dermatological",Dermatological,"Use with caution in Kapha aggravation, cold conditions, low digestive fire; May aggravate Kapha dosha; avoid in congestion, obesity, lethargy conditions; Consult an Ayurvedic practitioner before use during pregnancy or lactation","Pitta, Vata",Kapha,False,/p/kumkumadi-thailam.html
Neelibringadi Thailam,,,"A famous herbal hair oil for promoting hair growth, preventing hair fall, and delaying premature graying.","Tikta, Kashaya",Snigdha,Sheeta,Katu,"Keshya, Chakshushya","A famous herbal hair oil for promoting hair growth, preventing hair fall, and delaying premature graying.; Ophthalmological",Ophthalmological,"Use with caution in Kapha aggravation, cold conditions, low digestive fire; May aggravate Vata dosha; avoid in dry skin, constipation, anxiety conditions; May aggravate Kapha dosha; avoid in congestion, obesity, lethargy conditions; Consult an Ayurvedic practitioner before use during pregnancy or lactation",Pitta,"Vata, Kapha",False,/p/neelibringadi-thailam.html
Murivenna,,,"'Wound Oil', this is a famous first-aid remedy for cuts, burns, sprains, and fractures.",Tikta,Snigdha,Sheeta,Katu,"Vranaropana, Sandhanakaraka","'Wound Oil', this is a famous first-aid remedy for cuts, burns, sprains, and fractures.",General Wellness,"Use with caution in Kapha aggravation, cold conditions, low digestive fire; May aggravate Kapha dosha; avoid in congestion, obesity, lethargy conditions; Consult an Ayurvedic practitioner before use during pregnancy or lactation","Vata, Pitta",Kapha,False,/p/murivenna.html
Pinda Thailam,,,A cooling oil used topically to relieve the pain and burning sensation of gout and Pitta-type arthritis.,Madhura,Snigdha,Sheeta,Madhura,"Dahashamana, Vatahara",A cooling oil used topically to relieve the pain and burning sensation of gout and Pitta-type arthritis.,General Wellness,"Use with caution in Kapha aggravation, cold conditions, low digestive fire; May aggravate Vata dosha; avoid in dry skin, constipation, anxiety conditions; May aggravate Kapha dosha; avoid in congestion, obesity, lethargy conditions; Consult an Ayurvedic practitioner before use during pregnancy or lactation",Pitta,"Vata, Kapha",False,/p/pinda-thailam.html
Sahacharadi Thailam,,,"A medicated oil primarily used for Vata disorders affecting the lower limbs, like sciatica and varicose veins.","Tikta, Kashaya",Snigdha,Ushna,Katu,"Vatahara, Shoolaghna","A medicated oil primarily used for Vata disorders affecting the lower limbs, like sciatica and varicose veins.; Analgesic",Analgesic,"Use with caution in Pitta aggravation, high acidity, inflammatory conditions; May aggravate Pitta dosha; avoid in burning sensation, ulcers, bleeding disorders; Consult an Ayurvedic practitioner before use during pregnancy or lactation",Vata,Pitta,False,/p/sahacharadi-thailam.html
Eladi Thailam,,,"An aromatic oil used for skin detoxification and improving complexion, especially for Kapha and Vata skin types.","Madhura, Katu",Laghu,Sheeta,Madhura,"Varnya, Kushtaghna","An aromatic oil used for skin detoxification and improving complexion, especially for Kapha and Vata skin types.; Dermatological",Dermatological,"Use with caution in Kapha aggravation, cold conditions, low digestive fire; May aggravate Pitta dosha; avoid in burning sensation, ulcers, bleeding disorders; Consult an Ayurvedic practitioner before use during pregnancy or lactation","Kapha, Vata",Pitta,False,/p/eladi-thailam.html
Brahmi Ghritam,,,"Medicated ghee with Brahmi, a powerful brain tonic for improving memory, intelligence, and speech.","Tikta, Madhura","Guru, Snigdha",Sheeta,Madhura,"Medhya, rasayan","Medicated ghee with Brahmi, a powerful brain tonic for improving memory, intelligence, and speech.; Neurological; Rejuvenation","Neurological, Rejuvenation","Use with caution in Kapha aggravation, cold conditions, low digestive fire; May aggravate Kapha dosha; avoid in congestion, obesity, lethargy conditions; Consult an Ayurvedic practitioner before use during pregnancy or lactation","Vata, Pitta",Kapha,False,/p/brahmi-ghritam.html
Talisadi Churna,,,"A formulation similar to Sitopaladi but more heating, used for cough, cold, and digestive issues.","Katu, Madhura",Laghu,Ushna,Madhura,"Kasahara, Deepana","A formulation similar to Sitopaladi but more heating, used for cough, cold, and digestive issues.; Digestive; Respiratory","Digestive, Respiratory","Use with caution in Pitta aggravation, high acidity, inflammatory conditions; May aggravate Pitta dosha; avoid in burning sensation, ulcers, bleeding disorders; Consult an Ayurvedic practitioner before use during pregnancy or lactation","Vata, Kapha",Pitta,False,/p/talisadi-churna.html
Draksharishta,,,"A fermented tonic of grapes, used for respiratory and digestive issues, and as a general strength-promoter.","Madhura, Kashaya",Guru,Sheeta,Madhura,"Kasahara, Balya, Deepana","A fermented tonic of grapes, used for respiratory and digestive issues, and as a general strength-promoter.; Digestive; Respiratory; Strengthening","Digestive, Respiratory, Strengthening","Use with caution in Kapha aggravation, cold conditions, low digestive fire; May aggravate Pitta dosha; avoid in burning sensation, ulcers, bleeding disorders; Consult an Ayurvedic practitioner before use during pregnancy or lactation",Vata,Pitta,False,/p/draksharishta.html
Pippalyasava,,,"A fermented tonic with Pippali, used for malabsorption, digestive issues, and respiratory ailments.",Katu,"Laghu, Tikshna",Ushna,Madhura,"Deepana, Pachana, Grahi","A fermented tonic with Pippali, used for malabsorption, digestive issues, and respiratory ailments.; Digestive",Digestive,"Use with caution in Pitta aggravation, high acidity, inflammatory conditions; May aggravate Pitta dosha; avoid in burning sensation, ulcers, bleeding disorders; Consult an Ayurvedic practitioner before use during pregnancy or lactation","Vata, Kapha",Pitta,False,/p/pippalyasava.html
Aravindasava,,,"A classical pediatric tonic made with Lotus, used for improving digestion, strength, and immunity in children.","Madhura, Kashaya",Laghu,Sheeta,Madhura,"Balya, Deepana, Pachana","A classical pediatric tonic made with Lotus, used for improving digestion, strength, and immunity in children.; Digestive; Strengthening","Digestive, Strengthening","Use with caution in Kapha aggravation, cold conditions, low digestive fire; Consult an Ayurvedic practitioner before use during pregnancy or lactation",tridosha,,True,/p/aravindasava.html
Pradarantak Lauh,,,An iron-based formulation specifically used for treating excessive menstrual bleeding (menorrhagia).,Kashaya,Guru,Sheeta,Katu,"Raktastambhana, Vatahara",An iron-based formulation specifically used for treating excessive menstrual bleeding (menorrhagia).,General Wellness,"Use with caution in Kapha aggravation, cold conditions, low digestive fire; May aggravate Kapha dosha; avoid in congestion, obesity, lethargy conditions; Consult an Ayurvedic practitioner before use during pregnancy or lactation","Pitta, Vata",Kapha,False,/p/pradarantak-lauh.html
Hinguleshwar Ras,,,"A herbo-mineral formulation containing purified Cinnabar, used for fever and Vata disorders.",Tikta,Laghu,Ushna,Katu,"Jwaraghna, Vatahara","A herbo-mineral formulation containing purified Cinnabar, used for fever and Vata disorders.; Anti-pyretic",Anti-pyretic,"Use with caution in Pitta aggravation, high acidity, inflammatory conditions; May aggravate Pitta dosha; avoid in burning sensation, ulcers, bleeding disorders; Consult an Ayurvedic practitioner before use during pregnancy or lactation","Vata, Kapha",Pitta,False,/p/hinguleshwar-ras.html
Kottamchukkadi Thailam,,,"A South Indian medicated oil for external use on painful joints, inflammation, and stiffness due to Vata.","Katu, Tikta","Snigdha, Tikshna",Ushna,Katu,"Vatahara, Shoolaghna","A South Indian medicated oil for external use on painful joints, inflammation, and stiffness due to Vata.; Analgesic",Analgesic,"Use with caution in Pitta aggravation, high acidity, inflammatory conditions; May aggravate Pitta dosha; avoid in burning sensation, ulcers, bleeding disorders; Consult an Ayurvedic practitioner before use during pregnancy or lactation","Vata, Kapha",Pitta,False,/p/kottamchukkadi-thailam.html
Lakshadi Thailam,,,"A nourishing and strengthening massage oil, especially recommended for babies, children, and convalescing adults.",Madhura,"Guru, Snigdha",Sheeta,Madhura,"Balya, Brimhaniya","A nourishing and strengthening massage oil, especially recommended for babies, children, and convalescing adults.; Nutritive; Strengthening","Nutritive, Strengthening","Use with caution in Kapha aggravation, cold conditions, low digestive fire; May aggravate Kapha dosha; avoid in congestion, obesity, lethargy conditions; Consult an Ayurvedic practitioner before use during pregnancy or lactation","Vata, Pitta",Kapha,False,/p/lakshadi-thailam.html
Triphaladi Thailam,,,"An oil infused with Triphala, used for head massage to treat headache, hair fall, and diseases of the eyes, ears, and throat.",Kashaya,Snigdha,Sheeta,Madhura,"Keshya, Chakshushya","An oil infused with Triphala, used for head massage to treat headache, hair fall, and diseases of the eyes, ears, and throat.; Ophthalmological",Ophthalmological,"Use with caution in Kapha aggravation, cold conditions, low digestive fire; May aggravate Kapha dosha; avoid in congestion, obesity, lethargy conditions; Consult an Ayurvedic practitioner before use during pregnancy or lactation","Vata, Pitta",Kapha,False,/p/triphaladi-thailam.html
Himasagara Thailam,,,"A highly cooling massage oil used for Pitta and Vata disorders, especially those with burning sensation and pain.","Madhura, Tikta","Snigdha, Guru",Sheeta,Madhura,"Dahashamana, Vatahara","A highly cooling massage oil used for Pitta and Vata disorders, especially those with burning sensation and pain.",General Wellness,"Use with caution in Kapha aggravation, cold conditions, low digestive fire; May aggravate Kapha dosha; avoid in congestion, obesity, lethargy conditions; Consult an Ayurvedic practitioner before use during pregnancy or lactation","Pitta, Vata",Kapha,False,/p/himasagara-thailam.html
Sphatika Bhasma,,,"Purified Alum ash is a powerful astringent and hemostatic, used for bleeding disorders and as an antiseptic.","Kashaya, Amla",Ruksha,Sheeta,Katu,"Raktastambhana, Kushtaghna","Dermatological; Purified Alum ash is a powerful astringent and hemostatic, used for bleeding disorders and as an antiseptic.",Dermatological,"Use with caution in Kapha aggravation, cold conditions, low digestive fire; May aggravate Vata dosha; avoid in dry skin, constipation, anxiety conditions; Consult an Ayurvedic practitioner before use during pregnancy or lactation","Pitta, Kapha",Vata,False,/p/sphatika-bhasma.html
Samudra Lavana,,,"Common Sea Salt is heating and heavy, used as a digestive aid and laxative, but aggravates Pitta.",Lavana,"Guru, Snigdha",Ushna,Madhura,"Deepana, Virechana","Common Sea Salt is heating and heavy, used as a digestive aid and laxative, but aggravates Pitta.; Digestive; Purgative","Digestive, Purgative","Use with caution in Pitta aggravation, high acidity, inflammatory conditions; May aggravate Pitta dosha; avoid in burning sensation, ulcers, bleeding disorders; May aggravate Kapha dosha; avoid in congestion, obesity, lethargy conditions; Consult an Ayurvedic practitioner before use during pregnancy or lactation",Vata,"Pitta, Kapha",False,/p/samudra-lavana.html
Vida Lavana,,,"A type of Black Salt, it is light and heating, used to stimulate digestion and relieve bloating without causing water retention.","Lavana, Katu","Laghu, Tikshna",Ushna,Katu,"Deepana, Hridaya","A type of Black Salt, it is light and heating, used to stimulate digestion and relieve bloating without causing water retention.; Cardiac; Digestive","Cardiac, Digestive","Use with caution in Pitta aggravation, high acidity, inflammatory conditions; May aggravate Pitta dosha; avoid in burning sensation, ulcers, bleeding disorders; Consult an Ayurvedic practitioner before use during pregnancy or lactation",Vata,Pitta,False,/p/vida-lavana.html
Gorochana,,,Cow bezoar is a rare substance used as a nervine tonic and for treating fevers and poisoning.,Tikta,Laghu,Sheeta,Katu,"Medhya, Vishaghna, Jwaraghna",Anti-pyretic; Anti-toxic; Cow bezoar is a rare substance used as a nervine tonic and for treating fevers and poisoning.; Neurological,"Anti-pyretic, Anti-toxic, Neurological","Use with caution in Kapha aggravation, cold conditions, low digestive fire; May aggravate Vata dosha; avoid in dry skin, constipation, anxiety conditions; Consult an Ayurvedic practitioner before use during pregnancy or lactation","Pitta, Kapha",Vata,False,/p/gorochana.html
Shukti Bhasma,,,"Oyster shell ash is a natural calcium source used for hyperacidity, ulcers, and digestive issues.",Katu,"Laghu, Ruksha",Sheeta,Madhura,"Amlapittahara, Shoolaghna","Analgesic; Oyster shell ash is a natural calcium source used for hyperacidity, ulcers, and digestive issues.",Analgesic,"Use with caution in Kapha aggravation, cold conditions, low digestive fire; May aggravate Kapha dosha; avoid in congestion, obesity, lethargy conditions; Consult an Ayurvedic practitioner before use during pregnancy or lactation","Vata, Pitta",Kapha,False,/p/shukti-bhasma.html
Varatika Bhasma,,,"Cowrie shell ash is an excellent antacid and digestive, used for colic, malabsorption, and bloating.",Katu,"Laghu, Tikshna",Ushna,Madhura,"Deepana, Pachana, Shoolaghna","Analgesic; Cowrie shell ash is an excellent antacid and digestive, used for colic, malabsorption, and bloating.; Digestive","Analgesic, Digestive","Use with caution in Pitta aggravation, high acidity, inflammatory conditions; May aggravate Pitta dosha; avoid in burning sensation, ulcers, bleeding disorders; Consult an Ayurvedic practitioner before use during pregnancy or lactation","Vata, Kapha",Pitta,False,/p/varatika-bhasma.html
Abhayarishta,,,"A fermented decoction with Haritaki. An excellent laxative and carminative, used for piles and constipation.","Kashaya, Madhura","Laghu, Tikshna",Ushna,Madhura,"Virechana, Deepana, Arshoghna","A fermented decoction with Haritaki. An excellent laxative and carminative, used for piles and constipation.; Digestive; Purgative","Digestive, Purgative","Use with caution in Pitta aggravation, high acidity, inflammatory conditions; May aggravate Pitta dosha; avoid in burning sensation, ulcers, bleeding disorders; Consult an Ayurvedic practitioner before use during pregnancy or lactation",Vata,Pitta,False,/p/abhayarishta.html
Amritarishta,,,"A fermented decoction of Giloy, used for all types of fevers, boosting immunity, and as a general health tonic.","Tikta, Kashaya",Laghu,Ushna,Madhura,"Jwaraghna, rasayan, Deepana","A fermented decoction of Giloy, used for all types of fevers, boosting immunity, and as a general health tonic.; Anti-pyretic; Digestive; Rejuvenation","Anti-pyretic, Digestive, Rejuvenation","Use with caution in Pitta aggravation, high acidity, inflammatory conditions; Consult an Ayurvedic practitioner before use during pregnancy or lactation",tridosha,,True,/p/amritarishta.html
Arjunarishta,,,"A fermented decoction of Arjuna bark, it is a premier cardiotonic used to strengthen the heart and improve circulation.",Kashaya,Laghu,Sheeta,Katu,"Hridaya, Balya","A fermented decoction of Arjuna bark, it is a premier cardiotonic used to strengthen the heart and improve circulation.; Cardiac; Strengthening","Cardiac, Strengthening","Use with caution in Kapha aggravation, cold conditions, low digestive fire; May aggravate Vata dosha; avoid in dry skin, constipation, anxiety conditions; Consult an Ayurvedic practitioner before use during pregnancy or lactation","Pitta, Kapha",Vata,False,/p/arjunarishta.html
Ashokarishta,,,"A famous formulation with Ashoka bark, primarily used for female reproductive health, regulating menses, and relieving pain.","Kashaya, Tikta",Laghu,Sheeta,Katu,"Yonirogahara, Raktastambhana","A famous formulation with Ashoka bark, primarily used for female reproductive health, regulating menses, and relieving pain.",General Wellness,"Use with caution in Kapha aggravation, cold conditions, low digestive fire; May aggravate Vata dosha; avoid in dry skin, constipation, anxiety conditions; Consult an Ayurvedic practitioner before use during pregnancy or lactation","Pitta, Kapha",Vata,False,/p/ashokarishta.html
Balarishta,,,"A fermented tonic with Bala, it is a powerful nerve tonic used to treat Vata disorders, debility, and joint pain.",Madhura,"Guru, Snigdha",Ushna,Madhura,"Vatahara, Balya, rasayan","A fermented tonic with Bala, it is a powerful nerve tonic used to treat Vata disorders, debility, and joint pain.; Rejuvenation; Strengthening","Rejuvenation, Strengthening","Use with caution in Pitta aggravation, high acidity, inflammatory conditions; May aggravate Pitta dosha; avoid in burning sensation, ulcers, bleeding disorders; Consult an Ayurvedic practitioner before use during pregnancy or lactation",Vata,Pitta,False,/p/balarishta.html
Kutajarishta,,,"A fermented decoction of Kutaja, it is a specific remedy for diarrhea, dysentery, IBS, and other intestinal issues.","Kashaya, Tikta","Laghu, Ruksha",Sheeta,Katu,"Grahi, Deepana, Arshoghna","A fermented decoction of Kutaja, it is a specific remedy for diarrhea, dysentery, IBS, and other intestinal issues.; Digestive",Digestive,"Use with caution in Kapha aggravation, cold conditions, low digestive fire; May aggravate Vata dosha; avoid in dry skin, constipation, anxiety conditions; Consult an Ayurvedic practitioner before use during pregnancy or lactation","Pitta, Kapha",Vata,False,/p/kutajarishta.html
Ushirasva,,,"A cooling fermented tonic with Ushira (Vetiver), used for bleeding disorders, burning sensations, and skin diseases.","Tikta, Madhura",Laghu,Sheeta,Madhura,"Raktapittahara, Dahashamana","A cooling fermented tonic with Ushira (Vetiver), used for bleeding disorders, burning sensations, and skin diseases.",General Wellness,"Use with caution in Kapha aggravation, cold conditions, low digestive fire; May aggravate Vata dosha; avoid in dry skin, constipation, anxiety conditions; May aggravate Kapha dosha; avoid in congestion, obesity, lethargy conditions; Consult an Ayurvedic practitioner before use during pregnancy or lactation",Pitta,"Vata, Kapha",False,/p/ushirasva.html
Khadiradi Vati,,,"An astringent tablet with Khadira, used for mouth ulcers, sore throat, and other oral cavity problems.","Kashaya, Tikta",Ruksha,Sheeta,Katu,"Grahi, Kushtaghna","An astringent tablet with Khadira, used for mouth ulcers, sore throat, and other oral cavity problems.; Dermatological; Digestive","Dermatological, Digestive","Use with caution in Kapha aggravation, cold conditions, low digestive fire; May aggravate Vata dosha; avoid in dry skin, constipation, anxiety conditions; Consult an Ayurvedic practitioner before use during pregnancy or lactation","Kapha, Pitta",Vata,False,/p/khadiradi-vati.html
Lavangadi Vati,,,"A tablet with Clove (Lavanga), used to soothe sore throats, cough, and freshen the breath.","Katu, Tikta",Laghu,Sheeta,Katu,"Kasahara, Deepana","A tablet with Clove (Lavanga), used to soothe sore throats, cough, and freshen the breath.; Digestive; Respiratory","Digestive, Respiratory","Use with caution in Kapha aggravation, cold conditions, low digestive fire; May aggravate Pitta dosha; avoid in burning sensation, ulcers, bleeding disorders; Consult an Ayurvedic practitioner before use during pregnancy or lactation","Kapha, Vata",Pitta,False,/p/lavangadi-vati.html
Vyoshadi Vati,,,"A pungent tablet containing Trikatu, used for cough, cold, rhinitis, and to clear sinus congestion.",Katu,"Laghu, Tikshna",Ushna,Katu,"Kasahara, Deepana","A pungent tablet containing Trikatu, used for cough, cold, rhinitis, and to clear sinus congestion.; Digestive; Respiratory","Digestive, Respiratory","Use with caution in Pitta aggravation, high acidity, inflammatory conditions; May aggravate Pitta dosha; avoid in burning sensation, ulcers, bleeding disorders; Consult an Ayurvedic practitioner before use during pregnancy or lactation","Kapha, Vata",Pitta,False,/p/vyoshadi-vati.html
Dadimashtaka Churna,,,"A powder with Pomegranate, excellent for treating diarrhea, IBS, and improving digestive function.","Madhura, Kashaya, Amla",Laghu,Ushna,Madhura,"Grahi, Deepana, Pachana","A powder with Pomegranate, excellent for treating diarrhea, IBS, and improving digestive function.; Digestive",Digestive,"Use with caution in Pitta aggravation, high acidity, inflammatory conditions; May aggravate Pitta dosha; avoid in burning sensation, ulcers, bleeding disorders; Consult an Ayurvedic practitioner before use during pregnancy or lactation","Vata, Kapha",Pitta,False,/p/dadimashtaka-churna.html
Pushyanuga Churna,,,A classical formulation used for treating all types of gynecological bleeding disorders and diarrhea.,Kashaya,"Laghu, Ruksha",Sheeta,Katu,"Raktastambhana, Grahi",A classical formulation used for treating all types of gynecological bleeding disorders and diarrhea.; Digestive,Digestive,"Use with caution in Kapha aggravation, cold conditions, low digestive fire; May aggravate Vata dosha; avoid in dry skin, constipation, anxiety conditions; Consult an Ayurvedic practitioner before use during pregnancy or lactation","Pitta, Kapha",Vata,False,/p/pushyanuga-churna.html
Phala Ghrita,,,"A medicated ghee renowned as a tonic for the female reproductive system, used to promote fertility and successful conception.",Madhura,"Guru, Snigdha",Sheeta,Madhura,"Vrishya, rasayan","A medicated ghee renowned as a tonic for the female reproductive system, used to promote fertility and successful conception.; Rejuvenation; Reproductive","Rejuvenation, Reproductive","Use with caution in Kapha aggravation, cold conditions, low digestive fire; May aggravate Kapha dosha; avoid in congestion, obesity, lethargy conditions; Consult an Ayurvedic practitioner before use during pregnancy or lactation","Vata, Pitta",Kapha,False,/p/phala-ghrita.html
Mahatiktaka Ghrita,,,"A highly bitter medicated ghee used for a wide range of Pitta-dominant skin diseases, and for blood purification.",Tikta,Snigdha,Sheeta,Katu,"Kushtaghna, Raktashodhak, Vishaghna","A highly bitter medicated ghee used for a wide range of Pitta-dominant skin diseases, and for blood purification.; Anti-toxic; Blood Purification; Dermatological","Anti-toxic, Blood Purification, Dermatological","Use with caution in Kapha aggravation, cold conditions, low digestive fire; May aggravate Vata dosha; avoid in dry skin, constipation, anxiety conditions; Consult an Ayurvedic practitioner before use during pregnancy or lactation",Pitta,Vata,False,/p/mahatiktaka-ghrita.html
Tapyadi Loha,,,"An iron-based formulation used for anemia, liver conditions, and as a general health tonic.",Tikta,"Laghu, Ruksha",Ushna,Katu,"Raktavardhak, Yakrituttejaka","An iron-based formulation used for anemia, liver conditions, and as a general health tonic.; Blood Purification; Hepatoprotective","Blood Purification, Hepatoprotective","Use with caution in Pitta aggravation, high acidity, inflammatory conditions; May aggravate Vata dosha; avoid in dry skin, constipation, anxiety conditions; Consult an Ayurvedic practitioner before use during pregnancy or lactation","Pitta, Kapha",Vata,False,/p/tapyadi-loha.html
Navayasa Loha,,,"A classical iron formulation with nine herbs, used to treat anemia, skin diseases, and piles.","Katu, Tikta","Laghu, Ruksha",Ushna,Katu,"Raktavardhak, Kushtaghna, Arshoghna","A classical iron formulation with nine herbs, used to treat anemia, skin diseases, and piles.; Blood Purification; Dermatological","Blood Purification, Dermatological","Use with caution in Pitta aggravation, high acidity, inflammatory conditions; May aggravate Vata dosha; avoid in dry skin, constipation, anxiety conditions; Consult an Ayurvedic practitioner before use during pregnancy or lactation","Pitta, Kapha",Vata,False,/p/navayasa-loha.html
Hajrul Yahood Bhasma,,,A fossilized stone ash used as a potent diuretic and for breaking down and expelling kidney and bladder stones.,Kashaya,Ruksha,Sheeta,Katu,"Ashmaribhedana, Mutrala",A fossilized stone ash used as a potent diuretic and for breaking down and expelling kidney and bladder stones.; Urinary,Urinary,"Use with caution in Kapha aggravation, cold conditions, low digestive fire; May aggravate Pitta dosha; avoid in burning sensation, ulcers, bleeding disorders; May aggravate Vata dosha; avoid in dry skin, constipation, anxiety conditions; Consult an Ayurvedic practitioner before use during pregnancy or lactation",Kapha,"Vata, Pitta",False,/p/hajrul-yahood-bhasma.html
Kaharuba Pishti,,,"Processed Amber is a powerful hemostatic (stops bleeding), used for bleeding piles, menorrhagia, and ulcers.",Madhura,Snigdha,Sheeta,Madhura,"Raktastambhana, Hridaya","Cardiac; Processed Amber is a powerful hemostatic (stops bleeding), used for bleeding piles, menorrhagia, and ulcers.",Cardiac,"Use with caution in Kapha aggravation, cold conditions, low digestive fire; May aggravate Vata dosha; avoid in dry skin, constipation, anxiety conditions; May aggravate Kapha dosha; avoid in congestion, obesity, lethargy conditions; Consult an Ayurvedic practitioner before use during pregnancy or lactation",Pitta,"Vata, Kapha",False,/p/kaharuba-pishti.html
Godhuma,,,"Wheat is a nourishing, strengthening, and Vata-pacifying grain, but its heavy nature can increase Kapha.",Madhura,"Guru, Snigdha",Sheeta,Madhura,"Balya, Brimhaniya, Vrishya","Nutritive; Reproductive; Strengthening; Wheat is a nourishing, strengthening, and Vata-pacifying grain, but its heavy nature can increase Kapha.","Nutritive, Reproductive, Strengthening","Use with caution in Kapha aggravation, cold conditions, low digestive fire; May aggravate Pitta dosha; avoid in burning sensation, ulcers, bleeding disorders; May aggravate Kapha dosha; avoid in congestion, obesity, lethargy conditions; Consult an Ayurvedic practitioner before use during pregnancy or lactation",Vata,"Kapha, Pitta",False,/p/godhuma.html
Dadhi,,,Yogurt/Curd is nourishing but also heavy and channel-blocking (abhishyandi). It is generally heating in nature.,Amla,"Guru, Snigdha",Ushna,Amla,"Deepana, Balya",Digestive; Strengthening; Yogurt/Curd is nourishing but also heavy and channel-blocking (abhishyandi). It is generally heating in nature.,"Digestive, Strengthening","Use with caution in Pitta aggravation, high acidity, inflammatory conditions; May aggravate Pitta dosha; avoid in burning sensation, ulcers, bleeding disorders; May aggravate Kapha dosha; avoid in congestion, obesity, lethargy conditions; Consult an Ayurvedic practitioner before use during pregnancy or lactation",Vata,"Pitta, Kapha",False,/p/dadhi.html
Takra,,,"Buttermilk is highly praised in Ayurveda as 'heavenly nectar'. It is light, easy to digest, and treats many digestive disorders.","Kashaya, Amla","Laghu, Ruksha",Ushna,Madhura,"Grahi, Deepana, Lekhana","Buttermilk is highly praised in Ayurveda as 'heavenly nectar'. It is light, easy to digest, and treats many digestive disorders.; Digestive; Metabolic","Digestive, Metabolic","Use with caution in Pitta aggravation, high acidity, inflammatory conditions; May aggravate Pitta dosha; avoid in burning sensation, ulcers, bleeding disorders; Consult an Ayurvedic practitioner before use during pregnancy or lactation","Vata, Kapha",Pitta,False,/p/takra.html
Ksheera,,,"Milk (especially from cow) is a complete food, considered a vital rejuvenator (rasayana) that nourishes all tissues.",Madhura,"Guru, Snigdha",Sheeta,Madhura,"Jivaniya, rasayan, Stanyajanana","Milk (especially from cow) is a complete food, considered a vital rejuvenator (rasayana) that nourishes all tissues.; Rejuvenation; Reproductive","Rejuvenation, Reproductive","Use with caution in Kapha aggravation, cold conditions, low digestive fire; May aggravate Kapha dosha; avoid in congestion, obesity, lethargy conditions; Consult an Ayurvedic practitioner before use during pregnancy or lactation","Vata, Pitta",Kapha,False,/p/ksheera.html
Lasuna Ksheerapaka,,,"Garlic milk is a specific preparation for Vata disorders like sciatica, joint pain, and bloating.","Katu, Madhura",Snigdha,Ushna,Madhura,"Vatahara, Shoolaghna","Analgesic; Garlic milk is a specific preparation for Vata disorders like sciatica, joint pain, and bloating.",Analgesic,"Use with caution in Pitta aggravation, high acidity, inflammatory conditions; May aggravate Pitta dosha; avoid in burning sensation, ulcers, bleeding disorders; Consult an Ayurvedic practitioner before use during pregnancy or lactation","Vata, Kapha",Pitta,False,/p/lasuna-ksheerapaka.html
Pippali Moola,,,"The root of the Long Pepper plant is a more potent digestive stimulant than the fruit, used for chronic indigestion.",Katu,"Laghu, Ruksha, Tikshna",Ushna,Katu,"Deepana, Pachana","Digestive; The root of the Long Pepper plant is a more potent digestive stimulant than the fruit, used for chronic indigestion.",Digestive,"Use with caution in Pitta aggravation, high acidity, inflammatory conditions; May aggravate Pitta dosha; avoid in burning sensation, ulcers, bleeding disorders; Consult an Ayurvedic practitioner before use during pregnancy or lactation","Kapha, Vata",Pitta,False,/p/pippali-moola.html
Chitrakaharitaki,,,"A formulation of Chitrak and Haritaki, used for chronic respiratory conditions with mucus and indigestion.","Katu, Kashaya","Laghu, Ruksha",Ushna,Katu,"Kasahara, Deepana","A formulation of Chitrak and Haritaki, used for chronic respiratory conditions with mucus and indigestion.; Digestive; Respiratory","Digestive, Respiratory","Use with caution in Pitta aggravation, high acidity, inflammatory conditions; May aggravate Pitta dosha; avoid in burning sensation, ulcers, bleeding disorders; Consult an Ayurvedic practitioner before use during pregnancy or lactation","Kapha, Vata",Pitta,False,/p/chitrakaharitaki.html
Vasa Avaleha,,,"A jam-like preparation of Vasa, used for cough, asthma, bronchitis, and bleeding disorders.","Tikta, Kashaya",Snigdha,Sheeta,Katu,"Kasahara, Raktapittahara","A jam-like preparation of Vasa, used for cough, asthma, bronchitis, and bleeding disorders.; Respiratory",Respiratory,"Use with caution in Kapha aggravation, cold conditions, low digestive fire; May aggravate Vata dosha; avoid in dry skin, constipation, anxiety conditions; Consult an Ayurvedic practitioner before use during pregnancy or lactation","Pitta, Kapha",Vata,False,/p/vasa-avaleha.html
Kushmanda Avaleha,,,"A nourishing jam of Ash Gourd, used as a tonic to increase strength, stamina, and weight.",Madhura,"Guru, Snigdha",Sheeta,Madhura,"Brimhaniya, Balya, rasayan","A nourishing jam of Ash Gourd, used as a tonic to increase strength, stamina, and weight.; Nutritive; Rejuvenation; Strengthening","Nutritive, Rejuvenation, Strengthening","Use with caution in Kapha aggravation, cold conditions, low digestive fire; May aggravate Kapha dosha; avoid in congestion, obesity, lethargy conditions; Consult an Ayurvedic practitioner before use during pregnancy or lactation","Vata, Pitta",Kapha,False,/p/kushmanda-avaleha.html
Bilwadi Leha,,,"A jam-like preparation of Bael fruit, used to treat chronic diarrhea, vomiting, and loss of appetite.","Kashaya, Tikta",Laghu,Ushna,Katu,"Grahi, Deepana","A jam-like preparation of Bael fruit, used to treat chronic diarrhea, vomiting, and loss of appetite.; Digestive",Digestive,"Use with caution in Pitta aggravation, high acidity, inflammatory conditions; May aggravate Pitta dosha; avoid in burning sensation, ulcers, bleeding disorders; Consult an Ayurvedic practitioner before use during pregnancy or lactation","Kapha, Vata",Pitta,False,/p/bilwadi-leha.html
Gokshuradi Guggulu,,,"A Guggulu formulation for the urinary system, used for kidney stones, UTIs, and prostate issues.","Tikta, Kashaya",Laghu,Sheeta,Madhura,"Mutrala, Ashmaribhedana","A Guggulu formulation for the urinary system, used for kidney stones, UTIs, and prostate issues.; Urinary",Urinary,"Use with caution in Kapha aggravation, cold conditions, low digestive fire; May aggravate Kapha dosha; avoid in congestion, obesity, lethargy conditions; Consult an Ayurvedic practitioner before use during pregnancy or lactation","Vata, Pitta",Kapha,False,/p/gokshuradi-guggulu.html
Simhanada Guggulu,,,A potent anti-inflammatory and detoxifying Guggulu formula for severe arthritis and skin diseases.,"Tikta, Kashaya",Tikshna,Ushna,Katu,"Vatahara, Amapachana, Kushtaghna",A potent anti-inflammatory and detoxifying Guggulu formula for severe arthritis and skin diseases.; Dermatological,Dermatological,"Use with caution in Pitta aggravation, high acidity, inflammatory conditions; May aggravate Kapha dosha; avoid in congestion, obesity, lethargy conditions; Consult an Ayurvedic practitioner before use during pregnancy or lactation","Vata, Pitta",Kapha,False,/p/simhanada-guggulu.html
Triphala Guggulu,,,"Combines the benefits of Triphala and Guggulu. Excellent for detoxification, weight management, and joint health.","Tikta, Kashaya","Laghu, Ruksha",Ushna,Katu,"Lekhana, Shothahara, Vranaropana","Anti-inflammatory; Combines the benefits of Triphala and Guggulu. Excellent for detoxification, weight management, and joint health.; Metabolic","Anti-inflammatory, Metabolic","Use with caution in Pitta aggravation, high acidity, inflammatory conditions; May aggravate Pitta dosha; avoid in burning sensation, ulcers, bleeding disorders; Consult an Ayurvedic practitioner before use during pregnancy or lactation","Kapha, Vata",Pitta,False,/p/triphala-guggulu.html
Yogaraja Guggulu,,,"A classical Guggulu formulation for Vata disorders, especially joint pain, stiffness, and neurological conditions.","Tikta, Katu","Laghu, Ruksha",Ushna,Katu,"Vatahara, Amapachana","A classical Guggulu formulation for Vata disorders, especially joint pain, stiffness, and neurological conditions.",General Wellness,"Use with caution in Pitta aggravation, high acidity, inflammatory conditions; May aggravate Pitta dosha; avoid in burning sensation, ulcers, bleeding disorders; Consult an Ayurvedic practitioner before use during pregnancy or lactation",Vata,Pitta,False,/p/yogaraja-guggulu.html
Punarnavadi Guggulu,,,"A Guggulu formulation with Punarnava, used for edema, gout, and other inflammatory conditions.","Tikta, Kashaya","Laghu, Ruksha",Ushna,Katu,"Shothahara, Mutrala","A Guggulu formulation with Punarnava, used for edema, gout, and other inflammatory conditions.; Anti-inflammatory; Urinary","Anti-inflammatory, Urinary","Use with caution in Pitta aggravation, high acidity, inflammatory conditions; May aggravate Pitta dosha; avoid in burning sensation, ulcers, bleeding disorders; Consult an Ayurvedic practitioner before use during pregnancy or lactation","Kapha, Vata",Pitta,False,/p/punarnavadi-guggulu.html
Hinguvachadi Churna,,,"A powder with Hingu and Vacha, used for severe indigestion, bloating, and abdominal pain.","Katu, Lavana","Laghu, Tikshna",Ushna,Katu,"Deepana, Pachana, Shoolaghna","A powder with Hingu and Vacha, used for severe indigestion, bloating, and abdominal pain.; Analgesic; Digestive","Analgesic, Digestive","Use with caution in Pitta aggravation, high acidity, inflammatory conditions; May aggravate Pitta dosha; avoid in burning sensation, ulcers, bleeding disorders; Consult an Ayurvedic practitioner before use during pregnancy or lactation","Vata, Kapha",Pitta,False,/p/hinguvachadi-churna.html
Vaiswanara Churna,,,"'The Universal Fire' powder, a strong digestive stimulant and laxative for ama and constipation.","Lavana, Katu","Laghu, Tikshna",Ushna,Katu,"Deepana, Virechana","'The Universal Fire' powder, a strong digestive stimulant and laxative for ama and constipation.; Digestive; Purgative","Digestive, Purgative","Use with caution in Pitta aggravation, high acidity, inflammatory conditions; May aggravate Pitta dosha; avoid in burning sensation, ulcers, bleeding disorders; Consult an Ayurvedic practitioner before use during pregnancy or lactation","Vata, Kapha",Pitta,False,/p/vaiswanara-churna.html
Kalyanaka Ghrita,,,"A medicated ghee used as a brain tonic for psychological disorders, speech problems, and to improve memory.","Tikta, Madhura","Guru, Snigdha",Sheeta,Madhura,"Medhya, rasayan","A medicated ghee used as a brain tonic for psychological disorders, speech problems, and to improve memory.; Neurological; Rejuvenation","Neurological, Rejuvenation","Use with caution in Kapha aggravation, cold conditions, low digestive fire; May aggravate Kapha dosha; avoid in congestion, obesity, lethargy conditions; Consult an Ayurvedic practitioner before use during pregnancy or lactation","Vata, Pitta",Kapha,False,/p/kalyanaka-ghrita.html
Indukantham Ghritam,,,A famous South Indian ghee formulation for enhancing immunity and treating chronic fevers and debility.,"Madhura, Tikta",Snigdha,Ushna,Madhura,"rasayan, Jwaraghna, Balya",A famous South Indian ghee formulation for enhancing immunity and treating chronic fevers and debility.; Anti-pyretic; Rejuvenation; Strengthening,"Anti-pyretic, Rejuvenation, Strengthening","Use with caution in Pitta aggravation, high acidity, inflammatory conditions; May aggravate Pitta dosha; avoid in burning sensation, ulcers, bleeding disorders; Consult an Ayurvedic practitioner before use during pregnancy or lactation",Vata,Pitta,False,/p/indukantham-ghritam.html
Sukumaram Ghritam,,,"A medicated ghee primarily for gynecological disorders, hernia, and digestive issues. It is a gentle tonic.","Madhura, Tikta",Snigdha,Sheeta,Madhura,"Vatahara, Yonirogahara","A medicated ghee primarily for gynecological disorders, hernia, and digestive issues. It is a gentle tonic.",General Wellness,"Use with caution in Kapha aggravation, cold conditions, low digestive fire; May aggravate Kapha dosha; avoid in congestion, obesity, lethargy conditions; Consult an Ayurvedic practitioner before use during pregnancy or lactation","Vata, Pitta",Kapha,False,/p/sukumaram-ghritam.html
Guggulutiktakam Ghritam,,,"A bitter ghee with Guggulu, used for chronic skin diseases, arthritis, and deep-seated inflammation.",Tikta,Snigdha,Sheeta,Katu,"Kushtaghna, Vatahara, Raktashodhak","A bitter ghee with Guggulu, used for chronic skin diseases, arthritis, and deep-seated inflammation.; Blood Purification; Dermatological","Blood Purification, Dermatological","Use with caution in Kapha aggravation, cold conditions, low digestive fire; May aggravate Kapha dosha; avoid in congestion, obesity, lethargy conditions; Consult an Ayurvedic practitioner before use during pregnancy or lactation","Vata, Pitta",Kapha,False,/p/guggulutiktakam-ghritam.html
Mahakalyanaka Ghritam,,,"A more potent version of Kalyanaka Ghrita, used for serious psychological conditions, infertility, and as a brain tonic.","Tikta, Madhura","Guru, Snigdha",Sheeta,Madhura,"Medhya, rasayan, Vrishya","A more potent version of Kalyanaka Ghrita, used for serious psychological conditions, infertility, and as a brain tonic.; Neurological; Rejuvenation; Reproductive","Neurological, Rejuvenation, Reproductive","Use with caution in Kapha aggravation, cold conditions, low digestive fire; May aggravate Kapha dosha; avoid in congestion, obesity, lethargy conditions; Consult an Ayurvedic practitioner before use during pregnancy or lactation","Vata, Pitta",Kapha,False,/p/mahakalyanaka-ghritam.html
Vidaryadyasava,,,"A fermented tonic with Vidari, it is a cardiac tonic and general health promoter for emaciation and debility.","Madhura, Tikta",Guru,Sheeta,Madhura,"Hridaya, Balya, Brimhaniya","A fermented tonic with Vidari, it is a cardiac tonic and general health promoter for emaciation and debility.; Cardiac; Nutritive; Strengthening","Cardiac, Nutritive, Strengthening","Use with caution in Kapha aggravation, cold conditions, low digestive fire; May aggravate Kapha dosha; avoid in congestion, obesity, lethargy conditions; Consult an Ayurvedic practitioner before use during pregnancy or lactation","Vata, Pitta",Kapha,False,/p/vidaryadyasava.html
Lodhrasva,,,"A fermented preparation of Lodhra, used for gynecological problems, anemia, and urinary disorders.",Kashaya,"Laghu, Ruksha",Sheeta,Katu,"Yonirogahara, Pramehaghna","A fermented preparation of Lodhra, used for gynecological problems, anemia, and urinary disorders.",General Wellness,"Use with caution in Kapha aggravation, cold conditions, low digestive fire; May aggravate Vata dosha; avoid in dry skin, constipation, anxiety conditions; Consult an Ayurvedic practitioner before use during pregnancy or lactation","Pitta, Kapha",Vata,False,/p/lodhrasva.html
Eladi Vati,,,"A tablet with Cardamom, used for cough, cold, sore throat, and bad breath.","Madhura, Katu",Laghu,Sheeta,Madhura,"Kasahara, Deepana","A tablet with Cardamom, used for cough, cold, sore throat, and bad breath.; Digestive; Respiratory","Digestive, Respiratory","Use with caution in Kapha aggravation, cold conditions, low digestive fire; May aggravate Pitta dosha; avoid in burning sensation, ulcers, bleeding disorders; Consult an Ayurvedic practitioner before use during pregnancy or lactation","Kapha, Vata",Pitta,False,/p/eladi-vati.html
Marichyadi Vati,,,"A pungent tablet with Black Pepper, very effective in clearing cough and congestion.",Katu,"Laghu, Tikshna",Ushna,Katu,"Kasahara, Shwasahara","A pungent tablet with Black Pepper, very effective in clearing cough and congestion.; Respiratory",Respiratory,"Use with caution in Pitta aggravation, high acidity, inflammatory conditions; May aggravate Pitta dosha; avoid in burning sensation, ulcers, bleeding disorders; Consult an Ayurvedic practitioner before use during pregnancy or lactation","Kapha, Vata",Pitta,False,/p/marichyadi-vati.html
Gangadhara Churna,,,A classical powder used specifically for diarrhea and dysentery (Atisara and Pravahika).,"Kashaya, Tikta","Laghu, Ruksha",Sheeta,Katu,"Grahi, Stambhana",A classical powder used specifically for diarrhea and dysentery (Atisara and Pravahika).; Digestive; Gynaecological,"Digestive, Gynaecological","Use with caution in Kapha aggravation, cold conditions, low digestive fire; May aggravate Kapha dosha; avoid in congestion, obesity, lethargy conditions; Consult an Ayurvedic practitioner before use during pregnancy or lactation","Vata, Pitta",Kapha,False,/p/gangadhara-churna.html
Dadimadi Ghrita,,,"Medicated ghee with Pomegranate, used during pregnancy for nourishment and to treat anemia.","Madhura, Kashaya",Snigdha,Sheeta,Madhura,"Hridaya, Garbhaposhaka","Cardiac; Medicated ghee with Pomegranate, used during pregnancy for nourishment and to treat anemia.",Cardiac,"Use with caution in Kapha aggravation, cold conditions, low digestive fire; May aggravate Kapha dosha; avoid in congestion, obesity, lethargy conditions; Consult an Ayurvedic practitioner before use during pregnancy or lactation","Vata, Pitta",Kapha,False,/p/dadimadi-ghrita.html
Eranda Paka,,,"A sweet preparation of Castor root, used for Vata disorders like low back pain, sciatica, and arthritis.","Madhura, Katu","Guru, Snigdha",Ushna,Madhura,"Vatahara, Shoolaghna","A sweet preparation of Castor root, used for Vata disorders like low back pain, sciatica, and arthritis.; Analgesic",Analgesic,"Use with caution in Pitta aggravation, high acidity, inflammatory conditions; May aggravate Pitta dosha; avoid in burning sensation, ulcers, bleeding disorders; Consult an Ayurvedic practitioner before use during pregnancy or lactation",Vata,Pitta,False,/p/eranda-paka.html
Manibhadra Guda,,,A jaggery-based formulation used as a laxative and for treating skin diseases and intestinal worms.,"Tikta, Katu",Tikshna,Ushna,Katu,"Virechana, Kushtaghna, Krimighna",A jaggery-based formulation used as a laxative and for treating skin diseases and intestinal worms.; Anti-parasitic; Dermatological; Purgative,"Anti-parasitic, Dermatological, Purgative","Use with caution in Pitta aggravation, high acidity, inflammatory conditions; May aggravate Pitta dosha; avoid in burning sensation, ulcers, bleeding disorders; Consult an Ayurvedic practitioner before use during pregnancy or lactation","Kapha, Vata",Pitta,False,/p/manibhadra-guda.html
Phala Kalyana Ghrita,,,A medicated ghee used in preconception care for both men and women to improve fertility and ensure a healthy progeny.,Madhura,"Guru, Snigdha",Sheeta,Madhura,"Vrishya, Garbhaposhaka",A medicated ghee used in preconception care for both men and women to improve fertility and ensure a healthy progeny.; Reproductive,Reproductive,"Use with caution in Kapha aggravation, cold conditions, low digestive fire; May aggravate Kapha dosha; avoid in congestion, obesity, lethargy conditions; Consult an Ayurvedic practitioner before use during pregnancy or lactation","Vata, Pitta",Kapha,False,/p/phala-kalyana-ghrita.html
Vaikranta Bhasma,,,"Ash of Tourmaline is a potent rejuvenator, similar to diamond ash but more accessible. It enhances strength and vitality.",Madhura,"Laghu, Snigdha",Sheeta,Madhura,"rasayan, Balya, Vrishya","Ash of Tourmaline is a potent rejuvenator, similar to diamond ash but more accessible. It enhances strength and vitality.; Rejuvenation; Reproductive; Strengthening","Rejuvenation, Reproductive, Strengthening","Use with caution in Kapha aggravation, cold conditions, low digestive fire; Consult an Ayurvedic practitioner before use during pregnancy or lactation",tridosha,,True,/p/vaikranta-bhasma.html
Gomeda Bhasma,,,"Ash of Hessonite gem is used to improve digestion, appetite, and pacify the ill effects of Rahu in Vedic astrology.",Amla,"Laghu, Tikshna",Ushna,Amla,"Deepana, Pachana","Ash of Hessonite gem is used to improve digestion, appetite, and pacify the ill effects of Rahu in Vedic astrology.; Digestive",Digestive,"Use with caution in Pitta aggravation, high acidity, inflammatory conditions; May aggravate Pitta dosha; avoid in burning sensation, ulcers, bleeding disorders; Consult an Ayurvedic practitioner before use during pregnancy or lactation","Kapha, Vata",Pitta,False,/p/gomeda-bhasma.html
Neelam Pishti,,,"Paste of Sapphire gem is a powerful Pitta-pacifying agent, used for its cooling and calming effects.",Kashaya,Laghu,Sheeta,Katu,"Dahashamana, Hridaya","Cardiac; Paste of Sapphire gem is a powerful Pitta-pacifying agent, used for its cooling and calming effects.",Cardiac,"Use with caution in Kapha aggravation, cold conditions, low digestive fire; May aggravate Vata dosha; avoid in dry skin, constipation, anxiety conditions; May aggravate Kapha dosha; avoid in congestion, obesity, lethargy conditions; Consult an Ayurvedic practitioner before use during pregnancy or lactation",Pitta,"Vata, Kapha",False,/p/neelam-pishti.html
Panna Pishti,,,"Paste of Emerald gem is a nervine tonic that calms the mind, improves intellect, and pacifies all three doshas.",Madhura,"Laghu, Snigdha",Sheeta,Madhura,"Medhya, Balya","Neurological; Paste of Emerald gem is a nervine tonic that calms the mind, improves intellect, and pacifies all three doshas.; Strengthening","Neurological, Strengthening","Use with caution in Kapha aggravation, cold conditions, low digestive fire; Consult an Ayurvedic practitioner before use during pregnancy or lactation",tridosha,,True,/p/panna-pishti.html
Vajra Bhasma,,,"Ash of purified Diamond, the ultimate rejuvenator (rasayana) for promoting longevity, immunity, and intellect.","Madhura, Kashaya","Laghu, Snigdha",Sheeta,Madhura,"rasayan, Vrishya, Hridaya, Medhya","Ash of purified Diamond, the ultimate rejuvenator (rasayana) for promoting longevity, immunity, and intellect.; Cardiac; Neurological; Rejuvenation; Reproductive","Cardiac, Neurological, Rejuvenation, Reproductive","Use with caution in Kapha aggravation, cold conditions, low digestive fire; Consult an Ayurvedic practitioner before use during pregnancy or lactation",tridosha,,True,/p/vajra-bhasma.html
Kamsya Bhasma,,,"Ash of Bronze is used for intestinal worms, skin diseases, and to improve eyesight.",Tikta,"Laghu, Ruksha",Ushna,Katu,"Krimighna, Kushtaghna, Chakshushya","Anti-parasitic; Ash of Bronze is used for intestinal worms, skin diseases, and to improve eyesight.; Dermatological; Ophthalmological","Anti-parasitic, Dermatological, Ophthalmological","Use with caution in Pitta aggravation, high acidity, inflammatory conditions; May aggravate Vata dosha; avoid in dry skin, constipation, anxiety conditions; Consult an Ayurvedic practitioner before use during pregnancy or lactation","Pitta, Kapha",Vata,False,/p/kamsya-bhasma.html
Arka Ksheera,,,"The latex of the Arka plant is a very potent purgative and is used in minute, purified quantities for severe skin diseases.","Katu, Tikta",Tikshna,Ushna,Katu,"Virechana, Kushtaghna","Dermatological; Purgative; The latex of the Arka plant is a very potent purgative and is used in minute, purified quantities for severe skin diseases.","Dermatological, Purgative","Use with caution in Pitta aggravation, high acidity, inflammatory conditions; May aggravate Pitta dosha; avoid in burning sensation, ulcers, bleeding disorders; Consult an Ayurvedic practitioner before use during pregnancy or lactation","Kapha, Vata",Pitta,False,/p/arka-ksheera.html
Eranda Moola,,,"The root of the Castor plant is a powerful anti-inflammatory and Vata-pacifying herb, used for pain and swelling.",Madhura,"Guru, Snigdha",Ushna,Madhura,"Vatahara, Shothahara","Anti-inflammatory; The root of the Castor plant is a powerful anti-inflammatory and Vata-pacifying herb, used for pain and swelling.",Anti-inflammatory,"Use with caution in Pitta aggravation, high acidity, inflammatory conditions; May aggravate Pitta dosha; avoid in burning sensation, ulcers, bleeding disorders; Consult an Ayurvedic practitioner before use during pregnancy or lactation","Vata, Kapha",Pitta,False,/p/eranda-moola.html
Hingupatri,,,"The leaf of the Asafoetida plant is a digestive stimulant, though less potent than the resin (Hingu).",Katu,Laghu,Ushna,Katu,"Deepana, Pachana","Digestive; The leaf of the Asafoetida plant is a digestive stimulant, though less potent than the resin (Hingu).",Digestive,"Use with caution in Pitta aggravation, high acidity, inflammatory conditions; May aggravate Pitta dosha; avoid in burning sensation, ulcers, bleeding disorders; Consult an Ayurvedic practitioner before use during pregnancy or lactation","Vata, Kapha",Pitta,False,/p/hingupatri.html
Snuhi Ksheera,,,"The latex of Snuhi is an extremely potent purgative, used with great caution in Ayurveda for detoxification.",Katu,"Tikshna, Guru",Ushna,Katu,"Virechana, Lekhana","Metabolic; Purgative; The latex of Snuhi is an extremely potent purgative, used with great caution in Ayurveda for detoxification.","Metabolic, Purgative","Use with caution in Pitta aggravation, high acidity, inflammatory conditions; May aggravate Pitta dosha; avoid in burning sensation, ulcers, bleeding disorders; Consult an Ayurvedic practitioner before use during pregnancy or lactation","Kapha, Vata",Pitta,False,/p/snuhi-ksheera.html
Kushmanda Svarasa,,,"The fresh juice of Ash Gourd is a highly effective brain tonic and coolant, used to calm the mind.",Madhura,"Laghu, Snigdha",Sheeta,Madhura,"Medhya, Dahashamana","Neurological; The fresh juice of Ash Gourd is a highly effective brain tonic and coolant, used to calm the mind.",Neurological,"Use with caution in Kapha aggravation, cold conditions, low digestive fire; May aggravate Kapha dosha; avoid in congestion, obesity, lethargy conditions; Consult an Ayurvedic practitioner before use during pregnancy or lactation","Pitta, Vata",Kapha,False,/p/kushmanda-Svarasa.html
Kshara Parpati,,,An alkaline formulation used as a diuretic and for treating urinary tract disorders and kidney stones.,Lavana,"Laghu, Tikshna",Ushna,Katu,"Mutrala, Ashmaribhedana",An alkaline formulation used as a diuretic and for treating urinary tract disorders and kidney stones.; Urinary,Urinary,"Use with caution in Pitta aggravation, high acidity, inflammatory conditions; May aggravate Pitta dosha; avoid in burning sensation, ulcers, bleeding disorders; Consult an Ayurvedic practitioner before use during pregnancy or lactation","Kapha, Vata",Pitta,False,/p/kshara-parpati.html
Panchamrita Parpati,,,"A herbo-mineral formulation used for malabsorption syndrome, diarrhea, and improving digestive strength.","Madhura, Kashaya","Laghu, Ruksha",Sheeta,Madhura,"Grahi, Deepana","A herbo-mineral formulation used for malabsorption syndrome, diarrhea, and improving digestive strength.; Digestive",Digestive,"Use with caution in Kapha aggravation, cold conditions, low digestive fire; May aggravate Kapha dosha; avoid in congestion, obesity, lethargy conditions; Consult an Ayurvedic practitioner before use during pregnancy or lactation","Vata, Pitta",Kapha,False,/p/panchamrita-parpati.html
Swarna Parpati,,,"A formulation containing Gold, used as a powerful rejuvenative and for treating chronic digestive issues.","Madhura, Tikta",Snigdha,Sheeta,Madhura,"rasayan, Grahi","A formulation containing Gold, used as a powerful rejuvenative and for treating chronic digestive issues.; Digestive; Rejuvenation","Digestive, Rejuvenation","Use with caution in Kapha aggravation, cold conditions, low digestive fire; Consult an Ayurvedic practitioner before use during pregnancy or lactation",tridosha,,True,/p/swarna-parpati.html
Lohasava,,,"An iron-rich fermented tonic used for anemia, swelling, and liver and spleen enlargement.","Kashaya, Tikta","Laghu, Tikshna",Ushna,Katu,"Raktavardhak, Shothahara","An iron-rich fermented tonic used for anemia, swelling, and liver and spleen enlargement.; Anti-inflammatory; Blood Purification","Anti-inflammatory, Blood Purification","Use with caution in Pitta aggravation, high acidity, inflammatory conditions; May aggravate Pitta dosha; avoid in burning sensation, ulcers, bleeding disorders; Consult an Ayurvedic practitioner before use during pregnancy or lactation","Kapha, Vata",Pitta,False,/p/lohasava.html
Punarnavasava,,,"A fermented tonic of Punarnava, it is a powerful diuretic and liver tonic, used for edema and kidney disorders.","Tikta, Kashaya","Laghu, Tikshna",Ushna,Katu,"Mutrala, Shothahara, Yakrituttejaka","A fermented tonic of Punarnava, it is a powerful diuretic and liver tonic, used for edema and kidney disorders.; Anti-inflammatory; Hepatoprotective; Urinary","Anti-inflammatory, Hepatoprotective, Urinary","Use with caution in Pitta aggravation, high acidity, inflammatory conditions; May aggravate Vata dosha; avoid in dry skin, constipation, anxiety conditions; Consult an Ayurvedic practitioner before use during pregnancy or lactation","Kapha, Pitta",Vata,False,/p/punarnavasava.html
Sarivadyasava,,,"A fermented tonic of Sariva, it is a potent blood purifier used for skin diseases, gout, and syphilis.","Madhura, Tikta","Guru, Snigdha",Sheeta,Madhura,"Raktashodhak, Kushtaghna","A fermented tonic of Sariva, it is a potent blood purifier used for skin diseases, gout, and syphilis.; Blood Purification; Dermatological","Blood Purification, Dermatological","Use with caution in Kapha aggravation, cold conditions, low digestive fire; May aggravate Vata dosha; avoid in dry skin, constipation, anxiety conditions; Consult an Ayurvedic practitioner before use during pregnancy or lactation",Pitta,Vata,False,/p/sarivadyasava.html
Ajamodadi Churna,,,"A powder with Ajamoda, it is a specific remedy for joint pain, arthritis, and sciatica.",Katu,"Laghu, Tikshna",Ushna,Katu,"Vatahara, Shoolaghna, Amapachana","A powder with Ajamoda, it is a specific remedy for joint pain, arthritis, and sciatica.; Analgesic",Analgesic,"Use with caution in Pitta aggravation, high acidity, inflammatory conditions; May aggravate Pitta dosha; avoid in burning sensation, ulcers, bleeding disorders; Consult an Ayurvedic practitioner before use during pregnancy or lactation","Vata, Kapha",Pitta,False,/p/ajamodadi-churna.html
Panchakola Churna,,,"A combination of five pungent herbs, it is a powerful appetizer and digestive stimulant.",Katu,"Laghu, Tikshna",Ushna,Katu,"Deepana, Pachana, Shoolaghna","A combination of five pungent herbs, it is a powerful appetizer and digestive stimulant.; Analgesic; Digestive","Analgesic, Digestive","Use with caution in Pitta aggravation, high acidity, inflammatory conditions; May aggravate Pitta dosha; avoid in burning sensation, ulcers, bleeding disorders; Consult an Ayurvedic practitioner before use during pregnancy or lactation","Kapha, Vata",Pitta,False,/p/panchakola-churna.html
Chitrakadi Vati,,,"A tablet with Chitrak as the main ingredient, used to stimulate digestive fire and digest toxins (ama).","Katu, Lavana","Laghu, Ruksha, Tikshna",Ushna,Katu,"Deepana, Pachana, Amapachana","A tablet with Chitrak as the main ingredient, used to stimulate digestive fire and digest toxins (ama).; Digestive",Digestive,"Use with caution in Pitta aggravation, high acidity, inflammatory conditions; May aggravate Pitta dosha; avoid in burning sensation, ulcers, bleeding disorders; Consult an Ayurvedic practitioner before use during pregnancy or lactation","Kapha, Vata",Pitta,False,/p/chitrakadi-vati.html
Lasunadi Vati,,,"A tablet with Garlic as its main ingredient, used for diarrhea, indigestion, and bloating.","Katu, Lavana","Laghu, Snigdha",Ushna,Katu,"Pachana, Vatanulomana","A tablet with Garlic as its main ingredient, used for diarrhea, indigestion, and bloating.; Digestive",Digestive,"Use with caution in Pitta aggravation, high acidity, inflammatory conditions; May aggravate Pitta dosha; avoid in burning sensation, ulcers, bleeding disorders; Consult an Ayurvedic practitioner before use during pregnancy or lactation","Vata, Kapha",Pitta,False,/p/lasunadi-vati.html
Mustakarishta,,,"A fermented decoction of Musta, it is a premier medicine for all types of digestive disturbances like IBS and indigestion.","Tikta, Katu","Laghu, Ruksha",Ushna,Katu,"Deepana, Pachana, Grahi","A fermented decoction of Musta, it is a premier medicine for all types of digestive disturbances like IBS and indigestion.; Digestive",Digestive,"Use with caution in Pitta aggravation, high acidity, inflammatory conditions; May aggravate Vata dosha; avoid in dry skin, constipation, anxiety conditions; Consult an Ayurvedic practitioner before use during pregnancy or lactation","Pitta, Kapha",Vata,False,/p/mustakarishta.html
Rohitakarishta,,,"A fermented formulation of Rohitaka, used primarily for liver and spleen enlargement and related disorders.","Tikta, Kashaya",Laghu,Ushna,Katu,"Yakrituttejaka, Raktashodhak","A fermented formulation of Rohitaka, used primarily for liver and spleen enlargement and related disorders.; Blood Purification; Hepatoprotective","Blood Purification, Hepatoprotective","Use with caution in Pitta aggravation, high acidity, inflammatory conditions; May aggravate Vata dosha; avoid in dry skin, constipation, anxiety conditions; Consult an Ayurvedic practitioner before use during pregnancy or lactation","Pitta, Kapha",Vata,False,/p/rohitakarishta.html
Karpasasthyadi Thailam,,,"A medicated oil with Cotton seed, used for Vata disorders like paralysis, facial palsy, and spondylosis.",Madhura,"Guru, Snigdha",Ushna,Madhura,"Vatahara, Balya","A medicated oil with Cotton seed, used for Vata disorders like paralysis, facial palsy, and spondylosis.; Strengthening",Strengthening,"Use with caution in Pitta aggravation, high acidity, inflammatory conditions; May aggravate Pitta dosha; avoid in burning sensation, ulcers, bleeding disorders; Consult an Ayurvedic practitioner before use during pregnancy or lactation",Vata,Pitta,False,/p/karpasasthyadi-thailam.html
Balaswagandhadi Thailam,,,"A highly nourishing oil combining Bala and Ashwagandha, used to build muscle mass, strengthen nerves, and for rejuvenation.","Madhura, Tikta","Guru, Snigdha",Ushna,Madhura,"rasayan, Balya, Brimhaniya","A highly nourishing oil combining Bala and Ashwagandha, used to build muscle mass, strengthen nerves, and for rejuvenation.; Nutritive; Rejuvenation; Strengthening","Nutritive, Rejuvenation, Strengthening","Use with caution in Pitta aggravation, high acidity, inflammatory conditions; May aggravate Pitta dosha; avoid in burning sensation, ulcers, bleeding disorders; May aggravate Kapha dosha; avoid in congestion, obesity, lethargy conditions; Consult an Ayurvedic practitioner before use during pregnancy or lactation",Vata,"Pitta, Kapha",False,/p/balaswagandhadi-thailam.html
Adhaki,,,Pigeon Pea (Tur Dal) is a common lentil that is light to digest and pacifies Kapha and Pitta.,"Madhura, Kashaya","Laghu, Ruksha",Sheeta,Katu,"Grahi, Lekhana",Digestive; Metabolic; Pigeon Pea (Tur Dal) is a common lentil that is light to digest and pacifies Kapha and Pitta.,"Digestive, Metabolic","Use with caution in Kapha aggravation, cold conditions, low digestive fire; May aggravate Vata dosha; avoid in dry skin, constipation, anxiety conditions; Consult an Ayurvedic practitioner before use during pregnancy or lactation","Kapha, Pitta",Vata,False,/p/adhaki.html
Bakula,,,"Mimusops elengi is an astringent herb, its bark and flowers are used for dental health and to stop bleeding.",Kashaya,Guru,Sheeta,Katu,"Grahi, Raktastambhana","Digestive; Mimusops elengi is an astringent herb, its bark and flowers are used for dental health and to stop bleeding.",Digestive,"Use with caution in Kapha aggravation, cold conditions, low digestive fire; May aggravate Vata dosha; avoid in dry skin, constipation, anxiety conditions; Consult an Ayurvedic practitioner before use during pregnancy or lactation","Pitta, Kapha",Vata,False,/p/bakula.html
Bhurja,,,The Himalayan Birch tree's bark was used as paper and is medicinally used for its anti-toxic properties.,Kashaya,Laghu,Ushna,Katu,"Vishaghna, Kushtaghna",Anti-toxic; Dermatological; The Himalayan Birch tree's bark was used as paper and is medicinally used for its anti-toxic properties.,"Anti-toxic, Dermatological","Use with caution in Pitta aggravation, high acidity, inflammatory conditions; May aggravate Pitta dosha; avoid in burning sensation, ulcers, bleeding disorders; May aggravate Vata dosha; avoid in dry skin, constipation, anxiety conditions; Consult an Ayurvedic practitioner before use during pregnancy or lactation",Kapha,"Pitta, Vata",False,/p/bhurja.html
Bijapura,,,Citron fruit is a variety of lemon used to stimulate digestion and as a heart tonic.,Amla,"Laghu, Snigdha",Ushna,Madhura,"Deepana, Hridaya",Cardiac; Citron fruit is a variety of lemon used to stimulate digestion and as a heart tonic.; Digestive,"Cardiac, Digestive","Use with caution in Pitta aggravation, high acidity, inflammatory conditions; May aggravate Kapha dosha; avoid in congestion, obesity, lethargy conditions; Consult an Ayurvedic practitioner before use during pregnancy or lactation","Vata, Pitta",Kapha,False,/p/bijapura.html
Kasturi,,,"Musk is a rare animal product used as a powerful cardiac stimulant, aphrodisiac, and for respiratory distress.","Katu, Tikta","Laghu, Tikshna",Ushna,Katu,"Hridaya, Vrishya, Shwasahara","Cardiac; Musk is a rare animal product used as a powerful cardiac stimulant, aphrodisiac, and for respiratory distress.; Reproductive; Respiratory","Cardiac, Reproductive, Respiratory","Use with caution in Pitta aggravation, high acidity, inflammatory conditions; May aggravate Pitta dosha; avoid in burning sensation, ulcers, bleeding disorders; Consult an Ayurvedic practitioner before use during pregnancy or lactation","Vata, Kapha",Pitta,False,/p/kasturi.html
Navaratna Raja Mriganka rasa,,,"A complex herbo-mineral formulation with gems and metals, used for chronic Vata diseases and tuberculosis.",Madhura,Guru,Ushna,Madhura,"rasayan, Balya","A complex herbo-mineral formulation with gems and metals, used for chronic Vata diseases and tuberculosis.; Rejuvenation; Strengthening","Rejuvenation, Strengthening","Use with caution in Pitta aggravation, high acidity, inflammatory conditions; May aggravate Pitta dosha; avoid in burning sensation, ulcers, bleeding disorders; Consult an Ayurvedic practitioner before use during pregnancy or lactation",Vata,Pitta,False,/p/navaratna-raja-Mriganka-rasa.html
Prabhakar Vati,,,A classical tablet formulation that acts as a potent cardiotonic and general strength promoter.,"Madhura, Kashaya",Guru,Sheeta,Madhura,"Hridaya, Balya",A classical tablet formulation that acts as a potent cardiotonic and general strength promoter.; Cardiac; Strengthening,"Cardiac, Strengthening","Use with caution in Kapha aggravation, cold conditions, low digestive fire; May aggravate Kapha dosha; avoid in congestion, obesity, lethargy conditions; Consult an Ayurvedic practitioner before use during pregnancy or lactation","Pitta, Vata",Kapha,False,/p/prabhakar-vati.html
Panchagavya Ghrita,,,"A medicated ghee made from five products of the cow, used for neurological and psychological disorders.","Tikta, Kashaya","Guru, Snigdha",Ushna,Katu,"Medhya, Jwaraghna","A medicated ghee made from five products of the cow, used for neurological and psychological disorders.; Anti-pyretic; Neurological","Anti-pyretic, Neurological","Use with caution in Pitta aggravation, high acidity, inflammatory conditions; May aggravate Kapha dosha; avoid in congestion, obesity, lethargy conditions; Consult an Ayurvedic practitioner before use during pregnancy or lactation","Vata, Pitta",Kapha,False,/p/panchagavya-ghrita.html
Amritaprasha Ghrita,,,"A nourishing medicated ghee used as a powerful rejuvenative, aphrodisiac, and for preventing premature aging.",Madhura,"Guru, Snigdha",Sheeta,Madhura,"rasayan, Vrishya, Balya","A nourishing medicated ghee used as a powerful rejuvenative, aphrodisiac, and for preventing premature aging.; Rejuvenation; Reproductive; Strengthening","Rejuvenation, Reproductive, Strengthening","Use with caution in Kapha aggravation, cold conditions, low digestive fire; May aggravate Kapha dosha; avoid in congestion, obesity, lethargy conditions; Consult an Ayurvedic practitioner before use during pregnancy or lactation","Vata, Pitta",Kapha,False,/p/amritaprasha-ghrita.html
Varanadi Ghritam,,,"A medicated ghee that is scraping in nature, used for obesity, high cholesterol, and internal abscesses.","Tikta, Kashaya","Laghu, Ruksha",Ushna,Katu,"Lekhana, Medohara","A medicated ghee that is scraping in nature, used for obesity, high cholesterol, and internal abscesses.; Metabolic",Metabolic,"Use with caution in Pitta aggravation, high acidity, inflammatory conditions; May aggravate Pitta dosha; avoid in burning sensation, ulcers, bleeding disorders; May aggravate Vata dosha; avoid in dry skin, constipation, anxiety conditions; Consult an Ayurvedic practitioner before use during pregnancy or lactation",Kapha,"Pitta, Vata",False,/p/varanadi-ghritam.html
Navakarshika Churna,,,A classical powder for purifying blood and treating skin diseases and gout.,"Tikta, Kashaya","Laghu, Ruksha",Sheeta,Katu,"Raktashodhak, Kushtaghna",A classical powder for purifying blood and treating skin diseases and gout.; Blood Purification; Dermatological,"Blood Purification, Dermatological","Use with caution in Kapha aggravation, cold conditions, low digestive fire; May aggravate Kapha dosha; avoid in congestion, obesity, lethargy conditions; Consult an Ayurvedic practitioner before use during pregnancy or lactation","Pitta, Vata",Kapha,False,/p/navakarshika-churna.html
Badama Taila,,,"Almond Oil is a highly nourishing Vata-pacifying oil, used as a brain tonic and for skin and hair health.",Madhura,"Guru, Snigdha",Ushna,Madhura,"Medhya, Balya, Keshya","Almond Oil is a highly nourishing Vata-pacifying oil, used as a brain tonic and for skin and hair health.; Neurological; Strengthening","Neurological, Strengthening","Use with caution in Pitta aggravation, high acidity, inflammatory conditions; May aggravate Pitta dosha; avoid in burning sensation, ulcers, bleeding disorders; May aggravate Kapha dosha; avoid in congestion, obesity, lethargy conditions; Consult an Ayurvedic practitioner before use during pregnancy or lactation",Vata,"Pitta, Kapha",False,/p/badama-taila.html
Navaneeta,,,"Fresh Butter is cooling and nourishing, excellent for pacifying Pitta and Vata, and for digestive ulcers.",Madhura,Snigdha,Sheeta,Madhura,"Balya, Chakshushya","Fresh Butter is cooling and nourishing, excellent for pacifying Pitta and Vata, and for digestive ulcers.; Ophthalmological; Strengthening","Ophthalmological, Strengthening","Use with caution in Kapha aggravation, cold conditions, low digestive fire; May aggravate Kapha dosha; avoid in congestion, obesity, lethargy conditions; Consult an Ayurvedic practitioner before use during pregnancy or lactation","Pitta, Vata",Kapha,False,/p/navaneeta.html
Matsyakshi,,,Alternanthera sessilis is a cooling herb used as a diuretic and for skin diseases.,"Tikta, Madhura",Laghu,Sheeta,Madhura,"Mutrala, Kushtaghna",Alternanthera sessilis is a cooling herb used as a diuretic and for skin diseases.; Dermatological; Urinary,"Dermatological, Urinary","Use with caution in Kapha aggravation, cold conditions, low digestive fire; May aggravate Vata dosha; avoid in dry skin, constipation, anxiety conditions; May aggravate Kapha dosha; avoid in congestion, obesity, lethargy conditions; Consult an Ayurvedic practitioner before use during pregnancy or lactation",Pitta,"Vata, Kapha",False,/p/matsyakshi.html
Mayurashikha,,,Actiniopteris radiata is used in Ayurveda for its styptic (bleeding-stopping) and anti-diarrheal properties.,"Kashaya, Tikta","Laghu, Ruksha",Sheeta,Katu,"Grahi, Raktastambhana",Actiniopteris radiata is used in Ayurveda for its styptic (bleeding-stopping) and anti-diarrheal properties.; Digestive,Digestive,"Use with caution in Kapha aggravation, cold conditions, low digestive fire; May aggravate Vata dosha; avoid in dry skin, constipation, anxiety conditions; Consult an Ayurvedic practitioner before use during pregnancy or lactation","Pitta, Kapha",Vata,False,/p/mayurashikha.html
Nagadanti,,,Heliotropium indicum is an anti-inflammatory and wound-healing herb used for skin ulcers and insect bites.,Tikta,"Laghu, Ruksha",Sheeta,Katu,"Vranaropana, Shothahara",Anti-inflammatory; Heliotropium indicum is an anti-inflammatory and wound-healing herb used for skin ulcers and insect bites.,Anti-inflammatory,"Use with caution in Kapha aggravation, cold conditions, low digestive fire; May aggravate Vata dosha; avoid in dry skin, constipation, anxiety conditions; Consult an Ayurvedic practitioner before use during pregnancy or lactation","Pitta, Kapha",Vata,False,/p/nagadanti.html
Nikochaka,,,"Pistachio nuts are nourishing and strength-promoting, helping to pacify vata dosha.",Madhura,"Guru, Snigdha",Ushna,Madhura,"Balya, Vrishya","Pistachio nuts are nourishing and strength-promoting, helping to pacify vata dosha.; Reproductive; Strengthening","Reproductive, Strengthening","Use with caution in Pitta aggravation, high acidity, inflammatory conditions; May aggravate Pitta dosha; avoid in burning sensation, ulcers, bleeding disorders; May aggravate Kapha dosha; avoid in congestion, obesity, lethargy conditions; Consult an Ayurvedic practitioner before use during pregnancy or lactation",Vata,"Pitta, Kapha",False,/p/nikochaka.html
Rajamasha,,,"Kidney bean is heavy and difficult to digest, increasing Vata. It is generally not recommended in large quantities.","Madhura, Kashaya","Guru, Ruksha",Sheeta,Katu,Vatahara,"Kidney bean is heavy and difficult to digest, increasing Vata. It is generally not recommended in large quantities.",General Wellness,"Use with caution in Kapha aggravation, cold conditions, low digestive fire; May aggravate Pitta dosha; avoid in burning sensation, ulcers, bleeding disorders; May aggravate Vata dosha; avoid in dry skin, constipation, anxiety conditions; May aggravate Kapha dosha; avoid in congestion, obesity, lethargy conditions; Consult an Ayurvedic practitioner before use during pregnancy or lactation",,"Vata, Pitta, Kapha",False,/p/rajamasha.html
Sarpaksi,,,Ophiorrhiza mungos is a traditional antidote for snake venom and is used to treat toxicity.,Tikta,"Laghu, Ruksha",Sheeta,Katu,"Vishaghna, Jwaraghna",Anti-pyretic; Anti-toxic; Ophiorrhiza mungos is a traditional antidote for snake venom and is used to treat toxicity.,"Anti-pyretic, Anti-toxic","Use with caution in Kapha aggravation, cold conditions, low digestive fire; May aggravate Vata dosha; avoid in dry skin, constipation, anxiety conditions; Consult an Ayurvedic practitioner before use during pregnancy or lactation","Pitta, Kapha",Vata,False,/p/sarpaksi.html
Satina,,,Pea is a common vegetable that is cooling but can increase Vata due to its dry and light qualities.,"Madhura, Kashaya","Laghu, Ruksha",Sheeta,Madhura,Balya,Pea is a common vegetable that is cooling but can increase Vata due to its dry and light qualities.; Strengthening,Strengthening,"Use with caution in Kapha aggravation, cold conditions, low digestive fire; May aggravate Vata dosha; avoid in dry skin, constipation, anxiety conditions; Consult an Ayurvedic practitioner before use during pregnancy or lactation","Pitta, Kapha",Vata,False,/p/satina.html
Svetamarica,,,"White Pepper is more heating and potent than black pepper, used to clear deep-seated Kapha from the system.",Katu,"Laghu, Tikshna",Ushna,Katu,"Deepana, Lekhana","Digestive; Metabolic; White Pepper is more heating and potent than black pepper, used to clear deep-seated Kapha from the system.","Digestive, Metabolic","Use with caution in Pitta aggravation, high acidity, inflammatory conditions; May aggravate Pitta dosha; avoid in burning sensation, ulcers, bleeding disorders; Consult an Ayurvedic practitioner before use during pregnancy or lactation","Kapha, Vata",Pitta,False,/p/svetamarica.html
Upodika,,,"Basella alba (Malabar Spinach) is a nourishing, demulcent green that soothes the digestive tract.",Madhura,"Guru, Snigdha",Sheeta,Madhura,"Balya, Brimhaniya","Basella alba (Malabar Spinach) is a nourishing, demulcent green that soothes the digestive tract.; Nutritive; Strengthening","Nutritive, Strengthening","Use with caution in Kapha aggravation, cold conditions, low digestive fire; May aggravate Kapha dosha; avoid in congestion, obesity, lethargy conditions; Consult an Ayurvedic practitioner before use during pregnancy or lactation","Vata, Pitta",Kapha,False,/p/upodika.html
Mastu,,,"Whey is the liquid remaining after curdling milk. It is light, easy to digest, and clears the channels.","Kashaya, Amla",Laghu,Ushna,Madhura,"Deepana, Lekhana","Digestive; Metabolic; Whey is the liquid remaining after curdling milk. It is light, easy to digest, and clears the channels.","Digestive, Metabolic","Use with caution in Pitta aggravation, high acidity, inflammatory conditions; May aggravate Pitta dosha; avoid in burning sensation, ulcers, bleeding disorders; Consult an Ayurvedic practitioner before use during pregnancy or lactation","Vata, Kapha",Pitta,False,/p/mastu.html
Pippali Khanda,,,"A sweet preparation of Pippali, used for chronic cough, cold, and digestive weakness.","Madhura, Katu","Guru, Snigdha",Ushna,Madhura,"Kasahara, Deepana","A sweet preparation of Pippali, used for chronic cough, cold, and digestive weakness.; Digestive; Respiratory","Digestive, Respiratory","Use with caution in Pitta aggravation, high acidity, inflammatory conditions; May aggravate Pitta dosha; avoid in burning sensation, ulcers, bleeding disorders; Consult an Ayurvedic practitioner before use during pregnancy or lactation","Vata, Kapha",Pitta,False,/p/pippali-khanda.html
Sita,,,"Rock sugar or sugar candy (Mishri) is cooling and pacifies Pitta, unlike processed white sugar.",Madhura,"Guru, Snigdha",Sheeta,Madhura,"Balya, Vrishya","Reproductive; Rock sugar or sugar candy (Mishri) is cooling and pacifies Pitta, unlike processed white sugar.; Strengthening","Reproductive, Strengthening","Use with caution in Kapha aggravation, cold conditions, low digestive fire; May aggravate Kapha dosha; avoid in congestion, obesity, lethargy conditions; Consult an Ayurvedic practitioner before use during pregnancy or lactation","Vata, Pitta",Kapha,False,/p/sita.html
Kanchanara Guggulu,,,"A classical formulation with Kanchanar and Guggulu, specifically used for thyroid imbalances and glandular swellings.","Kashaya, Tikta","Laghu, Ruksha",Ushna,Katu,"Lekhana, Shothahara, Galaganda","A classical formulation with Kanchanar and Guggulu, specifically used for thyroid imbalances and glandular swellings.; Anti-inflammatory; Metabolic","Anti-inflammatory, Metabolic","Use with caution in Pitta aggravation, high acidity, inflammatory conditions; May aggravate Pitta dosha; avoid in burning sensation, ulcers, bleeding disorders; May aggravate Vata dosha; avoid in dry skin, constipation, anxiety conditions; Consult an Ayurvedic practitioner before use during pregnancy or lactation",Kapha,"Pitta, Vata",False,/p/kanchanara-guggulu.html
Mahasudarshan Churna,,,"A highly bitter powder of many herbs, it is one of the foremost remedies for all types of fevers and for detoxifying the liver.",Tikta,"Laghu, Ruksha",Sheeta,Katu,"Jwaraghna, Yakrituttejaka, Amapachana","A highly bitter powder of many herbs, it is one of the foremost remedies for all types of fevers and for detoxifying the liver.; Anti-pyretic; Hepatoprotective","Anti-pyretic, Hepatoprotective","Use with caution in Kapha aggravation, cold conditions, low digestive fire; May aggravate Vata dosha; avoid in dry skin, constipation, anxiety conditions; Consult an Ayurvedic practitioner before use during pregnancy or lactation","Pitta, Kapha",Vata,False,/p/mahasudarshan-churna.html
Sitopalasav,,,"A fermented liquid form of Sitopaladi, used for chronic respiratory ailments and to build strength.",Madhura,Snigdha,Sheeta,Madhura,"Kasahara, Balya","A fermented liquid form of Sitopaladi, used for chronic respiratory ailments and to build strength.; Respiratory; Strengthening","Respiratory, Strengthening","Use with caution in Kapha aggravation, cold conditions, low digestive fire; May aggravate Vata dosha; avoid in dry skin, constipation, anxiety conditions; Consult an Ayurvedic practitioner before use during pregnancy or lactation","Pitta, Kapha",Vata,False,/p/sitopalasav.html
Shadbindu Taila,,,"A classical oil for Nasya (nasal administration) used to treat sinusitis, headache, and hair fall.","Katu, Tikta","Snigdha, Tikshna",Ushna,Katu,"Vatahara, Keshya","A classical oil for Nasya (nasal administration) used to treat sinusitis, headache, and hair fall.",General Wellness,"Use with caution in Pitta aggravation, high acidity, inflammatory conditions; May aggravate Pitta dosha; avoid in burning sensation, ulcers, bleeding disorders; Consult an Ayurvedic practitioner before use during pregnancy or lactation","Vata, Kapha",Pitta,False,/p/shadbindu-taila.html
Jatyadi Taila,,,"A medicated oil with Jasmine (Jati), renowned for its remarkable wound-healing properties, for both internal and external wounds.","Tikta, Kashaya",Snigdha,Sheeta,Katu,"Vranaropana, Raktashodhak","A medicated oil with Jasmine (Jati), renowned for its remarkable wound-healing properties, for both internal and external wounds.; Blood Purification",Blood Purification,"Use with caution in Kapha aggravation, cold conditions, low digestive fire; May aggravate Vata dosha; avoid in dry skin, constipation, anxiety conditions; Consult an Ayurvedic practitioner before use during pregnancy or lactation","Pitta, Kapha",Vata,False,/p/jatyadi-taila.html
Nimbadi Churna,,,"A powder with Neem as the main ingredient, used for purifying the blood and treating skin diseases like eczema and acne.",Tikta,"Laghu, Ruksha",Sheeta,Katu,"Kushtaghna, Raktashodhak","A powder with Neem as the main ingredient, used for purifying the blood and treating skin diseases like eczema and acne.; Blood Purification; Dermatological","Blood Purification, Dermatological","Use with caution in Kapha aggravation, cold conditions, low digestive fire; May aggravate Vata dosha; avoid in dry skin, constipation, anxiety conditions; Consult an Ayurvedic practitioner before use during pregnancy or lactation","Pitta, Kapha",Vata,False,/p/nimbadi-churna.html
Saptala,,,"Acacia concinna (Shikakai) is a famous natural cleanser for hair, promoting growth and preventing dandruff.","Tikta, Kashaya","Laghu, Ruksha",Sheeta,Katu,"Keshya, Kushtaghna","Acacia concinna (Shikakai) is a famous natural cleanser for hair, promoting growth and preventing dandruff.; Dermatological",Dermatological,"Use with caution in Kapha aggravation, cold conditions, low digestive fire; May aggravate Vata dosha; avoid in dry skin, constipation, anxiety conditions; Consult an Ayurvedic practitioner before use during pregnancy or lactation","Kapha, Pitta",Vata,False,/p/saptala.html
Suranjana,,,"Colchicum luteum is a specific remedy for gout and rheumatic arthritis, but should be used with caution.","Tikta, Katu","Laghu, Tikshna",Ushna,Katu,"Vatahara, Shoolaghna","Analgesic; Colchicum luteum is a specific remedy for gout and rheumatic arthritis, but should be used with caution.",Analgesic,"Use with caution in Pitta aggravation, high acidity, inflammatory conditions; May aggravate Pitta dosha; avoid in burning sensation, ulcers, bleeding disorders; Consult an Ayurvedic practitioner before use during pregnancy or lactation","Vata, Kapha",Pitta,False,/p/suranjana.html
Panchavalkala Kwath,,,"A decoction of five astringent barks, used as an antiseptic wash for wounds and skin diseases.",Kashaya,Ruksha,Sheeta,Katu,"Vranaropana, Grahi","A decoction of five astringent barks, used as an antiseptic wash for wounds and skin diseases.; Digestive",Digestive,"Use with caution in Kapha aggravation, cold conditions, low digestive fire; May aggravate Vata dosha; avoid in dry skin, constipation, anxiety conditions; Consult an Ayurvedic practitioner before use during pregnancy or lactation","Pitta, Kapha",Vata,False,/p/panchavalkala-kwath.html
Rasnadi Kwath,,,"A simple decoction with Rasna as the main herb, used for all types of Vata disorders, especially joint pain.",Tikta,Guru,Ushna,Katu,"Vatahara, Shoolaghna","A simple decoction with Rasna as the main herb, used for all types of Vata disorders, especially joint pain.; Analgesic",Analgesic,"Use with caution in Pitta aggravation, high acidity, inflammatory conditions; May aggravate Pitta dosha; avoid in burning sensation, ulcers, bleeding disorders; Consult an Ayurvedic practitioner before use during pregnancy or lactation",Vata,Pitta,False,/p/rasnadi-kwath.html
Rasnairandadi Kwath,,,"A famous formulation with Rasna and Eranda, used for lower back pain, sciatica, and arthritis.","Tikta, Madhura",Guru,Ushna,Madhura,"Vatahara, Shoolaghna, Amapachana","A famous formulation with Rasna and Eranda, used for lower back pain, sciatica, and arthritis.; Analgesic",Analgesic,"Use with caution in Pitta aggravation, high acidity, inflammatory conditions; May aggravate Pitta dosha; avoid in burning sensation, ulcers, bleeding disorders; Consult an Ayurvedic practitioner before use during pregnancy or lactation",Vata,Pitta,False,/p/rasnairandadi-kwath.html
Shankha Vati,,,"A classical tablet for severe indigestion, acid reflux, and abdominal gas. It is a fast-acting carminative.","Lavana, Amla","Laghu, Tikshna",Ushna,Katu,"Deepana, Pachana, Shoolaghna","A classical tablet for severe indigestion, acid reflux, and abdominal gas. It is a fast-acting carminative.; Analgesic; Digestive","Analgesic, Digestive","Use with caution in Pitta aggravation, high acidity, inflammatory conditions; May aggravate Kapha dosha; avoid in congestion, obesity, lethargy conditions; Consult an Ayurvedic practitioner before use during pregnancy or lactation","Vata, Pitta",Kapha,False,/p/shankha-vati.html
Shothari Loha,,,An iron-based formulation used specifically for treating swelling (Shotha) and anemia.,Tikta,Ruksha,Ushna,Katu,"Shothahara, Raktavardhak",An iron-based formulation used specifically for treating swelling (Shotha) and anemia.; Anti-inflammatory; Blood Purification,"Anti-inflammatory, Blood Purification","Use with caution in Pitta aggravation, high acidity, inflammatory conditions; May aggravate Vata dosha; avoid in dry skin, constipation, anxiety conditions; Consult an Ayurvedic practitioner before use during pregnancy or lactation","Pitta, Kapha",Vata,False,/p/shothari-loha.html
Siddha Makardhwaj,,,"A highly potent herbo-mineral formulation with gold, used as a supreme rejuvenator and aphrodisiac.",Madhura,Snigdha,Ushna,Madhura,"rasayan, Vrishya, Hridaya","A highly potent herbo-mineral formulation with gold, used as a supreme rejuvenator and aphrodisiac.; Cardiac; Rejuvenation; Reproductive","Cardiac, Rejuvenation, Reproductive","Use with caution in Pitta aggravation, high acidity, inflammatory conditions; May aggravate Pitta dosha; avoid in burning sensation, ulcers, bleeding disorders; Consult an Ayurvedic practitioner before use during pregnancy or lactation","Vata, Kapha",Pitta,False,/p/siddha-makardhwaj.html
Srikhandasava,,,"A fermented tonic with Sandalwood, used to pacify Pitta and treat conditions related to alcoholism.","Tikta, Madhura",Laghu,Sheeta,Madhura,"Dahashamana, Hridaya","A fermented tonic with Sandalwood, used to pacify Pitta and treat conditions related to alcoholism.; Cardiac",Cardiac,"Use with caution in Kapha aggravation, cold conditions, low digestive fire; May aggravate Vata dosha; avoid in dry skin, constipation, anxiety conditions; May aggravate Kapha dosha; avoid in congestion, obesity, lethargy conditions; Consult an Ayurvedic practitioner before use during pregnancy or lactation",Pitta,"Vata, Kapha",False,/p/srikhandasava.html
Sukumara Kashayam,,,"A decoction form of Sukumaram Ghritam, used for gynecological issues, hernia, and digestive health.","Tikta, Madhura",Laghu,Ushna,Madhura,"Vatahara, Yonirogahara","A decoction form of Sukumaram Ghritam, used for gynecological issues, hernia, and digestive health.",General Wellness,"Use with caution in Pitta aggravation, high acidity, inflammatory conditions; May aggravate Kapha dosha; avoid in congestion, obesity, lethargy conditions; Consult an Ayurvedic practitioner before use during pregnancy or lactation","Vata, Pitta",Kapha,False,/p/sukumara-kashayam.html
Tumburu,,,"Zanthoxylum armatum (Toothache Tree) is a pungent herb used for oral hygiene, digestive issues, and parasites.","Katu, Tikta","Laghu, Tikshna",Ushna,Katu,"Deepana, Krimighna, Shoolaghna","Analgesic; Anti-parasitic; Digestive; Zanthoxylum armatum (Toothache Tree) is a pungent herb used for oral hygiene, digestive issues, and parasites.","Analgesic, Anti-parasitic, Digestive","Use with caution in Pitta aggravation, high acidity, inflammatory conditions; May aggravate Pitta dosha; avoid in burning sensation, ulcers, bleeding disorders; Consult an Ayurvedic practitioner before use during pregnancy or lactation","Kapha, Vata",Pitta,False,/p/tumburu.html
Varunadi Kwath,,,"A classical decoction with Varuna, used for urinary calculi, obesity, and other Kapha disorders.","Tikta, Kashaya","Laghu, Ruksha",Ushna,Katu,"Lekhana, Ashmaribhedana","A classical decoction with Varuna, used for urinary calculi, obesity, and other Kapha disorders.; Metabolic",Metabolic,"Use with caution in Pitta aggravation, high acidity, inflammatory conditions; May aggravate Pitta dosha; avoid in burning sensation, ulcers, bleeding disorders; May aggravate Vata dosha; avoid in dry skin, constipation, anxiety conditions; Consult an Ayurvedic practitioner before use during pregnancy or lactation",Kapha,"Pitta, Vata",False,/p/varunadi-kwath.html
Vidangarishta,,,"A fermented tonic with Vidanga, it is the foremost remedy for all types of intestinal worms and parasites.","Katu, Kashaya","Laghu, Tikshna",Ushna,Katu,"Krimighna, Deepana","A fermented tonic with Vidanga, it is the foremost remedy for all types of intestinal worms and parasites.; Anti-parasitic; Digestive","Anti-parasitic, Digestive","Use with caution in Pitta aggravation, high acidity, inflammatory conditions; May aggravate Pitta dosha; avoid in burning sensation, ulcers, bleeding disorders; Consult an Ayurvedic practitioner before use during pregnancy or lactation","Kapha, Vata",Pitta,False,/p/vidangarishta.html
Vidaryadi Ghrita,,,"A nourishing medicated ghee with Vidari, used for emaciation, debility, and as a general body tonic.",Madhura,"Guru, Snigdha",Sheeta,Madhura,"Brimhaniya, Balya","A nourishing medicated ghee with Vidari, used for emaciation, debility, and as a general body tonic.; Nutritive; Strengthening","Nutritive, Strengthening","Use with caution in Kapha aggravation, cold conditions, low digestive fire; May aggravate Kapha dosha; avoid in congestion, obesity, lethargy conditions; Consult an Ayurvedic practitioner before use during pregnancy or lactation","Vata, Pitta",Kapha,False,/p/vidaryadi-ghrita.html
Vidaryadi Kashayam,,,"A decoction of Vidari and other herbs, used as a cardiac tonic and for post-illness recovery.",Madhura,Guru,Sheeta,Madhura,"Hridaya, Balya","A decoction of Vidari and other herbs, used as a cardiac tonic and for post-illness recovery.; Cardiac; Strengthening","Cardiac, Strengthening","Use with caution in Kapha aggravation, cold conditions, low digestive fire; May aggravate Kapha dosha; avoid in congestion, obesity, lethargy conditions; Consult an Ayurvedic practitioner before use during pregnancy or lactation","Vata, Pitta",Kapha,False,/p/vidaryadi-kashayam.html
Agnitundi Vati,,,"A potent tablet with purified Kupilu (Nux-vomica), used to ignite digestive fire in cases of severe indigestion.","Katu, Tikta","Laghu, Tikshna",Ushna,Katu,"Deepana, Pachana","A potent tablet with purified Kupilu (Nux-vomica), used to ignite digestive fire in cases of severe indigestion.; Digestive",Digestive,"Use with caution in Pitta aggravation, high acidity, inflammatory conditions; May aggravate Pitta dosha; avoid in burning sensation, ulcers, bleeding disorders; Consult an Ayurvedic practitioner before use during pregnancy or lactation","Vata, Kapha",Pitta,False,/p/agnitundi-vati.html
Drakshadi Kashayam,,,"A cooling decoction with Grapes, used for hangovers, fever, and Pitta-related imbalances.",Madhura,Snigdha,Sheeta,Madhura,"Jwaraghna, Dahashamana","A cooling decoction with Grapes, used for hangovers, fever, and Pitta-related imbalances.; Anti-pyretic",Anti-pyretic,"Use with caution in Kapha aggravation, cold conditions, low digestive fire; May aggravate Kapha dosha; avoid in congestion, obesity, lethargy conditions; Consult an Ayurvedic practitioner before use during pregnancy or lactation","Vata, Pitta",Kapha,False,/p/drakshadi-kashayam.html
Rajapravartini Vati,,,A formulation used to induce and regulate menstrual flow in cases of amenorrhea and dysmenorrhea.,"Katu, Tikta",Tikshna,Ushna,Katu,"Yonirogahara, Artavajanana",A formulation used to induce and regulate menstrual flow in cases of amenorrhea and dysmenorrhea.,General Wellness,"Use with caution in Pitta aggravation, high acidity, inflammatory conditions; May aggravate Pitta dosha; avoid in burning sensation, ulcers, bleeding disorders; Consult an Ayurvedic practitioner before use during pregnancy or lactation","Kapha, Vata",Pitta,False,/p/rajapravartini-vati.html
Shringyadi Churna,,,"A classical powder with Karkatashringi, used specifically for cough, cold, and fever in children.","Kashaya, Tikta",Laghu,Ushna,Katu,"Kasahara, Jwaraghna","A classical powder with Karkatashringi, used specifically for cough, cold, and fever in children.; Anti-pyretic; Respiratory","Anti-pyretic, Respiratory","Use with caution in Pitta aggravation, high acidity, inflammatory conditions; May aggravate Pitta dosha; avoid in burning sensation, ulcers, bleeding disorders; Consult an Ayurvedic practitioner before use during pregnancy or lactation","Vata, Kapha",Pitta,False,/p/shringyadi-churna.html
Danti Moola,,,The root of Danti is the primary part used as a strong purgative in Ayurveda.,Katu,"Tikshna, Laghu",Ushna,Katu,Virechana,Purgative; The root of Danti is the primary part used as a strong purgative in Ayurveda.,Purgative,"Use with caution in Pitta aggravation, high acidity, inflammatory conditions; May aggravate Pitta dosha; avoid in burning sensation, ulcers, bleeding disorders; Consult an Ayurvedic practitioner before use during pregnancy or lactation","Kapha, Vata",Pitta,False,/p/danti-moola.html
Alarka,,,"Calotropis procera is a white-flowered variety of Arka, sharing its potent purgative and skin-healing properties.","Katu, Tikta","Laghu, Tikshna",Ushna,Katu,"Kushtaghna, Virechana","Calotropis procera is a white-flowered variety of Arka, sharing its potent purgative and skin-healing properties.; Dermatological; Purgative","Dermatological, Purgative","Use with caution in Pitta aggravation, high acidity, inflammatory conditions; May aggravate Pitta dosha; avoid in burning sensation, ulcers, bleeding disorders; Consult an Ayurvedic practitioner before use during pregnancy or lactation","Vata, Kapha",Pitta,False,/p/alarka.html
Eranda Patra,,,The leaf of the Castor plant is used externally as a poultice to relieve pain and swelling in joints.,"Madhura, Katu",Snigdha,Ushna,Madhura,"Vedanasthapana, Shothahara",Analgesic; Anti-inflammatory; The leaf of the Castor plant is used externally as a poultice to relieve pain and swelling in joints.,"Analgesic, Anti-inflammatory","Use with caution in Pitta aggravation, high acidity, inflammatory conditions; May aggravate Pitta dosha; avoid in burning sensation, ulcers, bleeding disorders; Consult an Ayurvedic practitioner before use during pregnancy or lactation",Vata,Pitta,False,/p/eranda-patra.html
Gambhari Phala,,,"The fruit of Gambhari is a cooling, nourishing tonic that relieves thirst and burning sensation.","Madhura, Kashaya","Guru, Snigdha",Sheeta,Madhura,"Brimhaniya, Dahashamana","Nutritive; The fruit of Gambhari is a cooling, nourishing tonic that relieves thirst and burning sensation.",Nutritive,"Use with caution in Kapha aggravation, cold conditions, low digestive fire; May aggravate Kapha dosha; avoid in congestion, obesity, lethargy conditions; Consult an Ayurvedic practitioner before use during pregnancy or lactation","Vata, Pitta",Kapha,False,/p/gambhari-phala.html
Karpasa Moola,,,The root of the Cotton plant is a nervine tonic used for neurological disorders and to promote uterine contractions.,Madhura,Snigdha,Ushna,Madhura,"Vatahara, Balya",Strengthening; The root of the Cotton plant is a nervine tonic used for neurological disorders and to promote uterine contractions.,Strengthening,"Use with caution in Pitta aggravation, high acidity, inflammatory conditions; May aggravate Pitta dosha; avoid in burning sensation, ulcers, bleeding disorders; May aggravate Kapha dosha; avoid in congestion, obesity, lethargy conditions; Consult an Ayurvedic practitioner before use during pregnancy or lactation",Vata,"Pitta, Kapha",False,/p/karpasa-moola.html
Kusumbha Taila,,,Safflower oil is a heating oil used for its laxative properties and in managing heart conditions.,"Katu, Madhura","Tikshna, Snigdha",Ushna,Katu,"Virechana, Hridaya",Cardiac; Purgative; Safflower oil is a heating oil used for its laxative properties and in managing heart conditions.,"Cardiac, Purgative","Use with caution in Pitta aggravation, high acidity, inflammatory conditions; May aggravate Pitta dosha; avoid in burning sensation, ulcers, bleeding disorders; Consult an Ayurvedic practitioner before use during pregnancy or lactation","Vata, Kapha",Pitta,False,/p/kusumbha-taila.html
Madhusnuhi rasayana,,,"A rejuvenative formulation with Chopchini, used for chronic skin diseases and as a powerful detoxifier.","Madhura, Tikta","Guru, Snigdha",Ushna,Madhura,"rasayan, Kushtaghna","A rejuvenative formulation with Chopchini, used for chronic skin diseases and as a powerful detoxifier.; Dermatological; Rejuvenation","Dermatological, Rejuvenation","Use with caution in Pitta aggravation, high acidity, inflammatory conditions; May aggravate Vata dosha; avoid in dry skin, constipation, anxiety conditions; Consult an Ayurvedic practitioner before use during pregnancy or lactation","Kapha, Pitta",Vata,False,/p/madhusnuhi-rasayana.html
Masha Taila,,,"Oil prepared from Black Gram is a potent Vata-pacifying oil used for paralysis, deafness, and nerve weakness.",Madhura,"Guru, Snigdha",Ushna,Madhura,"Vatahara, Balya","Oil prepared from Black Gram is a potent Vata-pacifying oil used for paralysis, deafness, and nerve weakness.; Strengthening",Strengthening,"Use with caution in Pitta aggravation, high acidity, inflammatory conditions; May aggravate Pitta dosha; avoid in burning sensation, ulcers, bleeding disorders; May aggravate Kapha dosha; avoid in congestion, obesity, lethargy conditions; Consult an Ayurvedic practitioner before use during pregnancy or lactation",Vata,"Pitta, Kapha",False,/p/masha-taila.html
Matulunga rasa,,,"The juice of Citron fruit is an excellent appetizer, digestive, and remedy for nausea and vomiting.",Amla,"Laghu, Tikshna",Ushna,Madhura,"Deepana, Hridaya","Cardiac; Digestive; The juice of Citron fruit is an excellent appetizer, digestive, and remedy for nausea and vomiting.","Cardiac, Digestive","Use with caution in Pitta aggravation, high acidity, inflammatory conditions; May aggravate Pitta dosha; avoid in burning sensation, ulcers, bleeding disorders; Consult an Ayurvedic practitioner before use during pregnancy or lactation",Vata,Pitta,False,/p/Matulunga-rasa.html
Nimba Beeja,,,Neem seed is a powerful anti-parasitic and is used to extract Neem oil for skin diseases.,Tikta,"Snigdha, Tikshna",Ushna,Katu,"Krimighna, Kushtaghna",Anti-parasitic; Dermatological; Neem seed is a powerful anti-parasitic and is used to extract Neem oil for skin diseases.,"Anti-parasitic, Dermatological","Use with caution in Pitta aggravation, high acidity, inflammatory conditions; May aggravate Vata dosha; avoid in dry skin, constipation, anxiety conditions; Consult an Ayurvedic practitioner before use during pregnancy or lactation","Pitta, Kapha",Vata,False,/p/nimba-beeja.html
Patola Patra,,,The leaf of Patola is a potent blood purifier and is used to treat skin diseases and fevers.,Tikta,"Laghu, Ruksha",Sheeta,Katu,"Raktashodhak, Kushtaghna",Blood Purification; Dermatological; The leaf of Patola is a potent blood purifier and is used to treat skin diseases and fevers.,"Blood Purification, Dermatological","Use with caution in Kapha aggravation, cold conditions, low digestive fire; May aggravate Vata dosha; avoid in dry skin, constipation, anxiety conditions; Consult an Ayurvedic practitioner before use during pregnancy or lactation","Pitta, Kapha",Vata,False,/p/patola-patra.html
Vajrakapata rasa,,,A herbo-mineral formulation used for malabsorption and chronic diarrhea.,Kashaya,Laghu,Sheeta,Madhura,Grahi,A herbo-mineral formulation used for malabsorption and chronic diarrhea.; Digestive,Digestive,"Use with caution in Kapha aggravation, cold conditions, low digestive fire; May aggravate Kapha dosha; avoid in congestion, obesity, lethargy conditions; Consult an Ayurvedic practitioner before use during pregnancy or lactation","Vata, Pitta",Kapha,False,/p/Vajrakapata-rasa.html
Vyaghri Haritaki,,,"A formulation of Kantakari and Haritaki, used for chronic cough, asthma, and other respiratory ailments.","Katu, Tikta, Kashaya",Laghu,Ushna,Katu,"Kasahara, Shwasahara","A formulation of Kantakari and Haritaki, used for chronic cough, asthma, and other respiratory ailments.; Respiratory",Respiratory,"Use with caution in Pitta aggravation, high acidity, inflammatory conditions; May aggravate Pitta dosha; avoid in burning sensation, ulcers, bleeding disorders; Consult an Ayurvedic practitioner before use during pregnancy or lactation","Vata, Kapha",Pitta,False,/p/vyaghri-haritaki.html
Somaraji Taila,,,"Medicated oil with Bakuchi, used externally for leucoderma (vitiligo) and other chronic skin diseases.",Tikta,Tikshna,Ushna,Katu,"Kushtaghna, Varnya","Dermatological; Medicated oil with Bakuchi, used externally for leucoderma (vitiligo) and other chronic skin diseases.",Dermatological,"Use with caution in Pitta aggravation, high acidity, inflammatory conditions; May aggravate Pitta dosha; avoid in burning sensation, ulcers, bleeding disorders; Consult an Ayurvedic practitioner before use during pregnancy or lactation","Kapha, Vata",Pitta,False,/p/somaraji-taila.html
Patolamuladi Kwath,,,"A bitter decoction used for a variety of skin diseases, fevers, and liver issues. Excellent Pitta pacifier.",Tikta,Laghu,Sheeta,Katu,"Kushtaghna, Vishaghna","A bitter decoction used for a variety of skin diseases, fevers, and liver issues. Excellent Pitta pacifier.; Anti-toxic; Dermatological","Anti-toxic, Dermatological","Use with caution in Kapha aggravation, cold conditions, low digestive fire; May aggravate Vata dosha; avoid in dry skin, constipation, anxiety conditions; Consult an Ayurvedic practitioner before use during pregnancy or lactation","Pitta, Kapha",Vata,False,/p/patolamuladi-kwath.html
Parpatakarishta,,,"A fermented tonic of Parpataka, used for chronic fevers and associated liver and spleen enlargement.",Tikta,Laghu,Sheeta,Katu,"Jwaraghna, Yakrituttejaka","A fermented tonic of Parpataka, used for chronic fevers and associated liver and spleen enlargement.; Anti-pyretic; Hepatoprotective","Anti-pyretic, Hepatoprotective","Use with caution in Kapha aggravation, cold conditions, low digestive fire; May aggravate Vata dosha; avoid in dry skin, constipation, anxiety conditions; Consult an Ayurvedic practitioner before use during pregnancy or lactation","Pitta, Kapha",Vata,False,/p/parpatakarishta.html
Kusumbha,,,"Safflower seeds and oil are used for their laxative properties and in managing heart conditions, but are very heating.","Katu, Madhura","Guru, Tikshna",Ushna,Katu,"Virechana, Hridaya","Cardiac; Purgative; Safflower seeds and oil are used for their laxative properties and in managing heart conditions, but are very heating.","Cardiac, Purgative","Use with caution in Pitta aggravation, high acidity, inflammatory conditions; May aggravate Pitta dosha; avoid in burning sensation, ulcers, bleeding disorders; Consult an Ayurvedic practitioner before use during pregnancy or lactation","Vata, Kapha",Pitta,False,/p/kusumbha.html
Akhuparni,,,"Ipomoea reniformis is a diuretic and anti-inflammatory herb, used in traditional medicine for urinary disorders.",Tikta,Laghu,Sheeta,Katu,"Mutrala, Shothahara","Anti-inflammatory; Ipomoea reniformis is a diuretic and anti-inflammatory herb, used in traditional medicine for urinary disorders.; Urinary","Anti-inflammatory, Urinary","Use with caution in Kapha aggravation, cold conditions, low digestive fire; May aggravate Vata dosha; avoid in dry skin, constipation, anxiety conditions; Consult an Ayurvedic practitioner before use during pregnancy or lactation","Pitta, Kapha",Vata,False,/p/akhuparni.html
Amalaka rasayana,,,"A specific rejuvenative preparation of Amla, used to enhance vitality and promote longevity.","Amla, Madhura",Snigdha,Sheeta,Madhura,"rasayan, Chakshushya","A specific rejuvenative preparation of Amla, used to enhance vitality and promote longevity.; Ophthalmological; Rejuvenation","Ophthalmological, Rejuvenation","Use with caution in Kapha aggravation, cold conditions, low digestive fire; Consult an Ayurvedic practitioner before use during pregnancy or lactation",tridosha,,True,/p/amalaka-rasayana.html
Amrita Ghrita,,,"Medicated ghee of Giloy, used as a potent rejuvenator, immunomodulator, and for treating chronic fevers.","Tikta, Madhura","Snigdha, Guru",Sheeta,Madhura,"rasayan, Jwaraghna","Anti-pyretic; Medicated ghee of Giloy, used as a potent rejuvenator, immunomodulator, and for treating chronic fevers.; Rejuvenation","Anti-pyretic, Rejuvenation","Use with caution in Kapha aggravation, cold conditions, low digestive fire; Consult an Ayurvedic practitioner before use during pregnancy or lactation",tridosha,,True,/p/amrita-ghrita.html
Aragvadhadi Kwath,,,"A decoction led by Aragwadha, used for skin diseases, vomiting, and as a mild laxative.",Tikta,Laghu,Sheeta,Katu,"Kushtaghna, Virechana","A decoction led by Aragwadha, used for skin diseases, vomiting, and as a mild laxative.; Dermatological; Purgative","Dermatological, Purgative","Use with caution in Kapha aggravation, cold conditions, low digestive fire; May aggravate Vata dosha; avoid in dry skin, constipation, anxiety conditions; Consult an Ayurvedic practitioner before use during pregnancy or lactation","Pitta, Kapha",Vata,False,/p/aragvadhadi-kwath.html
Ardraka Svarasa,,,"Fresh Ginger juice is a powerful appetizer and carminative, used for loss of appetite, nausea, and colds.",Katu,"Laghu, Tikshna",Ushna,Madhura,"Deepana, Pachana","Digestive; Fresh Ginger juice is a powerful appetizer and carminative, used for loss of appetite, nausea, and colds.",Digestive,"Use with caution in Pitta aggravation, high acidity, inflammatory conditions; May aggravate Pitta dosha; avoid in burning sensation, ulcers, bleeding disorders; Consult an Ayurvedic practitioner before use during pregnancy or lactation","Vata, Kapha",Pitta,False,/p/ardraka-Svarasa.html
Asanadi Kwath,,,"A decoction with Asana as the main herb, used for managing diabetes and related complications.","Kashaya, Tikta","Laghu, Ruksha",Sheeta,Katu,"Pramehaghna, Kushtaghna","A decoction with Asana as the main herb, used for managing diabetes and related complications.; Dermatological",Dermatological,"Use with caution in Kapha aggravation, cold conditions, low digestive fire; May aggravate Vata dosha; avoid in dry skin, constipation, anxiety conditions; Consult an Ayurvedic practitioner before use during pregnancy or lactation","Kapha, Pitta",Vata,False,/p/asanadi-kwath.html
Ashoka Ghrita,,,"Medicated ghee of Ashoka, used as a uterine tonic to treat gynecological disorders and menorrhagia.","Kashaya, Tikta","Snigdha, Guru",Sheeta,Katu,"Yonirogahara, Raktastambhana","Medicated ghee of Ashoka, used as a uterine tonic to treat gynecological disorders and menorrhagia.",General Wellness,"Use with caution in Kapha aggravation, cold conditions, low digestive fire; May aggravate Vata dosha; avoid in dry skin, constipation, anxiety conditions; May aggravate Kapha dosha; avoid in congestion, obesity, lethargy conditions; Consult an Ayurvedic practitioner before use during pregnancy or lactation",Pitta,"Vata, Kapha",False,/p/ashoka-ghrita.html
Ajamoda Arka,,,"A distilled water extract of Ajamoda, used for improving digestion, relieving gas, and abdominal pain.","Katu, Tikta","Laghu, Tikshna",Ushna,Katu,"Deepana, Pachana, Shoolaghna","A distilled water extract of Ajamoda, used for improving digestion, relieving gas, and abdominal pain.; Analgesic; Digestive","Analgesic, Digestive","Use with caution in Pitta aggravation, high acidity, inflammatory conditions; May aggravate Pitta dosha; avoid in burning sensation, ulcers, bleeding disorders; Consult an Ayurvedic practitioner before use during pregnancy or lactation","Vata, Kapha",Pitta,False,/p/ajamoda-arka.html
Arjuna Twak,,,"The bark of the Arjuna tree is the primary part used, renowned as the best Ayurvedic cardiotonic.",Kashaya,"Laghu, Ruksha",Sheeta,Katu,"Hridaya, Raktastambhana","Cardiac; The bark of the Arjuna tree is the primary part used, renowned as the best Ayurvedic cardiotonic.",Cardiac,"Use with caution in Kapha aggravation, cold conditions, low digestive fire; May aggravate Vata dosha; avoid in dry skin, constipation, anxiety conditions; Consult an Ayurvedic practitioner before use during pregnancy or lactation","Pitta, Kapha",Vata,False,/p/arjuna-twak.html
Bakuchi Taila,,,"Medicated oil of Bakuchi, used externally for leucoderma (vitiligo) and other chronic skin diseases.",Tikta,"Snigdha, Tikshna",Ushna,Katu,"Kushtaghna, Varnya","Dermatological; Medicated oil of Bakuchi, used externally for leucoderma (vitiligo) and other chronic skin diseases.",Dermatological,"Use with caution in Pitta aggravation, high acidity, inflammatory conditions; May aggravate Pitta dosha; avoid in burning sensation, ulcers, bleeding disorders; Consult an Ayurvedic practitioner before use during pregnancy or lactation","Kapha, Vata",Pitta,False,/p/bakuchi-taila.html
Caturjata Churna,,,"A formulation of four aromatic herbs (Cinnamon, Cardamom, Bay Leaf, Nagakesara) used as a digestive and stimulant.","Katu, Madhura","Laghu, Tikshna",Ushna,Katu,"Deepana, Pachana","A formulation of four aromatic herbs (Cinnamon, Cardamom, Bay Leaf, Nagakesara) used as a digestive and stimulant.; Digestive",Digestive,"Use with caution in Pitta aggravation, high acidity, inflammatory conditions; May aggravate Pitta dosha; avoid in burning sensation, ulcers, bleeding disorders; Consult an Ayurvedic practitioner before use during pregnancy or lactation","Kapha, Vata",Pitta,False,/p/caturjata-churna.html
Dhatri Loha,,,"A herbo-mineral formulation with Amla (Dhatri) and Iron (Loha), used for anemia, jaundice, and hyperacidity.","Amla, Madhura",Laghu,Sheeta,Madhura,"Raktavardhak, Amlapittahara","A herbo-mineral formulation with Amla (Dhatri) and Iron (Loha), used for anemia, jaundice, and hyperacidity.; Blood Purification",Blood Purification,"Use with caution in Kapha aggravation, cold conditions, low digestive fire; May aggravate Vata dosha; avoid in dry skin, constipation, anxiety conditions; Consult an Ayurvedic practitioner before use during pregnancy or lactation",Pitta,Vata,False,/p/dhatri-loha.html
Drakshavaleha,,,"A jam-like preparation of Grapes, used to treat anemia, jaundice, and as a nourishing tonic.","Madhura, Amla","Guru, Snigdha",Sheeta,Madhura,"Raktavardhak, Balya","A jam-like preparation of Grapes, used to treat anemia, jaundice, and as a nourishing tonic.; Blood Purification; Strengthening","Blood Purification, Strengthening","Use with caution in Kapha aggravation, cold conditions, low digestive fire; May aggravate Kapha dosha; avoid in congestion, obesity, lethargy conditions; Consult an Ayurvedic practitioner before use during pregnancy or lactation","Vata, Pitta",Kapha,False,/p/drakshavaleha.html
Godugdha,,,"Cow's Milk is considered a supreme rejuvenator (rasayana), nourishing all tissues and pacifying Vata and Pitta.",Madhura,"Guru, Snigdha",Sheeta,Madhura,"Jivaniya, rasayan, Medhya","Cow's Milk is considered a supreme rejuvenator (rasayana), nourishing all tissues and pacifying Vata and Pitta.; Neurological; Rejuvenation","Neurological, Rejuvenation","Use with caution in Kapha aggravation, cold conditions, low digestive fire; May aggravate Kapha dosha; avoid in congestion, obesity, lethargy conditions; Consult an Ayurvedic practitioner before use during pregnancy or lactation","Vata, Pitta",Kapha,False,/p/godugdha.html
Gojihvadi Kwath,,,"A decoction of Gojihva and other herbs, used for fever, cough, and respiratory tract infections.",Tikta,Laghu,Sheeta,Katu,"Jwaraghna, Kasahara","A decoction of Gojihva and other herbs, used for fever, cough, and respiratory tract infections.; Anti-pyretic; Respiratory","Anti-pyretic, Respiratory","Use with caution in Kapha aggravation, cold conditions, low digestive fire; May aggravate Vata dosha; avoid in dry skin, constipation, anxiety conditions; Consult an Ayurvedic practitioner before use during pregnancy or lactation","Pitta, Kapha",Vata,False,/p/gojihvadi-kwath.html
Gomutra,,,Purified Cow's urine is a potent detoxifier and is used in many formulations for skin diseases and obesity.,"Katu, Lavana","Laghu, Tikshna",Ushna,Katu,"Lekhana, Krimighna, Kushtaghna",Anti-parasitic; Dermatological; Metabolic; Purified Cow's urine is a potent detoxifier and is used in many formulations for skin diseases and obesity.,"Anti-parasitic, Dermatological, Metabolic","Use with caution in Pitta aggravation, high acidity, inflammatory conditions; May aggravate Pitta dosha; avoid in burning sensation, ulcers, bleeding disorders; Consult an Ayurvedic practitioner before use during pregnancy or lactation","Kapha, Vata",Pitta,False,/p/gomutra.html
Gulakanda,,,"A sweet preserve of Rose petals, it is an excellent remedy for pacifying Pitta, treating acidity, and cooling the body.",Madhura,"Guru, Snigdha",Sheeta,Madhura,"Amlapittahara, Dahashamana, Virechana","A sweet preserve of Rose petals, it is an excellent remedy for pacifying Pitta, treating acidity, and cooling the body.; Purgative",Purgative,"Use with caution in Kapha aggravation, cold conditions, low digestive fire; May aggravate Kapha dosha; avoid in congestion, obesity, lethargy conditions; Consult an Ayurvedic practitioner before use during pregnancy or lactation",Pitta,Kapha,False,/p/gulakanda.html
Irimedadi Taila,,,"A medicated oil used for oil pulling (gandusha) to treat dental caries, bleeding gums, and other oral health issues.","Kashaya, Tikta",Snigdha,Ushna,Katu,"Dantya, Krimighna","A medicated oil used for oil pulling (gandusha) to treat dental caries, bleeding gums, and other oral health issues.; Anti-parasitic; Dental","Anti-parasitic, Dental","Use with caution in Pitta aggravation, high acidity, inflammatory conditions; May aggravate Pitta dosha; avoid in burning sensation, ulcers, bleeding disorders; Consult an Ayurvedic practitioner before use during pregnancy or lactation","Kapha, Vata",Pitta,False,/p/irimedadi-taila.html
Jatyadi Ghrita,,,"A medicated ghee with Jasmine, it is an excellent remedy for healing chronic non-healing wounds and ulcers.","Tikta, Kashaya",Snigdha,Sheeta,Katu,"Vranaropana, Raktashodhak","A medicated ghee with Jasmine, it is an excellent remedy for healing chronic non-healing wounds and ulcers.; Blood Purification",Blood Purification,"Use with caution in Kapha aggravation, cold conditions, low digestive fire; May aggravate Vata dosha; avoid in dry skin, constipation, anxiety conditions; Consult an Ayurvedic practitioner before use during pregnancy or lactation","Pitta, Kapha",Vata,False,/p/jatyadi-ghrita.html
Kadali Pushpa,,,"The Banana flower is used as a vegetable and medicine for its astringent properties, helpful in diabetes and bleeding disorders.","Kashaya, Madhura",Guru,Sheeta,Katu,"Grahi, Raktastambhana, Pramehaghna","Digestive; The Banana flower is used as a vegetable and medicine for its astringent properties, helpful in diabetes and bleeding disorders.",Digestive,"Use with caution in Kapha aggravation, cold conditions, low digestive fire; May aggravate Vata dosha; avoid in dry skin, constipation, anxiety conditions; Consult an Ayurvedic practitioner before use during pregnancy or lactation","Pitta, Kapha",Vata,False,/p/kadali-pushpa.html
Karpooradi Thailam,,,"An oil with Camphor, used externally to relieve muscle cramps, stiffness, and pain.","Katu, Tikta","Laghu, Tikshna",Ushna,Katu,"Shoolaghna, Vatahara","An oil with Camphor, used externally to relieve muscle cramps, stiffness, and pain.; Analgesic",Analgesic,"Use with caution in Pitta aggravation, high acidity, inflammatory conditions; May aggravate Pitta dosha; avoid in burning sensation, ulcers, bleeding disorders; Consult an Ayurvedic practitioner before use during pregnancy or lactation","Kapha, Vata",Pitta,False,/p/karpooradi-thailam.html
Ksharasutra,,,A medicated alkaline thread used in a specialized surgical procedure for treating fistula-in-ano and piles.,"Katu, Lavana","Tikshna, Lekhana",Ushna,Katu,"Lekhana, Arshoghna",A medicated alkaline thread used in a specialized surgical procedure for treating fistula-in-ano and piles.; Metabolic,Metabolic,"Use with caution in Pitta aggravation, high acidity, inflammatory conditions; May aggravate Pitta dosha; avoid in burning sensation, ulcers, bleeding disorders; Consult an Ayurvedic practitioner before use during pregnancy or lactation","Kapha, Vata",Pitta,False,/p/ksharasutra.html
Kuntalakanti Tailam,,,"A classical herbal hair oil for nourishing the scalp, preventing hair fall, and promoting thick hair growth.","Tikta, Madhura",Snigdha,Sheeta,Madhura,"Keshya, Chakshushya","A classical herbal hair oil for nourishing the scalp, preventing hair fall, and promoting thick hair growth.; Ophthalmological",Ophthalmological,"Use with caution in Kapha aggravation, cold conditions, low digestive fire; May aggravate Kapha dosha; avoid in congestion, obesity, lethargy conditions; Consult an Ayurvedic practitioner before use during pregnancy or lactation","Vata, Pitta",Kapha,False,/p/kuntalakanti-tailam.html
Lodhradi Churna,,,"A powder with Lodhra, used as a face pack to treat acne, blemishes, and improve skin complexion.",Kashaya,Ruksha,Sheeta,Katu,"Varnya, Kushtaghna","A powder with Lodhra, used as a face pack to treat acne, blemishes, and improve skin complexion.; Dermatological",Dermatological,"Use with caution in Kapha aggravation, cold conditions, low digestive fire; May aggravate Vata dosha; avoid in dry skin, constipation, anxiety conditions; Consult an Ayurvedic practitioner before use during pregnancy or lactation","Pitta, Kapha",Vata,False,/p/lodhradi-churna.html
Madhuka Pushpa,,,"The flower of the Madhuka tree is a cooling and strengthening tonic, but can be intoxicating if fermented.",Madhura,"Guru, Snigdha",Sheeta,Madhura,"Balya, Hridaya","Cardiac; Strengthening; The flower of the Madhuka tree is a cooling and strengthening tonic, but can be intoxicating if fermented.","Cardiac, Strengthening","Use with caution in Kapha aggravation, cold conditions, low digestive fire; May aggravate Kapha dosha; avoid in congestion, obesity, lethargy conditions; Consult an Ayurvedic practitioner before use during pregnancy or lactation","Vata, Pitta",Kapha,False,/p/madhuka-pushpa.html
Mahamarichyadi Taila,,,"A potent medicated oil with Black Pepper and other herbs, used externally for skin diseases like psoriasis and eczema.","Katu, Tikta",Tikshna,Ushna,Katu,"Kushtaghna, Kandughna","A potent medicated oil with Black Pepper and other herbs, used externally for skin diseases like psoriasis and eczema.; Dermatological",Dermatological,"Use with caution in Pitta aggravation, high acidity, inflammatory conditions; May aggravate Pitta dosha; avoid in burning sensation, ulcers, bleeding disorders; Consult an Ayurvedic practitioner before use during pregnancy or lactation","Kapha, Vata",Pitta,False,/p/mahamarichyadi-taila.html
Mahatriphala Ghrita,,,"A potent version of Triphala Ghee, excellent for treating a wide range of eye diseases and improving vision.","Kashaya, Madhura",Snigdha,Sheeta,Madhura,"Chakshushya, rasayan","A potent version of Triphala Ghee, excellent for treating a wide range of eye diseases and improving vision.; Ophthalmological; Rejuvenation","Ophthalmological, Rejuvenation","Use with caution in Kapha aggravation, cold conditions, low digestive fire; May aggravate Kapha dosha; avoid in congestion, obesity, lethargy conditions; Consult an Ayurvedic practitioner before use during pregnancy or lactation","Vata, Pitta",Kapha,False,/p/mahatriphala-ghrita.html
Manjisthadi Kwath,,,"A decoction of Manjistha and other herbs, acting as a potent blood purifier for skin diseases and gout.","Tikta, Kashaya","Laghu, Ruksha",Sheeta,Katu,"Raktashodhak, Kushtaghna","A decoction of Manjistha and other herbs, acting as a potent blood purifier for skin diseases and gout.; Blood Purification; Dermatological","Blood Purification, Dermatological","Use with caution in Kapha aggravation, cold conditions, low digestive fire; May aggravate Vata dosha; avoid in dry skin, constipation, anxiety conditions; Consult an Ayurvedic practitioner before use during pregnancy or lactation","Pitta, Kapha",Vata,False,/p/manjisthadi-kwath.html
Masi,,,"A type of ash preparation, often made from herbs or animal products, used for its specific therapeutic effects.","Kashaya, Katu","Laghu, Ruksha",Ushna,Katu,Lekhana,"A type of ash preparation, often made from herbs or animal products, used for its specific therapeutic effects.; Metabolic",Metabolic,"Use with caution in Pitta aggravation, high acidity, inflammatory conditions; May aggravate Pitta dosha; avoid in burning sensation, ulcers, bleeding disorders; Consult an Ayurvedic practitioner before use during pregnancy or lactation","Vata, Kapha",Pitta,False,/p/masi.html
Nirgundi Ghana Vati,,,"A concentrated tablet of Nirgundi, used for its powerful analgesic and anti-inflammatory effects on joints.","Tikta, Katu","Laghu, Ruksha",Ushna,Katu,"Shoolaghna, Vatahara","A concentrated tablet of Nirgundi, used for its powerful analgesic and anti-inflammatory effects on joints.; Analgesic",Analgesic,"Use with caution in Pitta aggravation, high acidity, inflammatory conditions; May aggravate Pitta dosha; avoid in burning sensation, ulcers, bleeding disorders; Consult an Ayurvedic practitioner before use during pregnancy or lactation","Vata, Kapha",Pitta,False,/p/nirgundi-ghana-vati.html
Panchamla Thailam,,,"An oil prepared with five sour herbs, used for external application in rheumatic swelling and pain.",Amla,"Snigdha, Tikshna",Ushna,Amla,"Shothahara, Vatahara","An oil prepared with five sour herbs, used for external application in rheumatic swelling and pain.; Anti-inflammatory",Anti-inflammatory,"Use with caution in Pitta aggravation, high acidity, inflammatory conditions; May aggravate Pitta dosha; avoid in burning sensation, ulcers, bleeding disorders; Consult an Ayurvedic practitioner before use during pregnancy or lactation","Vata, Kapha",Pitta,False,/p/panchamla-thailam.html
Phalatrikadi Kwath,,,"A decoction of Triphala and other herbs, used for vomiting, hyperacidity, and other digestive issues.","Tikta, Kashaya","Laghu, Ruksha",Sheeta,Katu,"Deepana, Pachana","A decoction of Triphala and other herbs, used for vomiting, hyperacidity, and other digestive issues.; Digestive",Digestive,"Use with caution in Kapha aggravation, cold conditions, low digestive fire; May aggravate Vata dosha; avoid in dry skin, constipation, anxiety conditions; Consult an Ayurvedic practitioner before use during pregnancy or lactation","Pitta, Kapha",Vata,False,/p/phalatrikadi-kwath.html
Putikaranja,,,"Caesalpinia bonduc is a bitter tonic used for fever, malaria, and intestinal worms, similar to Latakaranja.","Tikta, Katu","Laghu, Tikshna",Ushna,Katu,"Jwaraghna, Krimighna","Anti-parasitic; Anti-pyretic; Caesalpinia bonduc is a bitter tonic used for fever, malaria, and intestinal worms, similar to Latakaranja.","Anti-parasitic, Anti-pyretic","Use with caution in Pitta aggravation, high acidity, inflammatory conditions; May aggravate Pitta dosha; avoid in burning sensation, ulcers, bleeding disorders; Consult an Ayurvedic practitioner before use during pregnancy or lactation","Kapha, Vata",Pitta,False,/p/putikaranja.html
Sudarshan Churna,,,"A simpler version of Mahasudarshan Churna, it is a bitter powder used effectively for all types of fever.",Tikta,"Laghu, Ruksha",Sheeta,Katu,"Jwaraghna, Amapachana","A simpler version of Mahasudarshan Churna, it is a bitter powder used effectively for all types of fever.; Anti-pyretic",Anti-pyretic,"Use with caution in Kapha aggravation, cold conditions, low digestive fire; May aggravate Vata dosha; avoid in dry skin, constipation, anxiety conditions; Consult an Ayurvedic practitioner before use during pregnancy or lactation","Pitta, Kapha",Vata,False,/p/sudarshan-churna.html
Svalpa Khadiradi Vati,,,"A smaller, simpler version of Khadiradi Vati for mouth ulcers and sore throat.","Kashaya, Tikta",Ruksha,Sheeta,Katu,"Grahi, Kushtaghna","A smaller, simpler version of Khadiradi Vati for mouth ulcers and sore throat.; Dermatological; Digestive","Dermatological, Digestive","Use with caution in Kapha aggravation, cold conditions, low digestive fire; May aggravate Vata dosha; avoid in dry skin, constipation, anxiety conditions; Consult an Ayurvedic practitioner before use during pregnancy or lactation","Kapha, Pitta",Vata,False,/p/svalpa-khadiradi-vati.html
Tila Patra,,,Sesame leaves are used as a poultice for skin issues and are beneficial for hair.,Madhura,Snigdha,Sheeta,Madhura,"Keshya, Vranaropana",Sesame leaves are used as a poultice for skin issues and are beneficial for hair.,General Wellness,"Use with caution in Kapha aggravation, cold conditions, low digestive fire; May aggravate Pitta dosha; avoid in burning sensation, ulcers, bleeding disorders; May aggravate Kapha dosha; avoid in congestion, obesity, lethargy conditions; Consult an Ayurvedic practitioner before use during pregnancy or lactation",Vata,"Pitta, Kapha",False,/p/tila-patra.html
Ushiradi Churna,,,"A powder of cooling herbs like Ushira, used for bleeding disorders and conditions with burning sensation.","Tikta, Madhura",Laghu,Sheeta,Madhura,"Raktapittahara, Dahashamana","A powder of cooling herbs like Ushira, used for bleeding disorders and conditions with burning sensation.",General Wellness,"Use with caution in Kapha aggravation, cold conditions, low digestive fire; May aggravate Vata dosha; avoid in dry skin, constipation, anxiety conditions; May aggravate Kapha dosha; avoid in congestion, obesity, lethargy conditions; Consult an Ayurvedic practitioner before use during pregnancy or lactation",Pitta,"Vata, Kapha",False,/p/ushiradi-churna.html
Vajraka Thailam,,,"A medicated oil with Snuhi latex, used externally for non-healing ulcers, fistula, and skin diseases.",Katu,"Tikshna, Snigdha",Ushna,Katu,"Vranaropana, Kushtaghna","A medicated oil with Snuhi latex, used externally for non-healing ulcers, fistula, and skin diseases.; Dermatological",Dermatological,"Use with caution in Pitta aggravation, high acidity, inflammatory conditions; May aggravate Pitta dosha; avoid in burning sensation, ulcers, bleeding disorders; Consult an Ayurvedic practitioner before use during pregnancy or lactation","Kapha, Vata",Pitta,False,/p/vajraka-thailam.html
Yakuti rasayana,,,A premium herbo-mineral formulation used as a cardiac tonic and for strengthening the mind.,Madhura,Snigdha,Sheeta,Madhura,"Hridaya, Medhya",A premium herbo-mineral formulation used as a cardiac tonic and for strengthening the mind.; Cardiac; Neurological,"Cardiac, Neurological","Use with caution in Kapha aggravation, cold conditions, low digestive fire; May aggravate Kapha dosha; avoid in congestion, obesity, lethargy conditions; Consult an Ayurvedic practitioner before use during pregnancy or lactation","Vata, Pitta",Kapha,False,/p/yakuti-rasayana.html
Kulathadi Kwath,,,"A decoction of Horse Gram, used for amenorrhea and other Vata-Kapha disorders.",Kashaya,"Laghu, Tikshna",Ushna,Amla,"Artavajanana, Lekhana","A decoction of Horse Gram, used for amenorrhea and other Vata-Kapha disorders.; Metabolic",Metabolic,"Use with caution in Pitta aggravation, high acidity, inflammatory conditions; May aggravate Pitta dosha; avoid in burning sensation, ulcers, bleeding disorders; Consult an Ayurvedic practitioner before use during pregnancy or lactation","Vata, Kapha",Pitta,False,/p/kulathadi-kwath.html
Madhu Mandur,,,"A formulation with Mandura Bhasma, used for iron-deficiency anemia and related weakness.","Madhura, Tikta",Laghu,Sheeta,Madhura,"Raktavardhak, Yakrituttejaka","A formulation with Mandura Bhasma, used for iron-deficiency anemia and related weakness.; Blood Purification; Hepatoprotective","Blood Purification, Hepatoprotective","Use with caution in Kapha aggravation, cold conditions, low digestive fire; May aggravate Vata dosha; avoid in dry skin, constipation, anxiety conditions; Consult an Ayurvedic practitioner before use during pregnancy or lactation","Pitta, Kapha",Vata,False,/p/madhu-mandur.html
Kushmanda Khanda,,,"A granular preparation of Ash Gourd, used as a powerful rejuvenative and aphrodisiac.",Madhura,"Guru, Snigdha",Sheeta,Madhura,"Brimhaniya, Vrishya","A granular preparation of Ash Gourd, used as a powerful rejuvenative and aphrodisiac.; Nutritive; Reproductive","Nutritive, Reproductive","Use with caution in Kapha aggravation, cold conditions, low digestive fire; May aggravate Kapha dosha; avoid in congestion, obesity, lethargy conditions; Consult an Ayurvedic practitioner before use during pregnancy or lactation","Vata, Pitta",Kapha,False,/p/kushmanda-khanda.html
Vyoshadi Guggulu,,,"A Guggulu preparation with Trikatu, used for obesity, high cholesterol, and rheumatoid arthritis.","Katu, Tikta","Laghu, Ruksha",Ushna,Katu,"Medohara, Amapachana","A Guggulu preparation with Trikatu, used for obesity, high cholesterol, and rheumatoid arthritis.; Metabolic",Metabolic,"Use with caution in Pitta aggravation, high acidity, inflammatory conditions; May aggravate Pitta dosha; avoid in burning sensation, ulcers, bleeding disorders; Consult an Ayurvedic practitioner before use during pregnancy or lactation","Kapha, Vata",Pitta,False,/p/vyoshadi-guggulu.html
Dhatupaushtik Churna,,,A nutritive powder that nourishes all body tissues (dhatus) and is used as a powerful aphrodisiac and tonic.,Madhura,"Guru, Snigdha",Sheeta,Madhura,"Vrishya, Brimhaniya, Balya",A nutritive powder that nourishes all body tissues (dhatus) and is used as a powerful aphrodisiac and tonic.; Nutritive; Reproductive; Strengthening,"Nutritive, Reproductive, Strengthening","Use with caution in Kapha aggravation, cold conditions, low digestive fire; May aggravate Kapha dosha; avoid in congestion, obesity, lethargy conditions; Consult an Ayurvedic practitioner before use during pregnancy or lactation","Vata, Pitta",Kapha,False,/p/dhatupaushtik-churna.html
Anjatraya,,,"A group of three anti-venom herbs (often including Sirisha), used as a first-aid for poisoning.","Tikta, Kashaya","Laghu, Ruksha",Sheeta,Katu,Vishaghna,"A group of three anti-venom herbs (often including Sirisha), used as a first-aid for poisoning.; Anti-toxic",Anti-toxic,"Use with caution in Kapha aggravation, cold conditions, low digestive fire; May aggravate Vata dosha; avoid in dry skin, constipation, anxiety conditions; Consult an Ayurvedic practitioner before use during pregnancy or lactation","Kapha, Pitta",Vata,False,/p/anjatraya.html
Karpas-asthyadi Thailam,,,"A version of Karpasasthyadi Thailam, an oil used for Vata disorders like paralysis and facial palsy.",Madhura,"Guru, Snigdha",Ushna,Madhura,"Vatahara, Balya","A version of Karpasasthyadi Thailam, an oil used for Vata disorders like paralysis and facial palsy.; Strengthening",Strengthening,"Use with caution in Pitta aggravation, high acidity, inflammatory conditions; May aggravate Pitta dosha; avoid in burning sensation, ulcers, bleeding disorders; Consult an Ayurvedic practitioner before use during pregnancy or lactation",Vata,Pitta,False,/p/karpas-asthyadi-thailam.html
Patrangasava,,,"A fermented tonic with Pattanga, used as a uterine astringent for heavy menstrual bleeding and leucorrhea.","Kashaya, Madhura",Laghu,Sheeta,Katu,"Raktastambhana, Yonirogahara","A fermented tonic with Pattanga, used as a uterine astringent for heavy menstrual bleeding and leucorrhea.",General Wellness,"Use with caution in Kapha aggravation, cold conditions, low digestive fire; May aggravate Vata dosha; avoid in dry skin, constipation, anxiety conditions; Consult an Ayurvedic practitioner before use during pregnancy or lactation",Pitta,Vata,False,/p/patrangasava.html
Dhanadanayanadi Kashayam,,,"A classical decoction used for Vata disorders like facial paralysis, tremors, and hemiplegia.","Tikta, Kashaya",Laghu,Ushna,Katu,"Vatahara, Shoolaghna","A classical decoction used for Vata disorders like facial paralysis, tremors, and hemiplegia.; Analgesic",Analgesic,"Use with caution in Pitta aggravation, high acidity, inflammatory conditions; May aggravate Pitta dosha; avoid in burning sensation, ulcers, bleeding disorders; Consult an Ayurvedic practitioner before use during pregnancy or lactation",Vata,Pitta,False,/p/dhanadanayanadi-kashayam.html
Gandharvahastadi Kashayam,,,"A decoction with Castor root, it is a safe and effective laxative and carminative for Vata conditions.","Madhura, Katu","Laghu, Snigdha",Ushna,Madhura,"Virechana, Vatahara","A decoction with Castor root, it is a safe and effective laxative and carminative for Vata conditions.; Purgative",Purgative,"Use with caution in Pitta aggravation, high acidity, inflammatory conditions; May aggravate Pitta dosha; avoid in burning sensation, ulcers, bleeding disorders; Consult an Ayurvedic practitioner before use during pregnancy or lactation",Vata,Pitta,False,/p/gandharvahastadi-kashayam.html
Varunadi Kashayam,,,"A decoction of Varuna and other herbs, used to reduce fat, treat obesity, and for Kapha headaches.","Tikta, Kashaya","Laghu, Ruksha",Ushna,Katu,"Medohara, Lekhana","A decoction of Varuna and other herbs, used to reduce fat, treat obesity, and for Kapha headaches.; Metabolic",Metabolic,"Use with caution in Pitta aggravation, high acidity, inflammatory conditions; May aggravate Pitta dosha; avoid in burning sensation, ulcers, bleeding disorders; May aggravate Vata dosha; avoid in dry skin, constipation, anxiety conditions; Consult an Ayurvedic practitioner before use during pregnancy or lactation",Kapha,"Vata, Pitta",False,/p/varunadi-kashayam.html
Rasnasaptakam Kashayam,,,"A decoction of seven herbs led by Rasna, used for low back pain, sciatica, and pain in the hip region.",Tikta,Laghu,Ushna,Katu,"Vatahara, Shoolaghna","A decoction of seven herbs led by Rasna, used for low back pain, sciatica, and pain in the hip region.; Analgesic",Analgesic,"Use with caution in Pitta aggravation, high acidity, inflammatory conditions; May aggravate Pitta dosha; avoid in burning sensation, ulcers, bleeding disorders; Consult an Ayurvedic practitioner before use during pregnancy or lactation","Vata, Kapha",Pitta,False,/p/rasnasaptakam-kashayam.html
Drakshadi Kwath,,,"A cooling decoction of Grapes and other herbs, used for hangovers, fever, and Pitta-related imbalances.",Madhura,Snigdha,Sheeta,Madhura,"Jwaraghna, Dahashamana","A cooling decoction of Grapes and other herbs, used for hangovers, fever, and Pitta-related imbalances.; Anti-pyretic",Anti-pyretic,"Use with caution in Kapha aggravation, cold conditions, low digestive fire; May aggravate Kapha dosha; avoid in congestion, obesity, lethargy conditions; Consult an Ayurvedic practitioner before use during pregnancy or lactation","Vata, Pitta",Kapha,False,/p/drakshadi-kwath.html
Kshirabala 101 Avarti,,,"A highly potent preparation of Kshirabala oil, processed 101 times. It is a supreme remedy for chronic and severe Vata disorders.","Madhura, Tikta","Guru, Snigdha",Sheeta,Madhura,"Vatahara, rasayan, Medhya","A highly potent preparation of Kshirabala oil, processed 101 times. It is a supreme remedy for chronic and severe Vata disorders.; Neurological; Rejuvenation","Neurological, Rejuvenation","Use with caution in Kapha aggravation, cold conditions, low digestive fire; May aggravate Kapha dosha; avoid in congestion, obesity, lethargy conditions; Consult an Ayurvedic practitioner before use during pregnancy or lactation","Vata, Pitta",Kapha,False,/p/kshirabala-101-avarti.html
Dhanwantaram Gutika,,,"A classical tablet used for respiratory issues like cough and breathlessness, as well as digestive discomfort.","Katu, Tikta",Laghu,Ushna,Katu,"Kasahara, Shwasahara, Pachana","A classical tablet used for respiratory issues like cough and breathlessness, as well as digestive discomfort.; Digestive; Respiratory","Digestive, Respiratory","Use with caution in Pitta aggravation, high acidity, inflammatory conditions; May aggravate Pitta dosha; avoid in burning sensation, ulcers, bleeding disorders; Consult an Ayurvedic practitioner before use during pregnancy or lactation","Vata, Kapha",Pitta,False,/p/dhanwantaram-gutika.html
Vasant Kusumakar rasa,,,"A premium herbo-mineral formulation with gold and pearl, used as a powerful rejuvenative, aphrodisiac, and for diabetes.",Madhura,Snigdha,Sheeta,Madhura,"rasayan, Vrishya, Pramehaghna","A premium herbo-mineral formulation with gold and pearl, used as a powerful rejuvenative, aphrodisiac, and for diabetes.; Rejuvenation; Reproductive","Rejuvenation, Reproductive","Use with caution in Kapha aggravation, cold conditions, low digestive fire; May aggravate Vata dosha; avoid in dry skin, constipation, anxiety conditions; Consult an Ayurvedic practitioner before use during pregnancy or lactation","Kapha, Pitta",Vata,False,/p/vasant-kusumakar-rasa.html
Tribhuvan Kirti rasa,,,"A classical herbo-mineral formulation used for all types of fever, cold, cough, and body aches. It induces sweating.","Katu, Tikta","Laghu, Tikshna",Ushna,Katu,"Jwaraghna, Kasahara, Amapachana","A classical herbo-mineral formulation used for all types of fever, cold, cough, and body aches. It induces sweating.; Anti-pyretic; Respiratory","Anti-pyretic, Respiratory","Use with caution in Pitta aggravation, high acidity, inflammatory conditions; May aggravate Pitta dosha; avoid in burning sensation, ulcers, bleeding disorders; Consult an Ayurvedic practitioner before use during pregnancy or lactation","Vata, Kapha",Pitta,False,/p/tribhuvan-kirti-rasa.html
Krimi Kuthar rasa,,,A potent formulation used specifically for destroying all types of intestinal worms and parasites.,"Katu, Tikta",Tikshna,Ushna,Katu,"Krimighna, Deepana",A potent formulation used specifically for destroying all types of intestinal worms and parasites.; Anti-parasitic; Digestive,"Anti-parasitic, Digestive","Use with caution in Pitta aggravation, high acidity, inflammatory conditions; May aggravate Pitta dosha; avoid in burning sensation, ulcers, bleeding disorders; Consult an Ayurvedic practitioner before use during pregnancy or lactation","Kapha, Vata",Pitta,False,/p/krimi-kuthar-rasa.html
Mahalakshmi Vilas rasa,,,"A herbo-mineral formulation with gold, used for severe respiratory conditions, cardiac issues, and as a powerful tonic.",Madhura,Snigdha,Ushna,Madhura,"rasayan, Hridaya, Shwasahara","A herbo-mineral formulation with gold, used for severe respiratory conditions, cardiac issues, and as a powerful tonic.; Cardiac; Rejuvenation; Respiratory","Cardiac, Rejuvenation, Respiratory","Use with caution in Pitta aggravation, high acidity, inflammatory conditions; May aggravate Pitta dosha; avoid in burning sensation, ulcers, bleeding disorders; Consult an Ayurvedic practitioner before use during pregnancy or lactation","Vata, Kapha",Pitta,False,/p/mahalakshmi-vilas-rasa.html
Nityananda rasa,,,A classical formulation used for treating filariasis (elephantiasis) and other glandular swellings.,"Katu, Tikta",Tikshna,Ushna,Katu,"Lekhana, Shothahara",A classical formulation used for treating filariasis (elephantiasis) and other glandular swellings.; Anti-inflammatory; Metabolic,"Anti-inflammatory, Metabolic","Use with caution in Pitta aggravation, high acidity, inflammatory conditions; May aggravate Pitta dosha; avoid in burning sensation, ulcers, bleeding disorders; Consult an Ayurvedic practitioner before use during pregnancy or lactation","Kapha, Vata",Pitta,False,/p/nityananda-rasa.html
Sameer Pannag rasa,,,A potent herbo-mineral formulation used for respiratory and neurological conditions with severe pain and stiffness.,"Katu, Tikta",Tikshna,Ushna,Katu,"Vatahara, Shoolaghna",A potent herbo-mineral formulation used for respiratory and neurological conditions with severe pain and stiffness.; Analgesic,Analgesic,"Use with caution in Pitta aggravation, high acidity, inflammatory conditions; May aggravate Pitta dosha; avoid in burning sensation, ulcers, bleeding disorders; Consult an Ayurvedic practitioner before use during pregnancy or lactation","Vata, Kapha",Pitta,False,/p/sameer-pannag-rasa.html
rasamanikya,,,"A preparation of purified arsenic, used for skin diseases like psoriasis, eczema, and leucoderma.",Katu,Tikshna,Ushna,Katu,"Kushtaghna, Vishaghna","A preparation of purified arsenic, used for skin diseases like psoriasis, eczema, and leucoderma.; Anti-toxic; Dermatological","Anti-toxic, Dermatological","Use with caution in Pitta aggravation, high acidity, inflammatory conditions; May aggravate Pitta dosha; avoid in burning sensation, ulcers, bleeding disorders; Consult an Ayurvedic practitioner before use during pregnancy or lactation","Kapha, Vata",Pitta,False,/p/rasamanikya.html
Vatagajankush rasa,,,"A powerful formulation for severe Vata disorders like paralysis, sciatica, and convulsions.","Katu, Tikta",Tikshna,Ushna,Katu,"Vatahara, Vedanasthapana","A powerful formulation for severe Vata disorders like paralysis, sciatica, and convulsions.; Analgesic",Analgesic,"Use with caution in Pitta aggravation, high acidity, inflammatory conditions; May aggravate Pitta dosha; avoid in burning sensation, ulcers, bleeding disorders; Consult an Ayurvedic practitioner before use during pregnancy or lactation",Vata,Pitta,False,/p/vatagajankush-rasa.html
Amritottaram Kashayam,,,"A simple but effective decoction of Giloy and Ginger, used for all types of fevers and indigestion.","Tikta, Katu",Laghu,Ushna,Katu,"Jwaraghna, Amapachana","A simple but effective decoction of Giloy and Ginger, used for all types of fevers and indigestion.; Anti-pyretic",Anti-pyretic,"Use with caution in Pitta aggravation, high acidity, inflammatory conditions; May aggravate Pitta dosha; avoid in burning sensation, ulcers, bleeding disorders; Consult an Ayurvedic practitioner before use during pregnancy or lactation","Kapha, Vata",Pitta,False,/p/amritottaram-kashayam.html
Dashamoola Katutraya Kashayam,,,"A decoction combining Dashamoola with Trikatu, used for cough, cold, and asthma, especially with body aches.","Katu, Tikta","Laghu, Tikshna",Ushna,Katu,"Kasahara, Shwasahara, Vatahara","A decoction combining Dashamoola with Trikatu, used for cough, cold, and asthma, especially with body aches.; Respiratory",Respiratory,"Use with caution in Pitta aggravation, high acidity, inflammatory conditions; May aggravate Pitta dosha; avoid in burning sensation, ulcers, bleeding disorders; Consult an Ayurvedic practitioner before use during pregnancy or lactation","Vata, Kapha",Pitta,False,/p/dashamoola-katutraya-kashayam.html
Dhanwantaram Kashayam,,,"A decoction form of Dhanwantaram Thailam, used internally for Vata disorders, especially post-delivery care.","Tikta, Kashaya",Laghu,Ushna,Katu,"Vatahara, Shoolaghna","A decoction form of Dhanwantaram Thailam, used internally for Vata disorders, especially post-delivery care.; Analgesic",Analgesic,"Use with caution in Pitta aggravation, high acidity, inflammatory conditions; May aggravate Pitta dosha; avoid in burning sensation, ulcers, bleeding disorders; Consult an Ayurvedic practitioner before use during pregnancy or lactation",Vata,Pitta,False,/p/dhanwantaram-kashayam.html
Elakanadi Kashayam,,,A classical decoction used for chronic respiratory conditions like asthma and bronchitis.,"Katu, Tikta",Laghu,Ushna,Katu,"Shwasahara, Kasahara",A classical decoction used for chronic respiratory conditions like asthma and bronchitis.; Respiratory,Respiratory,"Use with caution in Pitta aggravation, high acidity, inflammatory conditions; May aggravate Pitta dosha; avoid in burning sensation, ulcers, bleeding disorders; Consult an Ayurvedic practitioner before use during pregnancy or lactation","Kapha, Vata",Pitta,False,/p/elakanadi-kashayam.html
Guloochyadi Kashayam,,,"A decoction with Giloy, it is a potent remedy for Pitta-dominant fevers, burning sensation, and vomiting.",Tikta,Laghu,Sheeta,Katu,"Jwaraghna, Dahashamana","A decoction with Giloy, it is a potent remedy for Pitta-dominant fevers, burning sensation, and vomiting.; Anti-pyretic",Anti-pyretic,"Use with caution in Kapha aggravation, cold conditions, low digestive fire; May aggravate Vata dosha; avoid in dry skin, constipation, anxiety conditions; Consult an Ayurvedic practitioner before use during pregnancy or lactation",Pitta,Vata,False,/p/guloochyadi-kashayam.html
Haridra Khanda,,,"A granular preparation of Turmeric, it is a famous remedy for skin allergies, hives, and itching.","Tikta, Madhura","Laghu, Ruksha",Ushna,Katu,"Kushtaghna, Vishaghna","A granular preparation of Turmeric, it is a famous remedy for skin allergies, hives, and itching.; Anti-toxic; Dermatological","Anti-toxic, Dermatological","Use with caution in Pitta aggravation, high acidity, inflammatory conditions; May aggravate Vata dosha; avoid in dry skin, constipation, anxiety conditions; Consult an Ayurvedic practitioner before use during pregnancy or lactation","Pitta, Kapha",Vata,False,/p/haridra-khanda.html
Jeerakarishtam,,,"A fermented tonic with Cumin, specifically used for post-natal care to improve digestion and restore strength.","Katu, Madhura",Laghu,Ushna,Madhura,"Deepana, Garbhashaya Shodhaka","A fermented tonic with Cumin, specifically used for post-natal care to improve digestion and restore strength.; Digestive",Digestive,"Use with caution in Pitta aggravation, high acidity, inflammatory conditions; May aggravate Pitta dosha; avoid in burning sensation, ulcers, bleeding disorders; Consult an Ayurvedic practitioner before use during pregnancy or lactation","Vata, Kapha",Pitta,False,/p/jeerakarishtam.html
Kalyana Ksharam,,,"A classical alkaline preparation used for treating urinary calculi, bloating, and abdominal pain.","Lavana, Katu","Tikshna, Laghu",Ushna,Katu,"Ashmaribhedana, Deepana","A classical alkaline preparation used for treating urinary calculi, bloating, and abdominal pain.; Digestive",Digestive,"Use with caution in Pitta aggravation, high acidity, inflammatory conditions; May aggravate Pitta dosha; avoid in burning sensation, ulcers, bleeding disorders; Consult an Ayurvedic practitioner before use during pregnancy or lactation","Vata, Kapha",Pitta,False,/p/kalyana-ksharam.html
Kanmad Bhasma,,,"A mineral pitch (Shilajit variety) ash used for urinary disorders, diabetes, and as a general tonic.","Katu, Tikta",Laghu,Ushna,Katu,"Pramehaghna, Mutrala","A mineral pitch (Shilajit variety) ash used for urinary disorders, diabetes, and as a general tonic.; Urinary",Urinary,"Use with caution in Pitta aggravation, high acidity, inflammatory conditions; May aggravate Pitta dosha; avoid in burning sensation, ulcers, bleeding disorders; Consult an Ayurvedic practitioner before use during pregnancy or lactation","Kapha, Vata",Pitta,False,/p/kanmad-bhasma.html
Kanthasudharak Vati,,,"A lozenge for the throat, used to relieve sore throat, hoarseness, and cough.","Katu, Madhura",Laghu,Ushna,Katu,"Kasahara, Kantya","A lozenge for the throat, used to relieve sore throat, hoarseness, and cough.; Respiratory",Respiratory,"Use with caution in Pitta aggravation, high acidity, inflammatory conditions; May aggravate Pitta dosha; avoid in burning sensation, ulcers, bleeding disorders; Consult an Ayurvedic practitioner before use during pregnancy or lactation","Kapha, Vata",Pitta,False,/p/kanthasudharak-vati.html
Krimighna Vati,,,A classical deworming tablet used to eradicate intestinal worms and parasites.,"Tikta, Katu",Tikshna,Ushna,Katu,Krimighna,A classical deworming tablet used to eradicate intestinal worms and parasites.; Anti-parasitic,Anti-parasitic,"Use with caution in Pitta aggravation, high acidity, inflammatory conditions; May aggravate Pitta dosha; avoid in burning sensation, ulcers, bleeding disorders; Consult an Ayurvedic practitioner before use during pregnancy or lactation","Kapha, Vata",Pitta,False,/p/krimighna-vati.html
Laghu Sutshekhar Ras,,,"A herbo-mineral formulation for hyperacidity, headache, and other Pitta-dominant conditions.",Tikta,Laghu,Sheeta,Madhura,"Amlapittahara, Shoolaghna","A herbo-mineral formulation for hyperacidity, headache, and other Pitta-dominant conditions.; Analgesic",Analgesic,"Use with caution in Kapha aggravation, cold conditions, low digestive fire; May aggravate Kapha dosha; avoid in congestion, obesity, lethargy conditions; Consult an Ayurvedic practitioner before use during pregnancy or lactation","Pitta, Vata",Kapha,False,/p/laghu-sutshekhar-ras.html
Madhuyashtyadi Thailam,,,"A cooling medicated oil with Licorice, used for head massage to relieve burning sensation and pain.",Madhura,Snigdha,Sheeta,Madhura,"Dahashamana, Vatahara","A cooling medicated oil with Licorice, used for head massage to relieve burning sensation and pain.",General Wellness,"Use with caution in Kapha aggravation, cold conditions, low digestive fire; May aggravate Kapha dosha; avoid in congestion, obesity, lethargy conditions; Consult an Ayurvedic practitioner before use during pregnancy or lactation","Pitta, Vata",Kapha,False,/p/madhuyashtyadi-thailam.html
Maha Narayana Thailam,,,"A fortified version of Narayana Thailam, this oil is an exceptionally potent remedy for chronic Vata disorders, paralysis, and severe joint pain.","Madhura, Tikta","Guru, Snigdha",Ushna,Madhura,"Vatahara, Balya, Brimhaniya","A fortified version of Narayana Thailam, this oil is an exceptionally potent remedy for chronic Vata disorders, paralysis, and severe joint pain.; Nutritive; Strengthening","Nutritive, Strengthening","Use with caution in Pitta aggravation, high acidity, inflammatory conditions; May aggravate Pitta dosha; avoid in burning sensation, ulcers, bleeding disorders; Consult an Ayurvedic practitioner before use during pregnancy or lactation",Vata,Pitta,False,/p/maha-narayana-thailam.html
Aja Dugdha,,,"Goat's milk is lighter and easier to digest than cow's milk, and is beneficial in respiratory conditions.","Madhura, Kashaya","Laghu, Ruksha",Sheeta,Madhura,"Grahi, Shwasahara","Digestive; Goat's milk is lighter and easier to digest than cow's milk, and is beneficial in respiratory conditions.; Respiratory","Digestive, Respiratory","Use with caution in Kapha aggravation, cold conditions, low digestive fire; May aggravate Vata dosha; avoid in dry skin, constipation, anxiety conditions; Consult an Ayurvedic practitioner before use during pregnancy or lactation","Pitta, Kapha",Vata,False,/p/aja-dugdha.html
Mahishi Dugdha,,,"Buffalo's milk is very heavy and cooling, promoting sleep and weight gain. It is best for those with strong digestion.",Madhura,"Guru, Snigdha",Sheeta,Madhura,"Nidrajanana, Brimhaniya","Buffalo's milk is very heavy and cooling, promoting sleep and weight gain. It is best for those with strong digestion.; Nutritive",Nutritive,"Use with caution in Kapha aggravation, cold conditions, low digestive fire; May aggravate Kapha dosha; avoid in congestion, obesity, lethargy conditions; Consult an Ayurvedic practitioner before use during pregnancy or lactation","Pitta, Vata",Kapha,False,/p/mahishi-dugdha.html
Ushtra Dugdha,,,"Camel's milk is light, slightly salty, and heating. It is used in Ayurveda for edema, piles, and abdominal worms.","Lavana, Madhura","Laghu, Ruksha",Ushna,Katu,"Lekhana, Deepana, Krimighna","Anti-parasitic; Camel's milk is light, slightly salty, and heating. It is used in Ayurveda for edema, piles, and abdominal worms.; Digestive; Metabolic","Anti-parasitic, Digestive, Metabolic","Use with caution in Pitta aggravation, high acidity, inflammatory conditions; May aggravate Pitta dosha; avoid in burning sensation, ulcers, bleeding disorders; Consult an Ayurvedic practitioner before use during pregnancy or lactation","Vata, Kapha",Pitta,False,/p/ushtra-dugdha.html
Guda,,,"Jaggery is unrefined cane sugar. It is nourishing and a blood purifier, but can increase Kapha.",Madhura,"Guru, Snigdha",Ushna,Madhura,"Balya, Raktavardhak","Blood Purification; Jaggery is unrefined cane sugar. It is nourishing and a blood purifier, but can increase Kapha.; Strengthening","Blood Purification, Strengthening","Use with caution in Pitta aggravation, high acidity, inflammatory conditions; May aggravate Kapha dosha; avoid in congestion, obesity, lethargy conditions; Consult an Ayurvedic practitioner before use during pregnancy or lactation","Vata, Pitta",Kapha,False,/p/guda.html
Phanita,,,"A semi-solid form of molasses, it is very heavy and can block the channels if used improperly.",Madhura,Guru,Ushna,Madhura,Brimhaniya,"A semi-solid form of molasses, it is very heavy and can block the channels if used improperly.; Nutritive",Nutritive,"Use with caution in Pitta aggravation, high acidity, inflammatory conditions; May aggravate Pitta dosha; avoid in burning sensation, ulcers, bleeding disorders; May aggravate Kapha dosha; avoid in congestion, obesity, lethargy conditions; Consult an Ayurvedic practitioner before use during pregnancy or lactation",Vata,"Pitta, Kapha",False,/p/phanita.html
Makshika Madhu,,,"A type of honey collected by smaller bees, considered the best type. It is light, dry, and good for eyes.","Madhura, Kashaya","Laghu, Ruksha",Ushna,Katu,"Lekhana, Chakshushya","A type of honey collected by smaller bees, considered the best type. It is light, dry, and good for eyes.; Metabolic; Ophthalmological","Metabolic, Ophthalmological","Use with caution in Pitta aggravation, high acidity, inflammatory conditions; May aggravate Pitta dosha; avoid in burning sensation, ulcers, bleeding disorders; May aggravate Vata dosha; avoid in dry skin, constipation, anxiety conditions; Consult an Ayurvedic practitioner before use during pregnancy or lactation",Kapha,"Pitta, Vata",False,/p/makshika-madhu.html
Jaitun Taila,,,Olive Oil is good for pacifying Pitta dosha when used externally. It is considered nourishing for the skin.,"Madhura, Kashaya","Guru, Snigdha",Sheeta,Madhura,"Balya, Varnya",Dermatological; Olive Oil is good for pacifying Pitta dosha when used externally. It is considered nourishing for the skin.; Strengthening,"Dermatological, Strengthening","Use with caution in Kapha aggravation, cold conditions, low digestive fire; May aggravate Kapha dosha; avoid in congestion, obesity, lethargy conditions; Consult an Ayurvedic practitioner before use during pregnancy or lactation","Pitta, Vata",Kapha,False,/p/jaitun-taila.html
Narikela Jala,,,Coconut water is extremely cooling and hydrating. It is an excellent diuretic and pacifies Pitta dosha.,Madhura,"Laghu, Snigdha",Sheeta,Madhura,"Mutrala, Deepana, Dahashamana",Coconut water is extremely cooling and hydrating. It is an excellent diuretic and pacifies Pitta dosha.; Digestive; Urinary,"Digestive, Urinary","Use with caution in Kapha aggravation, cold conditions, low digestive fire; May aggravate Vata dosha; avoid in dry skin, constipation, anxiety conditions; May aggravate Kapha dosha; avoid in congestion, obesity, lethargy conditions; Consult an Ayurvedic practitioner before use during pregnancy or lactation",Pitta,"Vata, Kapha",False,/p/narikela-jala.html
Amlaparni,,,Rheum emodi (Indian Rhubarb) is a potent purgative and is used for constipation and liver disorders.,Tikta,"Laghu, Tikshna",Ushna,Katu,"Virechana, Yakrituttejaka",Hepatoprotective; Purgative; Rheum emodi (Indian Rhubarb) is a potent purgative and is used for constipation and liver disorders.,"Hepatoprotective, Purgative","Use with caution in Pitta aggravation, high acidity, inflammatory conditions; May aggravate Vata dosha; avoid in dry skin, constipation, anxiety conditions; Consult an Ayurvedic practitioner before use during pregnancy or lactation","Kapha, Pitta",Vata,False,/p/amlaparni.html
Aranya Jeeraka,,,Vernonia anthelmintica (Wild Cumin) is a powerful herb for destroying intestinal worms and parasites.,Tikta,"Laghu, Tikshna",Ushna,Katu,"Krimighna, Kushtaghna",Anti-parasitic; Dermatological; Vernonia anthelmintica (Wild Cumin) is a powerful herb for destroying intestinal worms and parasites.,"Anti-parasitic, Dermatological","Use with caution in Pitta aggravation, high acidity, inflammatory conditions; May aggravate Pitta dosha; avoid in burning sensation, ulcers, bleeding disorders; Consult an Ayurvedic practitioner before use during pregnancy or lactation","Kapha, Vata",Pitta,False,/p/aranya-jeeraka.html
Bhadra,,,Aerva lanata is a diuretic herb used for urinary stones and painful urination.,"Tikta, Kashaya",Laghu,Sheeta,Katu,"Mutrala, Ashmaribhedana",Aerva lanata is a diuretic herb used for urinary stones and painful urination.; Urinary,Urinary,"Use with caution in Kapha aggravation, cold conditions, low digestive fire; May aggravate Vata dosha; avoid in dry skin, constipation, anxiety conditions; Consult an Ayurvedic practitioner before use during pregnancy or lactation","Pitta, Kapha",Vata,False,/p/bhadra.html
Bhumi Jambuka,,,Premna herbacea is an anti-inflammatory herb used in rheumatic conditions.,Tikta,Laghu,Ushna,Katu,"Shothahara, Vatahara",Anti-inflammatory; Premna herbacea is an anti-inflammatory herb used in rheumatic conditions.,Anti-inflammatory,"Use with caution in Pitta aggravation, high acidity, inflammatory conditions; May aggravate Pitta dosha; avoid in burning sensation, ulcers, bleeding disorders; Consult an Ayurvedic practitioner before use during pregnancy or lactation","Vata, Kapha",Pitta,False,/p/bhumi-jambuka.html
Bhutika,,,"Lemongrass (Cymbopogon citratus) is an aromatic, carminative herb that relieves bloating and fever.","Katu, Tikta","Laghu, Tikshna",Ushna,Katu,"Deepana, Jwaraghna","Anti-pyretic; Digestive; Lemongrass (Cymbopogon citratus) is an aromatic, carminative herb that relieves bloating and fever.","Anti-pyretic, Digestive","Use with caution in Pitta aggravation, high acidity, inflammatory conditions; May aggravate Pitta dosha; avoid in burning sensation, ulcers, bleeding disorders; Consult an Ayurvedic practitioner before use during pregnancy or lactation","Vata, Kapha",Pitta,False,/p/bhutika.html
Chakragaja,,,Celosia argentea is a diuretic and is used for treating urinary stones and painful urination.,Madhura,"Laghu, Ruksha",Sheeta,Madhura,"Mutrala, Ashmaribhedana",Celosia argentea is a diuretic and is used for treating urinary stones and painful urination.; Urinary,Urinary,"Use with caution in Kapha aggravation, cold conditions, low digestive fire; May aggravate Vata dosha; avoid in dry skin, constipation, anxiety conditions; Consult an Ayurvedic practitioner before use during pregnancy or lactation","Pitta, Kapha",Vata,False,/p/chakragaja.html
Chhatraka,,,"Mushroom is a heavy, nourishing food that can increase Kapha and is difficult to digest for some.",Madhura,"Guru, Snigdha",Sheeta,Madhura,"Balya, Brimhaniya","Mushroom is a heavy, nourishing food that can increase Kapha and is difficult to digest for some.; Nutritive; Strengthening","Nutritive, Strengthening","Use with caution in Kapha aggravation, cold conditions, low digestive fire; May aggravate Pitta dosha; avoid in burning sensation, ulcers, bleeding disorders; May aggravate Kapha dosha; avoid in congestion, obesity, lethargy conditions; Consult an Ayurvedic practitioner before use during pregnancy or lactation",Vata,"Kapha, Pitta",False,/p/chhatraka.html
Dhamargava,,,"Luffa cylindrica (Ridge Gourd) is a vegetable used for its detoxifying properties, especially for the liver.",Tikta,"Laghu, Ruksha",Ushna,Katu,"Vamana, Yakrituttejaka","Hepatoprotective; Luffa cylindrica (Ridge Gourd) is a vegetable used for its detoxifying properties, especially for the liver.",Hepatoprotective,"Use with caution in Pitta aggravation, high acidity, inflammatory conditions; May aggravate Vata dosha; avoid in dry skin, constipation, anxiety conditions; Consult an Ayurvedic practitioner before use during pregnancy or lactation","Kapha, Pitta",Vata,False,/p/dhamargava.html
Gavedhuka,,,"Coix lacryma-jobi (Job's Tears) is a diuretic and nourishing grain, used for edema and obesity.","Madhura, Kashaya","Laghu, Ruksha",Ushna,Madhura,"Lekhana, Mutrala","Coix lacryma-jobi (Job's Tears) is a diuretic and nourishing grain, used for edema and obesity.; Metabolic; Urinary","Metabolic, Urinary","Use with caution in Pitta aggravation, high acidity, inflammatory conditions; May aggravate Vata dosha; avoid in dry skin, constipation, anxiety conditions; Consult an Ayurvedic practitioner before use during pregnancy or lactation","Kapha, Pitta",Vata,False,/p/gavedhuka.html
Kshavaka,,,Centipeda minima is a pungent herb used to induce sneezing and clear the nasal passages.,Katu,"Tikshna, Laghu",Ushna,Katu,"Kasahara, Shoolaghna",Analgesic; Centipeda minima is a pungent herb used to induce sneezing and clear the nasal passages.; Respiratory,"Analgesic, Respiratory","Use with caution in Pitta aggravation, high acidity, inflammatory conditions; May aggravate Pitta dosha; avoid in burning sensation, ulcers, bleeding disorders; Consult an Ayurvedic practitioner before use during pregnancy or lactation","Kapha, Vata",Pitta,False,/p/kshavaka.html
Kurabaka,,,Barleria cristata is used for its anti-inflammatory properties in treating swelling and pain.,Tikta,Laghu,Ushna,Katu,"Shothahara, Vedanasthapana",Analgesic; Anti-inflammatory; Barleria cristata is used for its anti-inflammatory properties in treating swelling and pain.,"Analgesic, Anti-inflammatory","Use with caution in Pitta aggravation, high acidity, inflammatory conditions; May aggravate Pitta dosha; avoid in burning sensation, ulcers, bleeding disorders; Consult an Ayurvedic practitioner before use during pregnancy or lactation","Vata, Kapha",Pitta,False,/p/kurabaka.html
Mamsarohini,,,Soymida febrifuga is a potent astringent used for wound healing and treating diarrhea.,Kashaya,"Laghu, Ruksha",Sheeta,Katu,"Vranaropana, Grahi",Digestive; Soymida febrifuga is a potent astringent used for wound healing and treating diarrhea.,Digestive,"Use with caution in Kapha aggravation, cold conditions, low digestive fire; May aggravate Vata dosha; avoid in dry skin, constipation, anxiety conditions; Consult an Ayurvedic practitioner before use during pregnancy or lactation","Pitta, Kapha",Vata,False,/p/mamsarohini.html
Medasaka,,,"Litsea glutinosa is used as a demulcent and for its anti-inflammatory properties, especially in poultices.","Madhura, Kashaya","Guru, Snigdha",Ushna,Madhura,"Shothahara, Balya","Anti-inflammatory; Litsea glutinosa is used as a demulcent and for its anti-inflammatory properties, especially in poultices.; Strengthening","Anti-inflammatory, Strengthening","Use with caution in Pitta aggravation, high acidity, inflammatory conditions; May aggravate Kapha dosha; avoid in congestion, obesity, lethargy conditions; Consult an Ayurvedic practitioner before use during pregnancy or lactation","Vata, Pitta",Kapha,False,/p/medasaka.html
Icchabhedi rasa,,,"A potent purgative formulation containing Jayapala, used for rapid detoxification and treating severe constipation.",Katu,"Tikshna, Laghu",Ushna,Katu,Virechana,"A potent purgative formulation containing Jayapala, used for rapid detoxification and treating severe constipation.; Purgative",Purgative,"Use with caution in Pitta aggravation, high acidity, inflammatory conditions; May aggravate Pitta dosha; avoid in burning sensation, ulcers, bleeding disorders; Consult an Ayurvedic practitioner before use during pregnancy or lactation","Kapha, Vata",Pitta,False,/p/icchabhedi-rasa.html
Aivana,,,"Hyoscyamus niger (Henbane) is a toxic nervine sedative used in purified, minute doses for pain and convulsions.","Tikta, Katu","Guru, Ruksha",Ushna,Katu,"Vedanasthapana, Madakari","Analgesic; Hyoscyamus niger (Henbane) is a toxic nervine sedative used in purified, minute doses for pain and convulsions.",Analgesic,"Use with caution in Pitta aggravation, high acidity, inflammatory conditions; May aggravate Pitta dosha; avoid in burning sensation, ulcers, bleeding disorders; Consult an Ayurvedic practitioner before use during pregnancy or lactation","Vata, Kapha",Pitta,False,/p/aivana.html
Asphota,,,"A variety of Aparajita (Clitoria ternatea), sharing its brain-tonic and calming properties.","Tikta, Kashaya",Laghu,Sheeta,Katu,"Medhya, Vishaghna","A variety of Aparajita (Clitoria ternatea), sharing its brain-tonic and calming properties.; Anti-toxic; Neurological","Anti-toxic, Neurological","Use with caution in Kapha aggravation, cold conditions, low digestive fire; May aggravate Kapha dosha; avoid in congestion, obesity, lethargy conditions; Consult an Ayurvedic practitioner before use during pregnancy or lactation","Vata, Pitta",Kapha,False,/p/asphota.html
Brihatyadi Kashayam,,,"A decoction including Brihati, used for urinary tract disorders like dysuria and cystitis.","Tikta, Madhura",Laghu,Sheeta,Madhura,"Mutrala, Vatahara","A decoction including Brihati, used for urinary tract disorders like dysuria and cystitis.; Urinary",Urinary,"Use with caution in Kapha aggravation, cold conditions, low digestive fire; May aggravate Kapha dosha; avoid in congestion, obesity, lethargy conditions; Consult an Ayurvedic practitioner before use during pregnancy or lactation","Vata, Pitta",Kapha,False,/p/brihatyadi-kashayam.html
